0 verbose cli C:\Program Files\nodejs\node.exe C:\Users\Juan David\AppData\Roaming\npm\node_modules\npm\bin\npm-cli.js
1 info using npm@11.10.0
2 info using node@v24.11.1
3 silly config load:file:C:\Users\Juan David\AppData\Roaming\npm\node_modules\npm\npmrc
4 silly config load:file:C:\Users\Juan David\TiendaVirtual\tiendavirtual\.npmrc
5 silly config load:file:C:\Users\Juan David\.npmrc
6 silly config load:file:C:\Users\Juan David\AppData\Roaming\npm\etc\npmrc
7 verbose title npm install tailwindcss @tailwindcss/vite
8 verbose argv "install" "--save-dev" "tailwindcss" "@tailwindcss/vite"
9 verbose logfile logs-max:10 dir:C:\Users\Juan David\TiendaVirtual\tiendavirtual\%USERPROFILE%\AppData\Local\npm-cache\_logs\2026-02-14T15_45_46_285Z-
10 verbose logfile C:\Users\Juan David\TiendaVirtual\tiendavirtual\%USERPROFILE%\AppData\Local\npm-cache\_logs\2026-02-14T15_45_46_285Z-debug-0.log
11 silly logfile start cleaning logs, removing 1 files
12 silly packumentCache heap:2348810240 maxSize:587202560 maxEntrySize:293601280
13 silly logfile done cleaning log files
14 warn idealTree Removing dependencies.@tailwindcss/vite in favor of devDependencies.@tailwindcss/vite
15 silly idealTree buildDeps
16 silly fetch manifest react@^19.2.1
17 silly packumentCache full:https://registry.npmjs.org/react cache-miss
18 http fetch GET 200 https://registry.npmjs.org/react 472ms (cache revalidated)
19 silly packumentCache full:https://registry.npmjs.org/react set size:6484332 disposed:false
20 silly fetch manifest react-dom@^19.2.1
21 silly packumentCache full:https://registry.npmjs.org/react-dom cache-miss
22 http fetch GET 200 https://registry.npmjs.org/react-dom 116ms (cache revalidated)
23 silly packumentCache full:https://registry.npmjs.org/react-dom set size:8583741 disposed:false
24 silly fetch manifest react-icons@^5.5.0
25 silly packumentCache full:https://registry.npmjs.org/react-icons cache-miss
26 http fetch GET 200 https://registry.npmjs.org/react-icons 91ms (cache revalidated)
27 silly packumentCache full:https://registry.npmjs.org/react-icons set size:263561 disposed:false
28 silly fetch manifest react-router-dom@^7.10.1
29 silly packumentCache full:https://registry.npmjs.org/react-router-dom cache-miss
30 http fetch GET 200 https://registry.npmjs.org/react-router-dom 104ms (cache revalidated)
31 silly packumentCache full:https://registry.npmjs.org/react-router-dom set size:2751851 disposed:false
32 silly fetch manifest react-toastify@^11.0.5
33 silly packumentCache full:https://registry.npmjs.org/react-toastify cache-miss
34 http fetch GET 200 https://registry.npmjs.org/react-toastify 245ms (cache revalidated)
35 silly packumentCache full:https://registry.npmjs.org/react-toastify set size:717317 disposed:false
36 silly fetch manifest @eslint/js@^9.39.1
37 silly packumentCache full:https://registry.npmjs.org/@eslint%2fjs cache-miss
38 http fetch GET 200 https://registry.npmjs.org/@eslint%2fjs 103ms (cache revalidated)
39 silly packumentCache full:https://registry.npmjs.org/@eslint%2fjs set size:139563 disposed:false
40 silly fetch manifest @types/node@^24.10.1
41 silly packumentCache full:https://registry.npmjs.org/@types%2fnode cache-miss
42 http fetch GET 200 https://registry.npmjs.org/@types%2fnode 141ms (cache revalidated)
43 silly packumentCache full:https://registry.npmjs.org/@types%2fnode set size:10858893 disposed:false
44 silly fetch manifest @types/react@^19.2.5
45 silly packumentCache full:https://registry.npmjs.org/@types%2freact cache-miss
46 http fetch GET 200 https://registry.npmjs.org/@types%2freact 110ms (cache revalidated)
47 silly packumentCache full:https://registry.npmjs.org/@types%2freact set size:2588986 disposed:false
48 silly fetch manifest @types/react-dom@^19.2.3
49 silly packumentCache full:https://registry.npmjs.org/@types%2freact-dom cache-miss
50 http fetch GET 200 https://registry.npmjs.org/@types%2freact-dom 113ms (cache revalidated)
51 silly packumentCache full:https://registry.npmjs.org/@types%2freact-dom set size:429026 disposed:false
52 silly fetch manifest @vitejs/plugin-react@^5.1.1
53 silly packumentCache full:https://registry.npmjs.org/@vitejs%2fplugin-react cache-miss
54 http fetch GET 200 https://registry.npmjs.org/@vitejs%2fplugin-react 107ms (cache revalidated)
55 silly packumentCache full:https://registry.npmjs.org/@vitejs%2fplugin-react set size:251316 disposed:false
56 silly fetch manifest vite@^7.2.4
57 silly packumentCache full:https://registry.npmjs.org/vite cache-miss
58 http fetch GET 200 https://registry.npmjs.org/vite 333ms (cache revalidated)
59 silly packumentCache full:https://registry.npmjs.org/vite set size:38723061 disposed:false
60 silly fetch manifest jiti@>=1.21.0
61 silly packumentCache full:https://registry.npmjs.org/jiti cache-miss
62 http fetch GET 200 https://registry.npmjs.org/jiti 92ms (cache revalidated)
63 silly packumentCache full:https://registry.npmjs.org/jiti set size:382310 disposed:false
64 silly fetch manifest less@^4.0.0
65 silly packumentCache full:https://registry.npmjs.org/less cache-miss
66 http fetch GET 200 https://registry.npmjs.org/less 94ms (cache revalidated)
67 silly packumentCache full:https://registry.npmjs.org/less set size:430648 disposed:false
68 silly fetch manifest lightningcss@^1.21.0
69 silly packumentCache full:https://registry.npmjs.org/lightningcss cache-miss
70 http fetch GET 200 https://registry.npmjs.org/lightningcss 89ms (cache revalidated)
71 silly packumentCache full:https://registry.npmjs.org/lightningcss set size:182441 disposed:false
72 silly fetch manifest sass@^1.70.0
73 silly packumentCache full:https://registry.npmjs.org/sass cache-miss
74 http fetch GET 200 https://registry.npmjs.org/sass 87ms (cache revalidated)
75 silly packumentCache full:https://registry.npmjs.org/sass set size:722061 disposed:false
76 silly fetch manifest sass-embedded@^1.70.0
77 silly packumentCache full:https://registry.npmjs.org/sass-embedded cache-miss
78 http fetch GET 200 https://registry.npmjs.org/sass-embedded 87ms (cache revalidated)
79 silly packumentCache full:https://registry.npmjs.org/sass-embedded set size:407397 disposed:false
80 silly fetch manifest stylus@>=0.54.8
81 silly packumentCache full:https://registry.npmjs.org/stylus cache-miss
82 http fetch GET 200 https://registry.npmjs.org/stylus 89ms (cache revalidated)
83 silly packumentCache full:https://registry.npmjs.org/stylus set size:286766 disposed:false
84 silly fetch manifest sugarss@^5.0.0
85 silly packumentCache full:https://registry.npmjs.org/sugarss cache-miss
86 http fetch GET 200 https://registry.npmjs.org/sugarss 88ms (cache revalidated)
87 silly packumentCache full:https://registry.npmjs.org/sugarss set size:44975 disposed:false
88 silly fetch manifest postcss@^8.5.6
89 silly packumentCache full:https://registry.npmjs.org/postcss cache-miss
90 http fetch GET 200 https://registry.npmjs.org/postcss 89ms (cache revalidated)
91 silly packumentCache full:https://registry.npmjs.org/postcss set size:696248 disposed:false
92 silly fetch manifest terser@^5.16.0
93 silly packumentCache full:https://registry.npmjs.org/terser cache-miss
94 http fetch GET 200 https://registry.npmjs.org/terser 89ms (cache revalidated)
95 silly packumentCache full:https://registry.npmjs.org/terser set size:786629 disposed:false
96 silly fetch manifest tsx@^4.8.1
97 silly packumentCache full:https://registry.npmjs.org/tsx cache-miss
98 http fetch GET 200 https://registry.npmjs.org/tsx 92ms (cache revalidated)
99 silly packumentCache full:https://registry.npmjs.org/tsx set size:289592 disposed:false
100 silly fetch manifest yaml@^2.4.2
101 silly packumentCache full:https://registry.npmjs.org/yaml cache-miss
102 http fetch GET 200 https://registry.npmjs.org/yaml 110ms (cache revalidated)
103 silly packumentCache full:https://registry.npmjs.org/yaml set size:361552 disposed:false
104 silly fetch manifest autoprefixer@^10.4.24
105 silly packumentCache full:https://registry.npmjs.org/autoprefixer cache-miss
106 http fetch GET 200 https://registry.npmjs.org/autoprefixer 95ms (cache revalidated)
107 silly packumentCache full:https://registry.npmjs.org/autoprefixer set size:1273128 disposed:false
108 silly fetch manifest eslint@^9.39.1
109 silly packumentCache full:https://registry.npmjs.org/eslint cache-miss
110 http fetch GET 200 https://registry.npmjs.org/eslint 89ms (cache revalidated)
111 silly packumentCache full:https://registry.npmjs.org/eslint set size:1929113 disposed:false
112 silly fetch manifest jiti@*
113 silly packumentCache full:https://registry.npmjs.org/jiti cache-hit
114 silly fetch manifest eslint-plugin-react-hooks@^7.0.1
115 silly packumentCache full:https://registry.npmjs.org/eslint-plugin-react-hooks cache-miss
116 http fetch GET 200 https://registry.npmjs.org/eslint-plugin-react-hooks 113ms (cache revalidated)
117 silly packumentCache full:https://registry.npmjs.org/eslint-plugin-react-hooks set size:7135980 disposed:false
118 silly fetch manifest eslint-plugin-react-refresh@^0.4.24
119 silly packumentCache full:https://registry.npmjs.org/eslint-plugin-react-refresh cache-miss
120 http fetch GET 200 https://registry.npmjs.org/eslint-plugin-react-refresh 101ms (cache revalidated)
121 silly packumentCache full:https://registry.npmjs.org/eslint-plugin-react-refresh set size:86984 disposed:false
122 silly fetch manifest globals@^16.5.0
123 silly packumentCache full:https://registry.npmjs.org/globals cache-miss
124 http fetch GET 200 https://registry.npmjs.org/globals 105ms (cache revalidated)
125 silly packumentCache full:https://registry.npmjs.org/globals set size:304921 disposed:false
126 silly fetch manifest typescript@~5.9.3
127 silly packumentCache full:https://registry.npmjs.org/typescript cache-miss
128 http fetch GET 200 https://registry.npmjs.org/typescript 129ms (cache revalidated)
129 silly packumentCache full:https://registry.npmjs.org/typescript set size:15246325 disposed:false
130 silly fetch manifest typescript-eslint@^8.46.4
131 silly packumentCache full:https://registry.npmjs.org/typescript-eslint cache-miss
132 http fetch GET 200 https://registry.npmjs.org/typescript-eslint 109ms (cache revalidated)
133 silly packumentCache full:https://registry.npmjs.org/typescript-eslint set size:3577760 disposed:false
134 silly fetch manifest tailwindcss@*
135 silly packumentCache full:https://registry.npmjs.org/tailwindcss cache-miss
136 http fetch GET 200 https://registry.npmjs.org/tailwindcss 128ms (cache revalidated)
137 silly packumentCache full:https://registry.npmjs.org/tailwindcss set size:10163990 disposed:false
138 silly fetch manifest @tailwindcss/vite@*
139 silly packumentCache full:https://registry.npmjs.org/@tailwindcss%2fvite cache-miss
140 http fetch GET 200 https://registry.npmjs.org/@tailwindcss%2fvite 230ms (cache revalidated)
141 silly packumentCache full:https://registry.npmjs.org/@tailwindcss%2fvite set size:1822793 disposed:false
142 silly placeDep ROOT @eslint/js@9.39.2 OK for: tiendavirtual@0.0.0 want: ^9.39.1
143 silly placeDep ROOT @tailwindcss/vite@4.1.18 OK for: tiendavirtual@0.0.0 want: *
144 silly placeDep ROOT vite@7.3.1 OK for: @tailwindcss/vite@4.1.18 want: ^5.2.0 || ^6 || ^7
145 silly placeDep ROOT @types/node@24.10.13 OK for: tiendavirtual@0.0.0 want: ^24.10.1
146 silly placeDep ROOT @types/react@19.2.14 OK for: tiendavirtual@0.0.0 want: ^19.2.5
147 silly placeDep ROOT @types/react-dom@19.2.3 OK for: tiendavirtual@0.0.0 want: ^19.2.3
148 silly placeDep ROOT @vitejs/plugin-react@5.1.4 OK for: tiendavirtual@0.0.0 want: ^5.1.1
149 silly placeDep ROOT autoprefixer@10.4.24 OK for: tiendavirtual@0.0.0 want: ^10.4.24
150 silly placeDep ROOT postcss@8.5.6 OK for: autoprefixer@10.4.24 want: ^8.1.0
151 silly placeDep ROOT eslint@9.39.2 OK for: tiendavirtual@0.0.0 want: ^9.39.1
152 silly placeDep ROOT eslint-plugin-react-hooks@7.0.1 OK for: tiendavirtual@0.0.0 want: ^7.0.1
153 silly placeDep ROOT eslint-plugin-react-refresh@0.4.26 OK for: tiendavirtual@0.0.0 want: ^0.4.24
154 silly placeDep ROOT globals@16.5.0 OK for: tiendavirtual@0.0.0 want: ^16.5.0
155 silly placeDep ROOT react@19.2.4 OK for: tiendavirtual@0.0.0 want: ^19.2.1
156 silly placeDep ROOT react-dom@19.2.4 OK for: tiendavirtual@0.0.0 want: ^19.2.1
157 silly placeDep ROOT react-icons@5.5.0 OK for: tiendavirtual@0.0.0 want: ^5.5.0
158 silly placeDep ROOT react-router-dom@7.13.0 OK for: tiendavirtual@0.0.0 want: ^7.10.1
159 silly placeDep ROOT react-toastify@11.0.5 OK for: tiendavirtual@0.0.0 want: ^11.0.5
160 silly placeDep ROOT tailwindcss@4.1.18 OK for: tiendavirtual@0.0.0 want: *
161 silly placeDep ROOT typescript@5.9.3 OK for: tiendavirtual@0.0.0 want: ~5.9.3
162 silly placeDep ROOT typescript-eslint@8.55.0 OK for: tiendavirtual@0.0.0 want: ^8.46.4
163 silly fetch manifest tailwindcss@4.1.18
164 silly packumentCache full:https://registry.npmjs.org/tailwindcss cache-miss
165 silly fetch manifest @tailwindcss/node@4.1.18
166 silly packumentCache full:https://registry.npmjs.org/@tailwindcss%2fnode cache-miss
167 silly fetch manifest @tailwindcss/oxide@4.1.18
168 silly packumentCache full:https://registry.npmjs.org/@tailwindcss%2foxide cache-miss
169 silly fetch manifest fdir@^6.5.0
170 silly packumentCache full:https://registry.npmjs.org/fdir cache-miss
171 silly fetch manifest rollup@^4.43.0
172 silly packumentCache full:https://registry.npmjs.org/rollup cache-miss
173 silly fetch manifest esbuild@^0.27.0
174 silly packumentCache full:https://registry.npmjs.org/esbuild cache-miss
175 silly fetch manifest picomatch@^4.0.3
176 silly packumentCache full:https://registry.npmjs.org/picomatch cache-miss
177 http cache https://registry.npmjs.org/tailwindcss 48ms (cache hit)
178 silly packumentCache full:https://registry.npmjs.org/tailwindcss set size:10163990 disposed:false
179 silly fetch manifest tinyglobby@^0.2.15
180 silly packumentCache full:https://registry.npmjs.org/tinyglobby cache-miss
181 http fetch GET 200 https://registry.npmjs.org/rollup 121ms (cache revalidated)
182 silly packumentCache full:https://registry.npmjs.org/rollup set size:6086736 disposed:false
183 silly fetch manifest fsevents@~2.3.3
184 silly packumentCache full:https://registry.npmjs.org/fsevents cache-miss
185 http fetch GET 200 https://registry.npmjs.org/tinyglobby 91ms (cache revalidated)
186 silly packumentCache full:https://registry.npmjs.org/tinyglobby set size:49812 disposed:false
187 silly fetch manifest undici-types@~7.16.0
188 silly packumentCache full:https://registry.npmjs.org/undici-types cache-miss
189 http fetch GET 200 https://registry.npmjs.org/undici-types 87ms (cache revalidated)
190 silly packumentCache full:https://registry.npmjs.org/undici-types set size:171546 disposed:false
191 silly fetch manifest csstype@^3.2.2
192 silly packumentCache full:https://registry.npmjs.org/csstype cache-miss
193 http fetch GET 200 https://registry.npmjs.org/fdir 319ms (cache revalidated)
194 silly packumentCache full:https://registry.npmjs.org/fdir set size:136182 disposed:false
195 silly fetch manifest @babel/core@^7.29.0
196 silly packumentCache full:https://registry.npmjs.org/@babel%2fcore cache-miss
197 http fetch GET 200 https://registry.npmjs.org/picomatch 319ms (cache revalidated)
198 silly packumentCache full:https://registry.npmjs.org/picomatch set size:118818 disposed:false
199 silly fetch manifest @babel/plugin-transform-react-jsx-self@^7.27.1
200 silly packumentCache full:https://registry.npmjs.org/@babel%2fplugin-transform-react-jsx-self cache-miss
201 http fetch GET 200 https://registry.npmjs.org/esbuild 331ms (cache revalidated)
202 silly packumentCache full:https://registry.npmjs.org/esbuild set size:1242223 disposed:false
203 silly fetch manifest @babel/plugin-transform-react-jsx-source@^7.27.1
204 silly packumentCache full:https://registry.npmjs.org/@babel%2fplugin-transform-react-jsx-source cache-miss
205 http fetch GET 200 https://registry.npmjs.org/@tailwindcss%2foxide 364ms (cache revalidated)
206 silly packumentCache full:https://registry.npmjs.org/@tailwindcss%2foxide set size:4022757 disposed:false
207 silly fetch manifest @rolldown/pluginutils@1.0.0-rc.3
208 silly packumentCache full:https://registry.npmjs.org/@rolldown%2fpluginutils cache-miss
209 http fetch GET 200 https://registry.npmjs.org/csstype 116ms (cache revalidated)
210 silly packumentCache full:https://registry.npmjs.org/csstype set size:274189 disposed:false
211 silly fetch manifest @types/babel__core@^7.20.5
212 silly packumentCache full:https://registry.npmjs.org/@types%2fbabel__core cache-miss
213 http fetch GET 200 https://registry.npmjs.org/@tailwindcss%2fnode 401ms (cache revalidated)
214 silly packumentCache full:https://registry.npmjs.org/@tailwindcss%2fnode set size:1841031 disposed:false
215 silly fetch manifest react-refresh@^0.18.0
216 silly packumentCache full:https://registry.npmjs.org/react-refresh cache-miss
217 http fetch GET 200 https://registry.npmjs.org/@babel%2fcore 126ms (cache revalidated)
218 silly packumentCache full:https://registry.npmjs.org/@babel%2fcore set size:752167 disposed:false
219 silly fetch manifest browserslist@^4.28.1
220 silly packumentCache full:https://registry.npmjs.org/browserslist cache-miss
221 http fetch GET 200 https://registry.npmjs.org/@babel%2fplugin-transform-react-jsx-source 116ms (cache revalidated)
222 silly packumentCache full:https://registry.npmjs.org/@babel%2fplugin-transform-react-jsx-source set size:203114 disposed:false
223 silly fetch manifest caniuse-lite@^1.0.30001766
224 silly packumentCache full:https://registry.npmjs.org/caniuse-lite cache-miss
225 http fetch GET 200 https://registry.npmjs.org/@babel%2fplugin-transform-react-jsx-self 137ms (cache revalidated)
226 silly packumentCache full:https://registry.npmjs.org/@babel%2fplugin-transform-react-jsx-self set size:198119 disposed:false
227 silly fetch manifest fraction.js@^5.3.4
228 silly packumentCache full:https://registry.npmjs.org/fraction.js cache-miss
229 http fetch GET 200 https://registry.npmjs.org/fsevents 311ms (cache revalidated)
230 silly packumentCache full:https://registry.npmjs.org/fsevents set size:182472 disposed:false
231 silly fetch manifest picocolors@^1.1.1
232 silly packumentCache full:https://registry.npmjs.org/picocolors cache-miss
233 http fetch GET 200 https://registry.npmjs.org/@rolldown%2fpluginutils 109ms (cache revalidated)
234 silly packumentCache full:https://registry.npmjs.org/@rolldown%2fpluginutils set size:256590 disposed:false
235 silly fetch manifest postcss-value-parser@^4.2.0
236 silly packumentCache full:https://registry.npmjs.org/postcss-value-parser cache-miss
237 http fetch GET 200 https://registry.npmjs.org/react-refresh 106ms (cache revalidated)
238 silly packumentCache full:https://registry.npmjs.org/react-refresh set size:6186984 disposed:false
239 silly fetch manifest nanoid@^3.3.11
240 silly packumentCache full:https://registry.npmjs.org/nanoid cache-miss
241 http fetch GET 200 https://registry.npmjs.org/browserslist 97ms (cache revalidated)
242 silly packumentCache full:https://registry.npmjs.org/browserslist set size:502989 disposed:false
243 silly fetch manifest picocolors@^1.1.1
244 silly packumentCache full:https://registry.npmjs.org/picocolors cache-miss
245 http fetch GET 200 https://registry.npmjs.org/picocolors 90ms (cache revalidated)
246 silly packumentCache full:https://registry.npmjs.org/picocolors set size:16648 disposed:false
247 silly fetch manifest source-map-js@^1.2.1
248 silly packumentCache full:https://registry.npmjs.org/source-map-js cache-miss
249 http fetch GET 200 https://registry.npmjs.org/fraction.js 101ms (cache revalidated)
250 silly packumentCache full:https://registry.npmjs.org/fraction.js set size:149386 disposed:false
251 silly fetch manifest ajv@^6.12.4
252 silly packumentCache full:https://registry.npmjs.org/ajv cache-miss
253 http fetch GET 200 https://registry.npmjs.org/caniuse-lite 117ms (cache revalidated)
254 silly packumentCache full:https://registry.npmjs.org/caniuse-lite set size:2252610 disposed:false
255 silly fetch manifest chalk@^4.0.0
256 silly packumentCache full:https://registry.npmjs.org/chalk cache-miss
257 http fetch GET 200 https://registry.npmjs.org/postcss-value-parser 101ms (cache revalidated)
258 silly packumentCache full:https://registry.npmjs.org/postcss-value-parser set size:73484 disposed:false
259 silly fetch manifest debug@^4.3.2
260 silly packumentCache full:https://registry.npmjs.org/debug cache-miss
261 http fetch GET 200 https://registry.npmjs.org/nanoid 97ms (cache revalidated)
262 silly packumentCache full:https://registry.npmjs.org/nanoid set size:298419 disposed:false
263 silly fetch manifest espree@^10.4.0
264 silly packumentCache full:https://registry.npmjs.org/espree cache-miss
265 http fetch GET 200 https://registry.npmjs.org/picocolors 85ms (cache revalidated)
266 silly packumentCache full:https://registry.npmjs.org/picocolors set size:16648 disposed:false
267 silly packumentCache full:https://registry.npmjs.org/picocolors dispose
268 silly fetch manifest ignore@^5.2.0
269 silly packumentCache full:https://registry.npmjs.org/ignore cache-miss
270 http fetch GET 200 https://registry.npmjs.org/ajv 120ms (cache updated)
271 silly packumentCache full:https://registry.npmjs.org/ajv set size:undefined disposed:false
272 silly fetch manifest esquery@^1.5.0
273 silly packumentCache full:https://registry.npmjs.org/esquery cache-miss
274 http fetch GET 200 https://registry.npmjs.org/chalk 103ms (cache revalidated)
275 silly packumentCache full:https://registry.npmjs.org/chalk set size:117861 disposed:false
276 silly fetch manifest esutils@^2.0.2
277 silly packumentCache full:https://registry.npmjs.org/esutils cache-miss
278 http fetch GET 200 https://registry.npmjs.org/debug 100ms (cache revalidated)
279 silly packumentCache full:https://registry.npmjs.org/debug set size:195840 disposed:false
280 silly fetch manifest find-up@^5.0.0
281 silly packumentCache full:https://registry.npmjs.org/find-up cache-miss
282 http fetch GET 200 https://registry.npmjs.org/source-map-js 143ms (cache revalidated)
283 silly packumentCache full:https://registry.npmjs.org/source-map-js set size:62640 disposed:false
284 silly fetch manifest is-glob@^4.0.0
285 silly packumentCache full:https://registry.npmjs.org/is-glob cache-miss
286 http fetch GET 200 https://registry.npmjs.org/espree 99ms (cache revalidated)
287 silly packumentCache full:https://registry.npmjs.org/espree set size:320553 disposed:false
288 silly fetch manifest minimatch@^3.1.2
289 silly packumentCache full:https://registry.npmjs.org/minimatch cache-miss
290 http fetch GET 200 https://registry.npmjs.org/ignore 102ms (cache revalidated)
291 silly packumentCache full:https://registry.npmjs.org/ignore set size:237380 disposed:false
292 silly fetch manifest optionator@^0.9.3
293 silly packumentCache full:https://registry.npmjs.org/optionator cache-miss
294 http fetch GET 200 https://registry.npmjs.org/@types%2fbabel__core 380ms (cache revalidated)
295 silly packumentCache full:https://registry.npmjs.org/@types%2fbabel__core set size:88676 disposed:false
296 silly fetch manifest cross-spawn@^7.0.6
297 silly packumentCache full:https://registry.npmjs.org/cross-spawn cache-miss
298 http fetch GET 200 https://registry.npmjs.org/esutils 94ms (cache revalidated)
299 silly packumentCache full:https://registry.npmjs.org/esutils set size:29522 disposed:false
300 silly fetch manifest glob-parent@^6.0.2
301 silly packumentCache full:https://registry.npmjs.org/glob-parent cache-miss
302 http fetch GET 200 https://registry.npmjs.org/esquery 105ms (cache revalidated)
303 silly packumentCache full:https://registry.npmjs.org/esquery set size:48888 disposed:false
304 silly fetch manifest imurmurhash@^0.1.4
305 silly packumentCache full:https://registry.npmjs.org/imurmurhash cache-miss
306 http fetch GET 200 https://registry.npmjs.org/is-glob 93ms (cache revalidated)
307 silly packumentCache full:https://registry.npmjs.org/is-glob set size:40530 disposed:false
308 silly fetch manifest @eslint/core@^0.17.0
309 silly packumentCache full:https://registry.npmjs.org/@eslint%2fcore cache-miss
310 http fetch GET 200 https://registry.npmjs.org/find-up 130ms (cache revalidated)
311 silly packumentCache full:https://registry.npmjs.org/find-up set size:42620 disposed:false
312 silly fetch manifest eslint-scope@^8.4.0
313 silly packumentCache full:https://registry.npmjs.org/eslint-scope cache-miss
314 http fetch GET 200 https://registry.npmjs.org/optionator 95ms (cache revalidated)
315 silly packumentCache full:https://registry.npmjs.org/optionator set size:49651 disposed:false
316 silly fetch manifest lodash.merge@^4.6.2
317 silly packumentCache full:https://registry.npmjs.org/lodash.merge cache-miss
318 http fetch GET 200 https://registry.npmjs.org/minimatch 102ms (cache revalidated)
319 silly packumentCache full:https://registry.npmjs.org/minimatch set size:310964 disposed:false
320 silly fetch manifest @humanfs/node@^0.16.6
321 silly packumentCache full:https://registry.npmjs.org/@humanfs%2fnode cache-miss
322 http fetch GET 200 https://registry.npmjs.org/cross-spawn 88ms (cache revalidated)
323 silly packumentCache full:https://registry.npmjs.org/cross-spawn set size:109066 disposed:false
324 silly fetch manifest @types/estree@^1.0.6
325 silly packumentCache full:https://registry.npmjs.org/@types%2festree cache-miss
326 http fetch GET 200 https://registry.npmjs.org/imurmurhash 88ms (cache revalidated)
327 silly packumentCache full:https://registry.npmjs.org/imurmurhash set size:35819 disposed:false
328 silly fetch manifest fast-deep-equal@^3.1.3
329 silly packumentCache full:https://registry.npmjs.org/fast-deep-equal cache-miss
330 http fetch GET 200 https://registry.npmjs.org/glob-parent 93ms (cache revalidated)
331 silly packumentCache full:https://registry.npmjs.org/glob-parent set size:42445 disposed:false
332 silly fetch manifest natural-compare@^1.4.0
333 silly packumentCache full:https://registry.npmjs.org/natural-compare cache-miss
334 http fetch GET 200 https://registry.npmjs.org/@eslint%2fcore 105ms (cache revalidated)
335 silly packumentCache full:https://registry.npmjs.org/@eslint%2fcore set size:51452 disposed:false
336 silly fetch manifest @eslint/eslintrc@^3.3.1
337 silly packumentCache full:https://registry.npmjs.org/@eslint%2feslintrc cache-miss
338 http fetch GET 200 https://registry.npmjs.org/eslint-scope 102ms (cache revalidated)
339 silly packumentCache full:https://registry.npmjs.org/eslint-scope set size:93978 disposed:false
340 silly fetch manifest file-entry-cache@^8.0.0
341 silly packumentCache full:https://registry.npmjs.org/file-entry-cache cache-miss
342 http fetch GET 200 https://registry.npmjs.org/lodash.merge 100ms (cache revalidated)
343 silly packumentCache full:https://registry.npmjs.org/lodash.merge set size:78575 disposed:false
344 silly fetch manifest @eslint/plugin-kit@^0.4.1
345 silly packumentCache full:https://registry.npmjs.org/@eslint%2fplugin-kit cache-miss
346 http fetch GET 200 https://registry.npmjs.org/@humanfs%2fnode 102ms (cache revalidated)
347 silly packumentCache full:https://registry.npmjs.org/@humanfs%2fnode set size:37704 disposed:false
348 silly fetch manifest eslint-visitor-keys@^4.2.1
349 silly packumentCache full:https://registry.npmjs.org/eslint-visitor-keys cache-miss
350 http fetch GET 200 https://registry.npmjs.org/@types%2festree 100ms (cache revalidated)
351 silly packumentCache full:https://registry.npmjs.org/@types%2festree set size:74091 disposed:false
352 silly fetch manifest @eslint/config-array@^0.21.1
353 silly packumentCache full:https://registry.npmjs.org/@eslint%2fconfig-array cache-miss
354 http fetch GET 200 https://registry.npmjs.org/fast-deep-equal 91ms (cache revalidated)
355 silly packumentCache full:https://registry.npmjs.org/fast-deep-equal set size:48634 disposed:false
356 silly fetch manifest @humanwhocodes/retry@^0.4.2
357 silly packumentCache full:https://registry.npmjs.org/@humanwhocodes%2fretry cache-miss
358 http fetch GET 200 https://registry.npmjs.org/natural-compare 103ms (cache revalidated)
359 silly packumentCache full:https://registry.npmjs.org/natural-compare set size:7852 disposed:false
360 silly fetch manifest escape-string-regexp@^4.0.0
361 silly packumentCache full:https://registry.npmjs.org/escape-string-regexp cache-miss
362 http fetch GET 200 https://registry.npmjs.org/@eslint%2feslintrc 105ms (cache revalidated)
363 silly packumentCache full:https://registry.npmjs.org/@eslint%2feslintrc set size:163118 disposed:false
364 silly fetch manifest @eslint/config-helpers@^0.4.2
365 silly packumentCache full:https://registry.npmjs.org/@eslint%2fconfig-helpers cache-miss
366 http fetch GET 200 https://registry.npmjs.org/eslint-visitor-keys 90ms (cache revalidated)
367 silly packumentCache full:https://registry.npmjs.org/eslint-visitor-keys set size:67352 disposed:false
368 silly fetch manifest @eslint-community/regexpp@^4.12.1
369 silly packumentCache full:https://registry.npmjs.org/@eslint-community%2fregexpp cache-miss
370 http fetch GET 200 https://registry.npmjs.org/file-entry-cache 99ms (cache revalidated)
371 silly packumentCache full:https://registry.npmjs.org/file-entry-cache set size:151480 disposed:false
372 silly fetch manifest @eslint-community/eslint-utils@^4.8.0
373 silly packumentCache full:https://registry.npmjs.org/@eslint-community%2feslint-utils cache-miss
374 http fetch GET 200 https://registry.npmjs.org/@eslint%2fplugin-kit 137ms (cache revalidated)
375 silly packumentCache full:https://registry.npmjs.org/@eslint%2fplugin-kit set size:65206 disposed:false
376 silly fetch manifest @humanwhocodes/module-importer@^1.0.1
377 silly packumentCache full:https://registry.npmjs.org/@humanwhocodes%2fmodule-importer cache-miss
378 http fetch GET 200 https://registry.npmjs.org/@humanwhocodes%2fretry 103ms (cache revalidated)
379 silly packumentCache full:https://registry.npmjs.org/@humanwhocodes%2fretry set size:42348 disposed:false
380 silly fetch manifest json-stable-stringify-without-jsonify@^1.0.1
381 silly packumentCache full:https://registry.npmjs.org/json-stable-stringify-without-jsonify cache-miss
382 http fetch GET 200 https://registry.npmjs.org/escape-string-regexp 93ms (cache revalidated)
383 silly packumentCache full:https://registry.npmjs.org/escape-string-regexp set size:22244 disposed:false
384 silly fetch manifest zod@^3.25.0 || ^4.0.0
385 silly packumentCache full:https://registry.npmjs.org/zod cache-miss
386 http fetch GET 200 https://registry.npmjs.org/@eslint%2fconfig-array 140ms (cache revalidated)
387 silly packumentCache full:https://registry.npmjs.org/@eslint%2fconfig-array set size:59480 disposed:false
388 silly fetch manifest @babel/core@^7.24.4
389 silly packumentCache full:https://registry.npmjs.org/@babel%2fcore cache-hit
390 silly fetch manifest @babel/parser@^7.24.4
391 silly packumentCache full:https://registry.npmjs.org/@babel%2fparser cache-miss
392 http fetch GET 200 https://registry.npmjs.org/@eslint%2fconfig-helpers 105ms (cache revalidated)
393 silly packumentCache full:https://registry.npmjs.org/@eslint%2fconfig-helpers set size:39934 disposed:false
394 silly fetch manifest hermes-parser@^0.25.1
395 silly packumentCache full:https://registry.npmjs.org/hermes-parser cache-miss
396 http fetch GET 200 https://registry.npmjs.org/@eslint-community%2fregexpp 144ms (cache revalidated)
397 silly packumentCache full:https://registry.npmjs.org/@eslint-community%2fregexpp set size:106609 disposed:false
398 silly fetch manifest zod-validation-error@^3.5.0 || ^4.0.0
399 silly packumentCache full:https://registry.npmjs.org/zod-validation-error cache-miss
400 http fetch GET 200 https://registry.npmjs.org/zod 104ms (cache revalidated)
401 silly packumentCache full:https://registry.npmjs.org/zod set size:3489329 disposed:false
402 silly fetch manifest scheduler@^0.27.0
403 silly packumentCache full:https://registry.npmjs.org/scheduler cache-miss
404 http fetch GET 200 https://registry.npmjs.org/json-stable-stringify-without-jsonify 127ms (cache revalidated)
405 silly packumentCache full:https://registry.npmjs.org/json-stable-stringify-without-jsonify set size:5808 disposed:false
406 silly fetch manifest react-router@7.13.0
407 silly packumentCache full:https://registry.npmjs.org/react-router cache-miss
408 http fetch GET 200 https://registry.npmjs.org/hermes-parser 93ms (cache revalidated)
409 silly packumentCache full:https://registry.npmjs.org/hermes-parser set size:160109 disposed:false
410 silly fetch manifest clsx@^2.1.1
411 silly packumentCache full:https://registry.npmjs.org/clsx cache-miss
412 http fetch GET 200 https://registry.npmjs.org/@babel%2fparser 112ms (cache revalidated)
413 silly packumentCache full:https://registry.npmjs.org/@babel%2fparser set size:711883 disposed:false
414 silly fetch manifest @typescript-eslint/utils@8.55.0
415 silly packumentCache full:https://registry.npmjs.org/@typescript-eslint%2futils cache-miss
416 http fetch GET 200 https://registry.npmjs.org/@eslint-community%2feslint-utils 223ms (cache revalidated)
417 silly packumentCache full:https://registry.npmjs.org/@eslint-community%2feslint-utils set size:93301 disposed:false
418 silly fetch manifest @typescript-eslint/parser@8.55.0
419 silly packumentCache full:https://registry.npmjs.org/@typescript-eslint%2fparser cache-miss
420 http fetch GET 200 https://registry.npmjs.org/@humanwhocodes%2fmodule-importer 203ms (cache revalidated)
421 silly packumentCache full:https://registry.npmjs.org/@humanwhocodes%2fmodule-importer set size:9516 disposed:false
422 silly fetch manifest @typescript-eslint/eslint-plugin@8.55.0
423 silly packumentCache full:https://registry.npmjs.org/@typescript-eslint%2feslint-plugin cache-miss
424 http fetch GET 200 https://registry.npmjs.org/zod-validation-error 130ms (cache revalidated)
425 silly packumentCache full:https://registry.npmjs.org/zod-validation-error set size:178465 disposed:false
426 silly fetch manifest @typescript-eslint/typescript-estree@8.55.0
427 silly packumentCache full:https://registry.npmjs.org/@typescript-eslint%2ftypescript-estree cache-miss
428 http fetch GET 200 https://registry.npmjs.org/scheduler 124ms (cache revalidated)
429 silly packumentCache full:https://registry.npmjs.org/scheduler set size:5384739 disposed:false
430 http fetch GET 200 https://registry.npmjs.org/react-router 147ms (cache revalidated)
431 silly packumentCache full:https://registry.npmjs.org/react-router set size:3792403 disposed:false
432 http fetch GET 200 https://registry.npmjs.org/clsx 170ms (cache revalidated)
433 silly packumentCache full:https://registry.npmjs.org/clsx set size:42506 disposed:false
434 http fetch GET 200 https://registry.npmjs.org/@typescript-eslint%2fparser 180ms (cache revalidated)
435 silly packumentCache full:https://registry.npmjs.org/@typescript-eslint%2fparser set size:14803633 disposed:false
436 http fetch GET 200 https://registry.npmjs.org/@typescript-eslint%2futils 284ms (cache revalidated)
437 silly packumentCache full:https://registry.npmjs.org/@typescript-eslint%2futils set size:9709786 disposed:false
438 http fetch GET 200 https://registry.npmjs.org/@typescript-eslint%2feslint-plugin 286ms (cache revalidated)
439 silly packumentCache full:https://registry.npmjs.org/@typescript-eslint%2feslint-plugin set size:17405313 disposed:false
440 http fetch GET 200 https://registry.npmjs.org/@typescript-eslint%2ftypescript-estree 355ms (cache revalidated)
441 silly packumentCache full:https://registry.npmjs.org/@typescript-eslint%2ftypescript-estree set size:15962639 disposed:false
442 silly placeDep ROOT @tailwindcss/node@4.1.18 OK for: @tailwindcss/vite@4.1.18 want: 4.1.18
443 silly placeDep ROOT @tailwindcss/oxide@4.1.18 OK for: @tailwindcss/vite@4.1.18 want: 4.1.18
444 silly fetch manifest jiti@^2.6.1
445 silly packumentCache full:https://registry.npmjs.org/jiti cache-hit
446 silly fetch manifest lightningcss@1.30.2
447 silly packumentCache full:https://registry.npmjs.org/lightningcss cache-hit
448 silly fetch manifest magic-string@^0.30.21
449 silly packumentCache full:https://registry.npmjs.org/magic-string cache-miss
450 silly fetch manifest enhanced-resolve@^5.18.3
451 silly packumentCache full:https://registry.npmjs.org/enhanced-resolve cache-miss
452 silly fetch manifest @jridgewell/remapping@^2.3.4
453 silly packumentCache full:https://registry.npmjs.org/@jridgewell%2fremapping cache-miss
454 silly fetch manifest @tailwindcss/oxide-darwin-x64@4.1.18
455 silly packumentCache full:https://registry.npmjs.org/@tailwindcss%2foxide-darwin-x64 cache-miss
456 silly fetch manifest @tailwindcss/oxide-freebsd-x64@4.1.18
457 silly packumentCache full:https://registry.npmjs.org/@tailwindcss%2foxide-freebsd-x64 cache-miss
458 silly fetch manifest @tailwindcss/oxide-wasm32-wasi@4.1.18
459 silly packumentCache full:https://registry.npmjs.org/@tailwindcss%2foxide-wasm32-wasi cache-miss
460 silly fetch manifest @tailwindcss/oxide-darwin-arm64@4.1.18
461 silly packumentCache full:https://registry.npmjs.org/@tailwindcss%2foxide-darwin-arm64 cache-miss
462 http fetch GET 200 https://registry.npmjs.org/magic-string 96ms (cache revalidated)
463 silly packumentCache full:https://registry.npmjs.org/magic-string set size:331817 disposed:false
464 silly fetch manifest @tailwindcss/oxide-android-arm64@4.1.18
465 silly packumentCache full:https://registry.npmjs.org/@tailwindcss%2foxide-android-arm64 cache-miss
466 http fetch GET 200 https://registry.npmjs.org/enhanced-resolve 101ms (cache revalidated)
467 silly packumentCache full:https://registry.npmjs.org/enhanced-resolve set size:349613 disposed:false
468 silly fetch manifest @tailwindcss/oxide-linux-x64-gnu@4.1.18
469 silly packumentCache full:https://registry.npmjs.org/@tailwindcss%2foxide-linux-x64-gnu cache-miss
470 http fetch GET 200 https://registry.npmjs.org/@jridgewell%2fremapping 107ms (cache revalidated)
471 silly packumentCache full:https://registry.npmjs.org/@jridgewell%2fremapping set size:23809 disposed:false
472 silly fetch manifest @tailwindcss/oxide-linux-x64-musl@4.1.18
473 silly packumentCache full:https://registry.npmjs.org/@tailwindcss%2foxide-linux-x64-musl cache-miss
474 http fetch GET 200 https://registry.npmjs.org/@tailwindcss%2foxide-wasm32-wasi 149ms (cache revalidated)
475 silly packumentCache full:https://registry.npmjs.org/@tailwindcss%2foxide-wasm32-wasi set size:1085847 disposed:false
476 silly fetch manifest @tailwindcss/oxide-win32-x64-msvc@4.1.18
477 silly packumentCache full:https://registry.npmjs.org/@tailwindcss%2foxide-win32-x64-msvc cache-miss
478 http fetch GET 200 https://registry.npmjs.org/@tailwindcss%2foxide-freebsd-x64 157ms (cache revalidated)
479 silly packumentCache full:https://registry.npmjs.org/@tailwindcss%2foxide-freebsd-x64 set size:2545209 disposed:false
480 silly fetch manifest @tailwindcss/oxide-linux-arm64-gnu@4.1.18
481 silly packumentCache full:https://registry.npmjs.org/@tailwindcss%2foxide-linux-arm64-gnu cache-miss
482 http fetch GET 200 https://registry.npmjs.org/@tailwindcss%2foxide-darwin-arm64 176ms (cache revalidated)
483 silly packumentCache full:https://registry.npmjs.org/@tailwindcss%2foxide-darwin-arm64 set size:2564516 disposed:false
484 silly fetch manifest @tailwindcss/oxide-linux-arm64-musl@4.1.18
485 silly packumentCache full:https://registry.npmjs.org/@tailwindcss%2foxide-linux-arm64-musl cache-miss
486 http fetch GET 200 https://registry.npmjs.org/@tailwindcss%2foxide-darwin-x64 189ms (cache revalidated)
487 silly packumentCache full:https://registry.npmjs.org/@tailwindcss%2foxide-darwin-x64 set size:2532585 disposed:false
488 silly fetch manifest @tailwindcss/oxide-win32-arm64-msvc@4.1.18
489 silly packumentCache full:https://registry.npmjs.org/@tailwindcss%2foxide-win32-arm64-msvc cache-miss
490 http fetch GET 200 https://registry.npmjs.org/@tailwindcss%2foxide-linux-x64-musl 112ms (cache revalidated)
491 silly packumentCache full:https://registry.npmjs.org/@tailwindcss%2foxide-linux-x64-musl set size:2594327 disposed:false
492 silly fetch manifest @tailwindcss/oxide-linux-arm-gnueabihf@4.1.18
493 silly packumentCache full:https://registry.npmjs.org/@tailwindcss%2foxide-linux-arm-gnueabihf cache-miss
494 http fetch GET 200 https://registry.npmjs.org/@tailwindcss%2foxide-android-arm64 146ms (cache revalidated)
495 silly packumentCache full:https://registry.npmjs.org/@tailwindcss%2foxide-android-arm64 set size:1703373 disposed:false
496 http fetch GET 200 https://registry.npmjs.org/@tailwindcss%2foxide-linux-x64-gnu 156ms (cache revalidated)
497 silly packumentCache full:https://registry.npmjs.org/@tailwindcss%2foxide-linux-x64-gnu set size:2584520 disposed:false
498 http fetch GET 200 https://registry.npmjs.org/@tailwindcss%2foxide-win32-x64-msvc 152ms (cache revalidated)
499 silly packumentCache full:https://registry.npmjs.org/@tailwindcss%2foxide-win32-x64-msvc set size:2570085 disposed:false
500 http fetch GET 200 https://registry.npmjs.org/@tailwindcss%2foxide-win32-arm64-msvc 137ms (cache revalidated)
501 silly packumentCache full:https://registry.npmjs.org/@tailwindcss%2foxide-win32-arm64-msvc set size:1677676 disposed:false
502 http fetch GET 200 https://registry.npmjs.org/@tailwindcss%2foxide-linux-arm64-musl 167ms (cache revalidated)
503 silly packumentCache full:https://registry.npmjs.org/@tailwindcss%2foxide-linux-arm64-musl set size:2617250 disposed:false
504 http fetch GET 200 https://registry.npmjs.org/@tailwindcss%2foxide-linux-arm-gnueabihf 140ms (cache revalidated)
505 silly packumentCache full:https://registry.npmjs.org/@tailwindcss%2foxide-linux-arm-gnueabihf set size:2629433 disposed:false
506 http fetch GET 200 https://registry.npmjs.org/@tailwindcss%2foxide-linux-arm64-gnu 235ms (cache revalidated)
507 silly packumentCache full:https://registry.npmjs.org/@tailwindcss%2foxide-linux-arm64-gnu set size:2607549 disposed:false
508 silly placeDep ROOT @jridgewell/remapping@2.3.5 OK for: @tailwindcss/node@4.1.18 want: ^2.3.4
509 silly placeDep ROOT enhanced-resolve@5.19.0 OK for: @tailwindcss/node@4.1.18 want: ^5.18.3
510 silly placeDep ROOT jiti@2.6.1 OK for: @tailwindcss/node@4.1.18 want: ^2.6.1
511 silly placeDep ROOT lightningcss@1.30.2 OK for: @tailwindcss/node@4.1.18 want: 1.30.2
512 silly placeDep ROOT magic-string@0.30.21 OK for: @tailwindcss/node@4.1.18 want: ^0.30.21
513 silly placeDep ROOT source-map-js@1.2.1 OK for: @tailwindcss/node@4.1.18 want: ^1.2.1
514 silly fetch manifest @jridgewell/gen-mapping@^0.3.5
515 silly packumentCache full:https://registry.npmjs.org/@jridgewell%2fgen-mapping cache-miss
516 silly fetch manifest @jridgewell/trace-mapping@^0.3.24
517 silly packumentCache full:https://registry.npmjs.org/@jridgewell%2ftrace-mapping cache-miss
518 silly fetch manifest graceful-fs@^4.2.4
519 silly packumentCache full:https://registry.npmjs.org/graceful-fs cache-miss
520 silly fetch manifest tapable@^2.3.0
521 silly packumentCache full:https://registry.npmjs.org/tapable cache-miss
522 silly fetch manifest detect-libc@^2.0.3
523 silly packumentCache full:https://registry.npmjs.org/detect-libc cache-miss
524 silly fetch manifest lightningcss-darwin-x64@1.30.2
525 silly packumentCache full:https://registry.npmjs.org/lightningcss-darwin-x64 cache-miss
526 silly fetch manifest lightningcss-freebsd-x64@1.30.2
527 silly packumentCache full:https://registry.npmjs.org/lightningcss-freebsd-x64 cache-miss
528 http fetch GET 200 https://registry.npmjs.org/lightningcss-darwin-x64 92ms (cache revalidated)
529 silly packumentCache full:https://registry.npmjs.org/lightningcss-darwin-x64 set size:77015 disposed:false
530 silly fetch manifest lightningcss-darwin-arm64@1.30.2
531 silly packumentCache full:https://registry.npmjs.org/lightningcss-darwin-arm64 cache-miss
532 http fetch GET 200 https://registry.npmjs.org/tapable 96ms (cache revalidated)
533 silly packumentCache full:https://registry.npmjs.org/tapable set size:110375 disposed:false
534 silly fetch manifest lightningcss-android-arm64@1.30.2
535 silly packumentCache full:https://registry.npmjs.org/lightningcss-android-arm64 cache-miss
536 http fetch GET 200 https://registry.npmjs.org/graceful-fs 101ms (cache revalidated)
537 silly packumentCache full:https://registry.npmjs.org/graceful-fs set size:124285 disposed:false
538 silly fetch manifest lightningcss-linux-x64-gnu@1.30.2
539 silly packumentCache full:https://registry.npmjs.org/lightningcss-linux-x64-gnu cache-miss
540 http fetch GET 200 https://registry.npmjs.org/detect-libc 103ms (cache revalidated)
541 silly packumentCache full:https://registry.npmjs.org/detect-libc set size:47861 disposed:false
542 silly fetch manifest lightningcss-linux-x64-musl@1.30.2
543 silly packumentCache full:https://registry.npmjs.org/lightningcss-linux-x64-musl cache-miss
544 http fetch GET 200 https://registry.npmjs.org/@jridgewell%2fgen-mapping 106ms (cache revalidated)
545 silly packumentCache full:https://registry.npmjs.org/@jridgewell%2fgen-mapping set size:80719 disposed:false
546 silly fetch manifest lightningcss-win32-x64-msvc@1.30.2
547 silly packumentCache full:https://registry.npmjs.org/lightningcss-win32-x64-msvc cache-miss
548 http fetch GET 200 https://registry.npmjs.org/lightningcss-freebsd-x64 106ms (cache revalidated)
549 silly packumentCache full:https://registry.npmjs.org/lightningcss-freebsd-x64 set size:41190 disposed:false
550 silly fetch manifest lightningcss-linux-arm64-gnu@1.30.2
551 silly packumentCache full:https://registry.npmjs.org/lightningcss-linux-arm64-gnu cache-miss
552 http fetch GET 200 https://registry.npmjs.org/@jridgewell%2ftrace-mapping 113ms (cache revalidated)
553 silly packumentCache full:https://registry.npmjs.org/@jridgewell%2ftrace-mapping set size:170909 disposed:false
554 silly fetch manifest lightningcss-linux-arm64-musl@1.30.2
555 silly packumentCache full:https://registry.npmjs.org/lightningcss-linux-arm64-musl cache-miss
556 http fetch GET 200 https://registry.npmjs.org/lightningcss-darwin-arm64 93ms (cache revalidated)
557 silly packumentCache full:https://registry.npmjs.org/lightningcss-darwin-arm64 set size:77583 disposed:false
558 silly fetch manifest lightningcss-win32-arm64-msvc@1.30.2
559 silly packumentCache full:https://registry.npmjs.org/lightningcss-win32-arm64-msvc cache-miss
560 http fetch GET 200 https://registry.npmjs.org/lightningcss-android-arm64 99ms (cache revalidated)
561 silly packumentCache full:https://registry.npmjs.org/lightningcss-android-arm64 set size:5971 disposed:false
562 silly fetch manifest lightningcss-linux-arm-gnueabihf@1.30.2
563 silly packumentCache full:https://registry.npmjs.org/lightningcss-linux-arm-gnueabihf cache-miss
564 http fetch GET 200 https://registry.npmjs.org/lightningcss-linux-x64-gnu 97ms (cache revalidated)
565 silly packumentCache full:https://registry.npmjs.org/lightningcss-linux-x64-gnu set size:78391 disposed:false
566 silly fetch manifest @jridgewell/sourcemap-codec@^1.5.5
567 silly packumentCache full:https://registry.npmjs.org/@jridgewell%2fsourcemap-codec cache-miss
568 http fetch GET 200 https://registry.npmjs.org/lightningcss-linux-arm64-musl 89ms (cache revalidated)
569 silly packumentCache full:https://registry.npmjs.org/lightningcss-linux-arm64-musl set size:79156 disposed:false
570 http fetch GET 200 https://registry.npmjs.org/lightningcss-linux-arm64-gnu 100ms (cache revalidated)
571 silly packumentCache full:https://registry.npmjs.org/lightningcss-linux-arm64-gnu set size:78941 disposed:false
572 http fetch GET 200 https://registry.npmjs.org/lightningcss-win32-x64-msvc 106ms (cache revalidated)
573 silly packumentCache full:https://registry.npmjs.org/lightningcss-win32-x64-msvc set size:77943 disposed:false
574 http fetch GET 200 https://registry.npmjs.org/lightningcss-win32-arm64-msvc 89ms (cache revalidated)
575 silly packumentCache full:https://registry.npmjs.org/lightningcss-win32-arm64-msvc set size:24914 disposed:false
576 http fetch GET 200 https://registry.npmjs.org/lightningcss-linux-x64-musl 181ms (cache revalidated)
577 silly packumentCache full:https://registry.npmjs.org/lightningcss-linux-x64-musl set size:78594 disposed:false
578 http fetch GET 200 https://registry.npmjs.org/lightningcss-linux-arm-gnueabihf 90ms (cache revalidated)
579 silly packumentCache full:https://registry.npmjs.org/lightningcss-linux-arm-gnueabihf set size:79171 disposed:false
580 http fetch GET 200 https://registry.npmjs.org/@jridgewell%2fsourcemap-codec 113ms (cache revalidated)
581 silly packumentCache full:https://registry.npmjs.org/@jridgewell%2fsourcemap-codec set size:59275 disposed:false
582 silly placeDep ROOT @jridgewell/gen-mapping@0.3.13 OK for: @jridgewell/remapping@2.3.5 want: ^0.3.5
583 silly placeDep ROOT @jridgewell/trace-mapping@0.3.31 OK for: @jridgewell/remapping@2.3.5 want: ^0.3.24
584 silly fetch manifest @jridgewell/sourcemap-codec@^1.5.0
585 silly packumentCache full:https://registry.npmjs.org/@jridgewell%2fsourcemap-codec cache-hit
586 silly fetch manifest @jridgewell/resolve-uri@^3.1.0
587 silly packumentCache full:https://registry.npmjs.org/@jridgewell%2fresolve-uri cache-miss
588 silly fetch manifest @jridgewell/sourcemap-codec@^1.4.14
589 silly packumentCache full:https://registry.npmjs.org/@jridgewell%2fsourcemap-codec cache-hit
590 http fetch GET 200 https://registry.npmjs.org/@jridgewell%2fresolve-uri 98ms (cache revalidated)
591 silly packumentCache full:https://registry.npmjs.org/@jridgewell%2fresolve-uri set size:57361 disposed:false
592 silly placeDep ROOT @jridgewell/sourcemap-codec@1.5.5 OK for: @jridgewell/gen-mapping@0.3.13 want: ^1.5.0
593 silly placeDep ROOT @jridgewell/resolve-uri@3.1.2 OK for: @jridgewell/trace-mapping@0.3.31 want: ^3.1.0
594 silly placeDep ROOT @tailwindcss/oxide-android-arm64@4.1.18 OK for: @tailwindcss/oxide@4.1.18 want: 4.1.18
595 silly placeDep ROOT @tailwindcss/oxide-darwin-arm64@4.1.18 OK for: @tailwindcss/oxide@4.1.18 want: 4.1.18
596 silly placeDep ROOT @tailwindcss/oxide-darwin-x64@4.1.18 OK for: @tailwindcss/oxide@4.1.18 want: 4.1.18
597 silly placeDep ROOT @tailwindcss/oxide-freebsd-x64@4.1.18 OK for: @tailwindcss/oxide@4.1.18 want: 4.1.18
598 silly placeDep ROOT @tailwindcss/oxide-linux-arm-gnueabihf@4.1.18 OK for: @tailwindcss/oxide@4.1.18 want: 4.1.18
599 silly placeDep ROOT @tailwindcss/oxide-linux-arm64-gnu@4.1.18 OK for: @tailwindcss/oxide@4.1.18 want: 4.1.18
600 silly placeDep ROOT @tailwindcss/oxide-linux-arm64-musl@4.1.18 OK for: @tailwindcss/oxide@4.1.18 want: 4.1.18
601 silly placeDep ROOT @tailwindcss/oxide-linux-x64-gnu@4.1.18 OK for: @tailwindcss/oxide@4.1.18 want: 4.1.18
602 silly placeDep ROOT @tailwindcss/oxide-linux-x64-musl@4.1.18 OK for: @tailwindcss/oxide@4.1.18 want: 4.1.18
603 silly placeDep ROOT @tailwindcss/oxide-wasm32-wasi@4.1.18 OK for: @tailwindcss/oxide@4.1.18 want: 4.1.18
604 silly placeDep ROOT @tailwindcss/oxide-win32-arm64-msvc@4.1.18 OK for: @tailwindcss/oxide@4.1.18 want: 4.1.18
605 silly placeDep ROOT @tailwindcss/oxide-win32-x64-msvc@4.1.18 OK for: @tailwindcss/oxide@4.1.18 want: 4.1.18
606 silly placeDep ROOT undici-types@7.16.0 OK for: @types/node@24.10.13 want: ~7.16.0
607 silly placeDep ROOT csstype@3.2.3 OK for: @types/react@19.2.14 want: ^3.2.2
608 silly placeDep ROOT @babel/core@7.29.0 OK for: @vitejs/plugin-react@5.1.4 want: ^7.29.0
609 silly placeDep ROOT @babel/plugin-transform-react-jsx-self@7.27.1 OK for: @vitejs/plugin-react@5.1.4 want: ^7.27.1
610 silly placeDep ROOT @babel/plugin-transform-react-jsx-source@7.27.1 OK for: @vitejs/plugin-react@5.1.4 want: ^7.27.1
611 silly placeDep ROOT @rolldown/pluginutils@1.0.0-rc.3 OK for: @vitejs/plugin-react@5.1.4 want: 1.0.0-rc.3
612 silly placeDep ROOT @types/babel__core@7.20.5 OK for: @vitejs/plugin-react@5.1.4 want: ^7.20.5
613 silly placeDep ROOT react-refresh@0.18.0 OK for: @vitejs/plugin-react@5.1.4 want: ^0.18.0
614 silly fetch manifest debug@^4.1.0
615 silly packumentCache full:https://registry.npmjs.org/debug cache-hit
616 silly fetch manifest json5@^2.2.3
617 silly packumentCache full:https://registry.npmjs.org/json5 cache-miss
618 silly fetch manifest semver@^6.3.1
619 silly packumentCache full:https://registry.npmjs.org/semver cache-miss
620 silly fetch manifest gensync@^1.0.0-beta.2
621 silly packumentCache full:https://registry.npmjs.org/gensync cache-miss
622 silly fetch manifest @babel/types@^7.29.0
623 silly packumentCache full:https://registry.npmjs.org/@babel%2ftypes cache-miss
624 silly fetch manifest @babel/parser@^7.29.0
625 silly packumentCache full:https://registry.npmjs.org/@babel%2fparser cache-hit
626 silly fetch manifest @babel/helpers@^7.28.6
627 silly packumentCache full:https://registry.npmjs.org/@babel%2fhelpers cache-miss
628 silly fetch manifest @babel/template@^7.28.6
629 silly packumentCache full:https://registry.npmjs.org/@babel%2ftemplate cache-miss
630 silly fetch manifest @babel/traverse@^7.29.0
631 silly packumentCache full:https://registry.npmjs.org/@babel%2ftraverse cache-miss
632 http fetch GET 200 https://registry.npmjs.org/gensync 102ms (cache revalidated)
633 silly packumentCache full:https://registry.npmjs.org/gensync set size:15068 disposed:false
634 silly fetch manifest @babel/generator@^7.29.0
635 silly packumentCache full:https://registry.npmjs.org/@babel%2fgenerator cache-miss
636 http fetch GET 200 https://registry.npmjs.org/json5 105ms (cache revalidated)
637 silly packumentCache full:https://registry.npmjs.org/json5 set size:86136 disposed:false
638 silly fetch manifest @babel/code-frame@^7.29.0
639 silly packumentCache full:https://registry.npmjs.org/@babel%2fcode-frame cache-miss
640 http fetch GET 200 https://registry.npmjs.org/semver 108ms (cache revalidated)
641 silly packumentCache full:https://registry.npmjs.org/semver set size:229678 disposed:false
642 silly fetch manifest convert-source-map@^2.0.0
643 silly packumentCache full:https://registry.npmjs.org/convert-source-map cache-miss
644 http fetch GET 200 https://registry.npmjs.org/@babel%2ftypes 114ms (cache revalidated)
645 silly packumentCache full:https://registry.npmjs.org/@babel%2ftypes set size:483793 disposed:false
646 silly fetch manifest @babel/helper-module-transforms@^7.28.6
647 silly packumentCache full:https://registry.npmjs.org/@babel%2fhelper-module-transforms cache-miss
648 http fetch GET 200 https://registry.npmjs.org/@babel%2ftemplate 122ms (cache revalidated)
649 silly packumentCache full:https://registry.npmjs.org/@babel%2ftemplate set size:223320 disposed:false
650 silly fetch manifest @babel/helper-compilation-targets@^7.28.6
651 silly packumentCache full:https://registry.npmjs.org/@babel%2fhelper-compilation-targets cache-miss
652 http fetch GET 200 https://registry.npmjs.org/@babel%2ftraverse 126ms (cache revalidated)
653 silly packumentCache full:https://registry.npmjs.org/@babel%2ftraverse set size:544276 disposed:false
654 silly fetch manifest @babel/helper-plugin-utils@^7.27.1
655 silly packumentCache full:https://registry.npmjs.org/@babel%2fhelper-plugin-utils cache-miss
656 http fetch GET 200 https://registry.npmjs.org/@babel%2fhelpers 132ms (cache revalidated)
657 silly packumentCache full:https://registry.npmjs.org/@babel%2fhelpers set size:382529 disposed:false
658 silly fetch manifest @babel/helper-plugin-utils@^7.27.1
659 silly packumentCache full:https://registry.npmjs.org/@babel%2fhelper-plugin-utils cache-miss
660 http fetch GET 200 https://registry.npmjs.org/@babel%2fgenerator 102ms (cache revalidated)
661 silly packumentCache full:https://registry.npmjs.org/@babel%2fgenerator set size:502715 disposed:false
662 silly fetch manifest @babel/types@^7.20.7
663 silly packumentCache full:https://registry.npmjs.org/@babel%2ftypes cache-hit
664 silly fetch manifest @babel/parser@^7.20.7
665 silly packumentCache full:https://registry.npmjs.org/@babel%2fparser cache-hit
666 silly fetch manifest @types/babel__template@*
667 silly packumentCache full:https://registry.npmjs.org/@types%2fbabel__template cache-miss
668 http fetch GET 200 https://registry.npmjs.org/convert-source-map 99ms (cache revalidated)
669 silly packumentCache full:https://registry.npmjs.org/convert-source-map set size:66997 disposed:false
670 silly fetch manifest @types/babel__traverse@*
671 silly packumentCache full:https://registry.npmjs.org/@types%2fbabel__traverse cache-miss
672 http fetch GET 200 https://registry.npmjs.org/@babel%2fcode-frame 110ms (cache revalidated)
673 silly packumentCache full:https://registry.npmjs.org/@babel%2fcode-frame set size:192156 disposed:false
674 silly fetch manifest @types/babel__generator@*
675 silly packumentCache full:https://registry.npmjs.org/@types%2fbabel__generator cache-miss
676 http fetch GET 200 https://registry.npmjs.org/@babel%2fhelper-module-transforms 104ms (cache revalidated)
677 silly packumentCache full:https://registry.npmjs.org/@babel%2fhelper-module-transforms set size:329394 disposed:false
678 http fetch GET 200 https://registry.npmjs.org/@babel%2fhelper-plugin-utils 97ms (cache revalidated)
679 silly packumentCache full:https://registry.npmjs.org/@babel%2fhelper-plugin-utils set size:160213 disposed:false
680 http fetch GET 200 https://registry.npmjs.org/@babel%2fhelper-plugin-utils 99ms (cache revalidated)
681 silly packumentCache full:https://registry.npmjs.org/@babel%2fhelper-plugin-utils set size:160213 disposed:false
682 silly packumentCache full:https://registry.npmjs.org/@babel%2fhelper-plugin-utils dispose
683 http fetch GET 200 https://registry.npmjs.org/@babel%2fhelper-compilation-targets 114ms (cache revalidated)
684 silly packumentCache full:https://registry.npmjs.org/@babel%2fhelper-compilation-targets set size:214610 disposed:false
685 http fetch GET 200 https://registry.npmjs.org/@types%2fbabel__template 97ms (cache revalidated)
686 silly packumentCache full:https://registry.npmjs.org/@types%2fbabel__template set size:22631 disposed:false
687 http fetch GET 200 https://registry.npmjs.org/@types%2fbabel__traverse 97ms (cache revalidated)
688 silly packumentCache full:https://registry.npmjs.org/@types%2fbabel__traverse set size:107819 disposed:false
689 http fetch GET 200 https://registry.npmjs.org/@types%2fbabel__generator 429ms (cache revalidated)
690 silly packumentCache full:https://registry.npmjs.org/@types%2fbabel__generator set size:31587 disposed:false
691 silly fetch manifest @babel/core@^7.0.0
692 silly packumentCache full:https://registry.npmjs.org/@babel%2fcore cache-hit
693 silly placeDep ROOT @babel/code-frame@7.29.0 OK for: @babel/core@7.29.0 want: ^7.29.0
694 silly placeDep ROOT @babel/generator@7.29.1 OK for: @babel/core@7.29.0 want: ^7.29.0
695 silly placeDep ROOT @babel/helper-compilation-targets@7.28.6 OK for: @babel/core@7.29.0 want: ^7.28.6
696 silly placeDep ROOT @babel/helper-module-transforms@7.28.6 OK for: @babel/core@7.29.0 want: ^7.28.6
697 silly placeDep ROOT @babel/helpers@7.28.6 OK for: @babel/core@7.29.0 want: ^7.28.6
698 silly placeDep ROOT @babel/parser@7.29.0 OK for: @babel/core@7.29.0 want: ^7.29.0
699 silly placeDep ROOT @babel/template@7.28.6 OK for: @babel/core@7.29.0 want: ^7.28.6
700 silly placeDep ROOT @babel/traverse@7.29.0 OK for: @babel/core@7.29.0 want: ^7.29.0
701 silly placeDep ROOT @babel/types@7.29.0 OK for: @babel/core@7.29.0 want: ^7.29.0
702 silly placeDep ROOT convert-source-map@2.0.0 OK for: @babel/core@7.29.0 want: ^2.0.0
703 silly placeDep ROOT debug@4.4.3 OK for: @babel/core@7.29.0 want: ^4.1.0
704 silly placeDep ROOT gensync@1.0.0-beta.2 OK for: @babel/core@7.29.0 want: ^1.0.0-beta.2
705 silly placeDep ROOT json5@2.2.3 OK for: @babel/core@7.29.0 want: ^2.2.3
706 silly placeDep ROOT semver@6.3.1 OK for: @babel/core@7.29.0 want: ^6.3.1
707 silly fetch manifest js-tokens@^4.0.0
708 silly packumentCache full:https://registry.npmjs.org/js-tokens cache-miss
709 silly fetch manifest @babel/helper-validator-identifier@^7.28.5
710 silly packumentCache full:https://registry.npmjs.org/@babel%2fhelper-validator-identifier cache-miss
711 silly fetch manifest jsesc@^3.0.2
712 silly packumentCache full:https://registry.npmjs.org/jsesc cache-miss
713 silly fetch manifest lru-cache@^5.1.1
714 silly packumentCache full:https://registry.npmjs.org/lru-cache cache-miss
715 silly fetch manifest browserslist@^4.24.0
716 silly packumentCache full:https://registry.npmjs.org/browserslist cache-hit
717 silly fetch manifest @babel/compat-data@^7.28.6
718 silly packumentCache full:https://registry.npmjs.org/@babel%2fcompat-data cache-miss
719 silly fetch manifest @babel/helper-validator-option@^7.27.1
720 silly packumentCache full:https://registry.npmjs.org/@babel%2fhelper-validator-option cache-miss
721 silly fetch manifest @babel/traverse@^7.28.6
722 silly packumentCache full:https://registry.npmjs.org/@babel%2ftraverse cache-hit
723 silly fetch manifest @babel/helper-module-imports@^7.28.6
724 silly packumentCache full:https://registry.npmjs.org/@babel%2fhelper-module-imports cache-miss
725 http fetch GET 200 https://registry.npmjs.org/js-tokens 94ms (cache revalidated)
726 silly packumentCache full:https://registry.npmjs.org/js-tokens set size:41947 disposed:false
727 silly fetch manifest @babel/helper-validator-identifier@^7.28.5
728 silly packumentCache full:https://registry.npmjs.org/@babel%2fhelper-validator-identifier cache-miss
729 http fetch GET 200 https://registry.npmjs.org/lru-cache 96ms (cache revalidated)
730 silly packumentCache full:https://registry.npmjs.org/lru-cache set size:413591 disposed:false
731 silly fetch manifest @babel/types@^7.28.6
732 silly packumentCache full:https://registry.npmjs.org/@babel%2ftypes cache-hit
733 silly fetch manifest debug@^4.3.1
734 silly packumentCache full:https://registry.npmjs.org/debug cache-hit
735 silly fetch manifest @babel/helper-globals@^7.28.0
736 silly packumentCache full:https://registry.npmjs.org/@babel%2fhelper-globals cache-miss
737 http fetch GET 200 https://registry.npmjs.org/@babel%2fhelper-validator-identifier 109ms (cache revalidated)
738 silly packumentCache full:https://registry.npmjs.org/@babel%2fhelper-validator-identifier set size:112652 disposed:false
739 silly fetch manifest @babel/helper-string-parser@^7.27.1
740 silly packumentCache full:https://registry.npmjs.org/@babel%2fhelper-string-parser cache-miss
741 http fetch GET 200 https://registry.npmjs.org/jsesc 111ms (cache revalidated)
742 silly packumentCache full:https://registry.npmjs.org/jsesc set size:61512 disposed:false
743 silly fetch manifest ms@^2.1.3
744 silly packumentCache full:https://registry.npmjs.org/ms cache-miss
745 http fetch GET 200 https://registry.npmjs.org/@babel%2fcompat-data 112ms (cache revalidated)
746 silly packumentCache full:https://registry.npmjs.org/@babel%2fcompat-data set size:301445 disposed:false
747 http fetch GET 200 https://registry.npmjs.org/@babel%2fhelper-module-imports 113ms (cache revalidated)
748 silly packumentCache full:https://registry.npmjs.org/@babel%2fhelper-module-imports set size:189601 disposed:false
749 http fetch GET 200 https://registry.npmjs.org/@babel%2fhelper-validator-option 114ms (cache revalidated)
750 silly packumentCache full:https://registry.npmjs.org/@babel%2fhelper-validator-option set size:88810 disposed:false
751 http fetch GET 200 https://registry.npmjs.org/ms 95ms (cache revalidated)
752 silly packumentCache full:https://registry.npmjs.org/ms set size:92208 disposed:false
753 http fetch GET 200 https://registry.npmjs.org/@babel%2fhelper-validator-identifier 115ms (cache revalidated)
754 silly packumentCache full:https://registry.npmjs.org/@babel%2fhelper-validator-identifier set size:112652 disposed:false
755 silly packumentCache full:https://registry.npmjs.org/@babel%2fhelper-validator-identifier dispose
756 http fetch GET 200 https://registry.npmjs.org/@babel%2fhelper-globals 109ms (cache revalidated)
757 silly packumentCache full:https://registry.npmjs.org/@babel%2fhelper-globals set size:11775 disposed:false
758 http fetch GET 200 https://registry.npmjs.org/@babel%2fhelper-string-parser 106ms (cache revalidated)
759 silly packumentCache full:https://registry.npmjs.org/@babel%2fhelper-string-parser set size:78394 disposed:false
760 silly placeDep ROOT @babel/helper-validator-identifier@7.28.5 OK for: @babel/code-frame@7.29.0 want: ^7.28.5
761 silly placeDep ROOT js-tokens@4.0.0 OK for: @babel/code-frame@7.29.0 want: ^4.0.0
762 silly placeDep ROOT picocolors@1.1.1 OK for: @babel/code-frame@7.29.0 want: ^1.1.1
763 silly placeDep ROOT jsesc@3.1.0 OK for: @babel/generator@7.29.1 want: ^3.0.2
764 silly placeDep ROOT @babel/compat-data@7.29.0 OK for: @babel/helper-compilation-targets@7.28.6 want: ^7.28.6
765 silly placeDep ROOT @babel/helper-validator-option@7.27.1 OK for: @babel/helper-compilation-targets@7.28.6 want: ^7.27.1
766 silly placeDep ROOT browserslist@4.28.1 OK for: @babel/helper-compilation-targets@7.28.6 want: ^4.24.0
767 silly placeDep ROOT lru-cache@5.1.1 OK for: @babel/helper-compilation-targets@7.28.6 want: ^5.1.1
768 silly fetch manifest baseline-browser-mapping@^2.9.0
769 silly packumentCache full:https://registry.npmjs.org/baseline-browser-mapping cache-miss
770 silly fetch manifest caniuse-lite@^1.0.30001759
771 silly packumentCache full:https://registry.npmjs.org/caniuse-lite cache-miss
772 silly fetch manifest electron-to-chromium@^1.5.263
773 silly packumentCache full:https://registry.npmjs.org/electron-to-chromium cache-miss
774 silly fetch manifest node-releases@^2.0.27
775 silly packumentCache full:https://registry.npmjs.org/node-releases cache-miss
776 silly fetch manifest update-browserslist-db@^1.2.0
777 silly packumentCache full:https://registry.npmjs.org/update-browserslist-db cache-miss
778 silly fetch manifest yallist@^3.0.2
779 silly packumentCache full:https://registry.npmjs.org/yallist cache-miss
780 http cache https://registry.npmjs.org/caniuse-lite 14ms (cache hit)
781 silly packumentCache full:https://registry.npmjs.org/caniuse-lite set size:2252610 disposed:false
782 http fetch GET 200 https://registry.npmjs.org/update-browserslist-db 86ms (cache revalidated)
783 silly packumentCache full:https://registry.npmjs.org/update-browserslist-db set size:62000 disposed:false
784 http fetch GET 200 https://registry.npmjs.org/yallist 89ms (cache revalidated)
785 silly packumentCache full:https://registry.npmjs.org/yallist set size:34610 disposed:false
786 http fetch GET 200 https://registry.npmjs.org/electron-to-chromium 100ms (cache revalidated)
787 silly packumentCache full:https://registry.npmjs.org/electron-to-chromium set size:4718058 disposed:false
788 http fetch GET 200 https://registry.npmjs.org/baseline-browser-mapping 136ms (cache revalidated)
789 silly packumentCache full:https://registry.npmjs.org/baseline-browser-mapping set size:385813 disposed:false
790 http fetch GET 200 https://registry.npmjs.org/node-releases 139ms (cache revalidated)
791 silly packumentCache full:https://registry.npmjs.org/node-releases set size:269192 disposed:false
792 silly placeDep ROOT @babel/helper-module-imports@7.28.6 OK for: @babel/helper-module-transforms@7.28.6 want: ^7.28.6
793 silly placeDep ROOT @babel/helper-plugin-utils@7.28.6 OK for: @babel/plugin-transform-react-jsx-self@7.27.1 want: ^7.27.1
794 silly placeDep ROOT @babel/helper-globals@7.28.0 OK for: @babel/traverse@7.29.0 want: ^7.28.0
795 silly placeDep ROOT @babel/helper-string-parser@7.27.1 OK for: @babel/types@7.29.0 want: ^7.27.1
796 silly placeDep ROOT @types/babel__generator@7.27.0 OK for: @types/babel__core@7.20.5 want: *
797 silly placeDep ROOT @types/babel__template@7.4.4 OK for: @types/babel__core@7.20.5 want: *
798 silly placeDep ROOT @types/babel__traverse@7.28.0 OK for: @types/babel__core@7.20.5 want: *
799 silly placeDep ROOT caniuse-lite@1.0.30001769 OK for: autoprefixer@10.4.24 want: ^1.0.30001766
800 silly placeDep ROOT fraction.js@5.3.4 OK for: autoprefixer@10.4.24 want: ^5.3.4
801 silly placeDep ROOT postcss-value-parser@4.2.0 OK for: autoprefixer@10.4.24 want: ^4.2.0
802 silly fetch manifest browserslist@>= 4.21.0
803 silly packumentCache full:https://registry.npmjs.org/browserslist cache-hit
804 silly placeDep ROOT baseline-browser-mapping@2.9.19 OK for: browserslist@4.28.1 want: ^2.9.0
805 silly placeDep ROOT electron-to-chromium@1.5.286 OK for: browserslist@4.28.1 want: ^1.5.263
806 silly placeDep ROOT node-releases@2.0.27 OK for: browserslist@4.28.1 want: ^2.0.27
807 silly placeDep ROOT update-browserslist-db@1.2.3 OK for: browserslist@4.28.1 want: ^1.2.0
808 silly fetch manifest escalade@^3.2.0
809 silly packumentCache full:https://registry.npmjs.org/escalade cache-miss
810 http fetch GET 200 https://registry.npmjs.org/escalade 82ms (cache revalidated)
811 silly packumentCache full:https://registry.npmjs.org/escalade set size:33724 disposed:false
812 silly placeDep ROOT ms@2.1.3 OK for: debug@4.4.3 want: ^2.1.3
813 silly placeDep ROOT graceful-fs@4.2.11 OK for: enhanced-resolve@5.19.0 want: ^4.2.4
814 silly placeDep ROOT tapable@2.3.0 OK for: enhanced-resolve@5.19.0 want: ^2.3.0
815 silly fetch manifest eslint@^6.0.0 || ^7.0.0 || >=8.0.0
816 silly packumentCache full:https://registry.npmjs.org/eslint cache-miss
817 http cache https://registry.npmjs.org/eslint 7ms (cache hit)
818 silly packumentCache full:https://registry.npmjs.org/eslint set size:1929113 disposed:false
819 silly placeDep ROOT @eslint-community/eslint-utils@4.9.1 OK for: eslint@9.39.2 want: ^4.8.0
820 silly placeDep ROOT @eslint-community/regexpp@4.12.2 OK for: eslint@9.39.2 want: ^4.12.1
821 silly placeDep ROOT @eslint/config-array@0.21.1 OK for: eslint@9.39.2 want: ^0.21.1
822 silly placeDep ROOT @eslint/config-helpers@0.4.2 OK for: eslint@9.39.2 want: ^0.4.2
823 silly placeDep ROOT @eslint/core@0.17.0 OK for: eslint@9.39.2 want: ^0.17.0
824 silly placeDep ROOT @eslint/eslintrc@3.3.3 OK for: eslint@9.39.2 want: ^3.3.1
825 silly placeDep ROOT @eslint/plugin-kit@0.4.1 OK for: eslint@9.39.2 want: ^0.4.1
826 silly placeDep ROOT @humanfs/node@0.16.7 OK for: eslint@9.39.2 want: ^0.16.6
827 silly placeDep ROOT @humanwhocodes/module-importer@1.0.1 OK for: eslint@9.39.2 want: ^1.0.1
828 silly placeDep ROOT @humanwhocodes/retry@0.4.3 OK for: eslint@9.39.2 want: ^0.4.2
829 silly placeDep ROOT @types/estree@1.0.8 OK for: eslint@9.39.2 want: ^1.0.6
830 silly placeDep ROOT ajv@6.12.6 OK for: eslint@9.39.2 want: ^6.12.4
831 silly placeDep ROOT chalk@4.1.2 OK for: eslint@9.39.2 want: ^4.0.0
832 silly placeDep ROOT cross-spawn@7.0.6 OK for: eslint@9.39.2 want: ^7.0.6
833 silly placeDep ROOT escape-string-regexp@4.0.0 OK for: eslint@9.39.2 want: ^4.0.0
834 silly placeDep ROOT eslint-scope@8.4.0 OK for: eslint@9.39.2 want: ^8.4.0
835 silly placeDep ROOT eslint-visitor-keys@4.2.1 OK for: eslint@9.39.2 want: ^4.2.1
836 silly placeDep ROOT espree@10.4.0 OK for: eslint@9.39.2 want: ^10.4.0
837 silly placeDep ROOT esquery@1.7.0 OK for: eslint@9.39.2 want: ^1.5.0
838 silly placeDep ROOT esutils@2.0.3 OK for: eslint@9.39.2 want: ^2.0.2
839 silly placeDep ROOT fast-deep-equal@3.1.3 OK for: eslint@9.39.2 want: ^3.1.3
840 silly placeDep ROOT file-entry-cache@8.0.0 OK for: eslint@9.39.2 want: ^8.0.0
841 silly placeDep ROOT find-up@5.0.0 OK for: eslint@9.39.2 want: ^5.0.0
842 silly placeDep ROOT glob-parent@6.0.2 OK for: eslint@9.39.2 want: ^6.0.2
843 silly placeDep ROOT ignore@5.3.2 OK for: eslint@9.39.2 want: ^5.2.0
844 silly placeDep ROOT imurmurhash@0.1.4 OK for: eslint@9.39.2 want: ^0.1.4
845 silly placeDep ROOT is-glob@4.0.3 OK for: eslint@9.39.2 want: ^4.0.0
846 silly placeDep ROOT json-stable-stringify-without-jsonify@1.0.1 OK for: eslint@9.39.2 want: ^1.0.1
847 silly placeDep ROOT lodash.merge@4.6.2 OK for: eslint@9.39.2 want: ^4.6.2
848 silly placeDep ROOT minimatch@3.1.2 OK for: eslint@9.39.2 want: ^3.1.2
849 silly placeDep ROOT natural-compare@1.4.0 OK for: eslint@9.39.2 want: ^1.4.0
850 silly placeDep ROOT optionator@0.9.4 OK for: eslint@9.39.2 want: ^0.9.3
851 silly fetch manifest eslint-visitor-keys@^3.4.3
852 silly packumentCache full:https://registry.npmjs.org/eslint-visitor-keys cache-hit
853 silly fetch manifest @eslint/object-schema@^2.1.7
854 silly packumentCache full:https://registry.npmjs.org/@eslint%2fobject-schema cache-miss
855 silly fetch manifest @types/json-schema@^7.0.15
856 silly packumentCache full:https://registry.npmjs.org/@types%2fjson-schema cache-miss
857 silly fetch manifest espree@^10.0.1
858 silly packumentCache full:https://registry.npmjs.org/espree cache-hit
859 silly fetch manifest globals@^14.0.0
860 silly packumentCache full:https://registry.npmjs.org/globals cache-hit
861 silly fetch manifest import-fresh@^3.2.1
862 silly packumentCache full:https://registry.npmjs.org/import-fresh cache-miss
863 silly fetch manifest js-yaml@^4.1.1
864 silly packumentCache full:https://registry.npmjs.org/js-yaml cache-miss
865 silly fetch manifest strip-json-comments@^3.1.1
866 silly packumentCache full:https://registry.npmjs.org/strip-json-comments cache-miss
867 silly fetch manifest levn@^0.4.1
868 silly packumentCache full:https://registry.npmjs.org/levn cache-miss
869 silly fetch manifest @humanwhocodes/retry@^0.4.0
870 silly packumentCache full:https://registry.npmjs.org/@humanwhocodes%2fretry cache-hit
871 silly fetch manifest @humanfs/core@^0.19.1
872 silly packumentCache full:https://registry.npmjs.org/@humanfs%2fcore cache-miss
873 http fetch GET 200 https://registry.npmjs.org/strip-json-comments 89ms (cache revalidated)
874 silly packumentCache full:https://registry.npmjs.org/strip-json-comments set size:43569 disposed:false
875 silly fetch manifest uri-js@^4.2.2
876 silly packumentCache full:https://registry.npmjs.org/uri-js cache-miss
877 http fetch GET 200 https://registry.npmjs.org/js-yaml 94ms (cache revalidated)
878 silly packumentCache full:https://registry.npmjs.org/js-yaml set size:152232 disposed:false
879 silly fetch manifest fast-deep-equal@^3.1.1
880 silly packumentCache full:https://registry.npmjs.org/fast-deep-equal cache-hit
881 silly fetch manifest json-schema-traverse@^0.4.1
882 silly packumentCache full:https://registry.npmjs.org/json-schema-traverse cache-miss
883 http fetch GET 200 https://registry.npmjs.org/levn 97ms (cache revalidated)
884 silly packumentCache full:https://registry.npmjs.org/levn set size:28223 disposed:false
885 silly fetch manifest fast-json-stable-stringify@^2.0.0
886 silly packumentCache full:https://registry.npmjs.org/fast-json-stable-stringify cache-miss
887 http fetch GET 200 https://registry.npmjs.org/import-fresh 100ms (cache revalidated)
888 silly packumentCache full:https://registry.npmjs.org/import-fresh set size:21461 disposed:false
889 silly fetch manifest ansi-styles@^4.1.0
890 silly packumentCache full:https://registry.npmjs.org/ansi-styles cache-miss
891 http fetch GET 200 https://registry.npmjs.org/@eslint%2fobject-schema 111ms (cache revalidated)
892 silly packumentCache full:https://registry.npmjs.org/@eslint%2fobject-schema set size:26667 disposed:false
893 silly fetch manifest supports-color@^7.1.0
894 silly packumentCache full:https://registry.npmjs.org/supports-color cache-miss
895 http fetch GET 200 https://registry.npmjs.org/@humanfs%2fcore 110ms (cache revalidated)
896 silly packumentCache full:https://registry.npmjs.org/@humanfs%2fcore set size:35472 disposed:false
897 silly fetch manifest which@^2.0.1
898 silly packumentCache full:https://registry.npmjs.org/which cache-miss
899 http fetch GET 200 https://registry.npmjs.org/@types%2fjson-schema 114ms (cache revalidated)
900 silly packumentCache full:https://registry.npmjs.org/@types%2fjson-schema set size:44704 disposed:false
901 silly fetch manifest path-key@^3.1.0
902 silly packumentCache full:https://registry.npmjs.org/path-key cache-miss
903 http fetch GET 200 https://registry.npmjs.org/uri-js 90ms (cache revalidated)
904 silly packumentCache full:https://registry.npmjs.org/uri-js set size:42559 disposed:false
905 silly fetch manifest shebang-command@^2.0.0
906 silly packumentCache full:https://registry.npmjs.org/shebang-command cache-miss
907 http fetch GET 200 https://registry.npmjs.org/fast-json-stable-stringify 97ms (cache revalidated)
908 silly packumentCache full:https://registry.npmjs.org/fast-json-stable-stringify set size:11337 disposed:false
909 silly fetch manifest esrecurse@^4.3.0
910 silly packumentCache full:https://registry.npmjs.org/esrecurse cache-miss
911 http fetch GET 200 https://registry.npmjs.org/supports-color 91ms (cache revalidated)
912 silly packumentCache full:https://registry.npmjs.org/supports-color set size:118680 disposed:false
913 silly fetch manifest estraverse@^5.2.0
914 silly packumentCache full:https://registry.npmjs.org/estraverse cache-miss
915 http fetch GET 200 https://registry.npmjs.org/which 92ms (cache revalidated)
916 silly packumentCache full:https://registry.npmjs.org/which set size:67805 disposed:false
917 silly fetch manifest acorn@^8.15.0
918 silly packumentCache full:https://registry.npmjs.org/acorn cache-miss
919 http fetch GET 200 https://registry.npmjs.org/path-key 96ms (cache revalidated)
920 silly packumentCache full:https://registry.npmjs.org/path-key set size:16975 disposed:false
921 silly fetch manifest acorn-jsx@^5.3.2
922 silly packumentCache full:https://registry.npmjs.org/acorn-jsx cache-miss
923 http fetch GET 200 https://registry.npmjs.org/ansi-styles 110ms (cache revalidated)
924 silly packumentCache full:https://registry.npmjs.org/ansi-styles set size:63233 disposed:false
925 silly fetch manifest estraverse@^5.1.0
926 silly packumentCache full:https://registry.npmjs.org/estraverse cache-miss
927 http fetch GET 200 https://registry.npmjs.org/shebang-command 88ms (cache revalidated)
928 silly packumentCache full:https://registry.npmjs.org/shebang-command set size:8525 disposed:false
929 silly fetch manifest flat-cache@^4.0.0
930 silly packumentCache full:https://registry.npmjs.org/flat-cache cache-miss
931 http fetch GET 200 https://registry.npmjs.org/json-schema-traverse 186ms (cache revalidated)
932 silly packumentCache full:https://registry.npmjs.org/json-schema-traverse set size:23537 disposed:false
933 silly fetch manifest locate-path@^6.0.0
934 silly packumentCache full:https://registry.npmjs.org/locate-path cache-miss
935 http fetch GET 200 https://registry.npmjs.org/esrecurse 86ms (cache revalidated)
936 silly packumentCache full:https://registry.npmjs.org/esrecurse set size:29005 disposed:false
937 silly fetch manifest path-exists@^4.0.0
938 silly packumentCache full:https://registry.npmjs.org/path-exists cache-miss
939 http fetch GET 200 https://registry.npmjs.org/estraverse 91ms (cache revalidated)
940 silly packumentCache full:https://registry.npmjs.org/estraverse set size:62412 disposed:false
941 silly fetch manifest is-glob@^4.0.3
942 silly packumentCache full:https://registry.npmjs.org/is-glob cache-hit
943 silly fetch manifest is-extglob@^2.1.1
944 silly packumentCache full:https://registry.npmjs.org/is-extglob cache-miss
945 http fetch GET 200 https://registry.npmjs.org/acorn 93ms (cache revalidated)
946 silly packumentCache full:https://registry.npmjs.org/acorn set size:377362 disposed:false
947 silly fetch manifest brace-expansion@^1.1.7
948 silly packumentCache full:https://registry.npmjs.org/brace-expansion cache-miss
949 http fetch GET 200 https://registry.npmjs.org/acorn-jsx 94ms (cache revalidated)
950 silly packumentCache full:https://registry.npmjs.org/acorn-jsx set size:71068 disposed:false
951 silly fetch manifest prelude-ls@^1.2.1
952 silly packumentCache full:https://registry.npmjs.org/prelude-ls cache-miss
953 http fetch GET 200 https://registry.npmjs.org/estraverse 97ms (cache revalidated)
954 silly packumentCache full:https://registry.npmjs.org/estraverse set size:62412 disposed:false
955 silly packumentCache full:https://registry.npmjs.org/estraverse dispose
956 silly fetch manifest deep-is@^0.1.3
957 silly packumentCache full:https://registry.npmjs.org/deep-is cache-miss
958 http fetch GET 200 https://registry.npmjs.org/flat-cache 85ms (cache revalidated)
959 silly packumentCache full:https://registry.npmjs.org/flat-cache set size:164041 disposed:false
960 silly fetch manifest word-wrap@^1.2.5
961 silly packumentCache full:https://registry.npmjs.org/word-wrap cache-miss
962 http fetch GET 200 https://registry.npmjs.org/path-exists 93ms (cache revalidated)
963 silly packumentCache full:https://registry.npmjs.org/path-exists set size:13704 disposed:false
964 silly fetch manifest type-check@^0.4.0
965 silly packumentCache full:https://registry.npmjs.org/type-check cache-miss
966 http fetch GET 200 https://registry.npmjs.org/locate-path 97ms (cache revalidated)
967 silly packumentCache full:https://registry.npmjs.org/locate-path set size:31329 disposed:false
968 silly fetch manifest fast-levenshtein@^2.0.6
969 silly packumentCache full:https://registry.npmjs.org/fast-levenshtein cache-miss
970 http fetch GET 200 https://registry.npmjs.org/is-extglob 95ms (cache revalidated)
971 silly packumentCache full:https://registry.npmjs.org/is-extglob set size:11766 disposed:false
972 http fetch GET 200 https://registry.npmjs.org/prelude-ls 95ms (cache revalidated)
973 silly packumentCache full:https://registry.npmjs.org/prelude-ls set size:25777 disposed:false
974 http fetch GET 200 https://registry.npmjs.org/deep-is 95ms (cache revalidated)
975 silly packumentCache full:https://registry.npmjs.org/deep-is set size:10205 disposed:false
976 http fetch GET 200 https://registry.npmjs.org/brace-expansion 106ms (cache revalidated)
977 silly packumentCache full:https://registry.npmjs.org/brace-expansion set size:51042 disposed:false
978 http fetch GET 200 https://registry.npmjs.org/word-wrap 84ms (cache revalidated)
979 silly packumentCache full:https://registry.npmjs.org/word-wrap set size:37835 disposed:false
980 http fetch GET 200 https://registry.npmjs.org/fast-levenshtein 98ms (cache revalidated)
981 silly packumentCache full:https://registry.npmjs.org/fast-levenshtein set size:39317 disposed:false
982 http fetch GET 200 https://registry.npmjs.org/type-check 184ms (cache revalidated)
983 silly packumentCache full:https://registry.npmjs.org/type-check set size:21221 disposed:false
984 silly placeDep node_modules/@eslint-community/eslint-utils eslint-visitor-keys@3.4.3 OK for: @eslint-community/eslint-utils@4.9.1 want: ^3.4.3
985 silly placeDep ROOT @eslint/object-schema@2.1.7 OK for: @eslint/config-array@0.21.1 want: ^2.1.7
986 silly placeDep ROOT @types/json-schema@7.0.15 OK for: @eslint/core@0.17.0 want: ^7.0.15
987 silly placeDep node_modules/@eslint/eslintrc globals@14.0.0 OK for: @eslint/eslintrc@3.3.3 want: ^14.0.0
988 silly placeDep ROOT import-fresh@3.3.1 OK for: @eslint/eslintrc@3.3.3 want: ^3.2.1
989 silly placeDep ROOT js-yaml@4.1.1 OK for: @eslint/eslintrc@3.3.3 want: ^4.1.1
990 silly placeDep ROOT strip-json-comments@3.1.1 OK for: @eslint/eslintrc@3.3.3 want: ^3.1.1
991 silly fetch manifest parent-module@^1.0.0
992 silly packumentCache full:https://registry.npmjs.org/parent-module cache-miss
993 silly fetch manifest resolve-from@^4.0.0
994 silly packumentCache full:https://registry.npmjs.org/resolve-from cache-miss
995 silly fetch manifest argparse@^2.0.1
996 silly packumentCache full:https://registry.npmjs.org/argparse cache-miss
997 http fetch GET 200 https://registry.npmjs.org/resolve-from 88ms (cache revalidated)
998 silly packumentCache full:https://registry.npmjs.org/resolve-from set size:12911 disposed:false
999 http fetch GET 200 https://registry.npmjs.org/parent-module 95ms (cache revalidated)
1000 silly packumentCache full:https://registry.npmjs.org/parent-module set size:18255 disposed:false
1001 http fetch GET 200 https://registry.npmjs.org/argparse 335ms (cache revalidated)
1002 silly packumentCache full:https://registry.npmjs.org/argparse set size:49266 disposed:false
1003 silly placeDep ROOT levn@0.4.1 OK for: @eslint/plugin-kit@0.4.1 want: ^0.4.1
1004 silly fetch manifest type-check@~0.4.0
1005 silly packumentCache full:https://registry.npmjs.org/type-check cache-hit
1006 silly placeDep ROOT @humanfs/core@0.19.1 OK for: @humanfs/node@0.16.7 want: ^0.19.1
1007 silly placeDep ROOT fast-json-stable-stringify@2.1.0 OK for: ajv@6.12.6 want: ^2.0.0
1008 silly placeDep ROOT json-schema-traverse@0.4.1 OK for: ajv@6.12.6 want: ^0.4.1
1009 silly placeDep ROOT uri-js@4.4.1 OK for: ajv@6.12.6 want: ^4.2.2
1010 silly fetch manifest punycode@^2.1.0
1011 silly packumentCache full:https://registry.npmjs.org/punycode cache-miss
1012 http fetch GET 200 https://registry.npmjs.org/punycode 87ms (cache revalidated)
1013 silly packumentCache full:https://registry.npmjs.org/punycode set size:61302 disposed:false
1014 silly placeDep ROOT ansi-styles@4.3.0 OK for: chalk@4.1.2 want: ^4.1.0
1015 silly placeDep ROOT supports-color@7.2.0 OK for: chalk@4.1.2 want: ^7.1.0
1016 silly fetch manifest color-convert@^2.0.1
1017 silly packumentCache full:https://registry.npmjs.org/color-convert cache-miss
1018 silly fetch manifest has-flag@^4.0.0
1019 silly packumentCache full:https://registry.npmjs.org/has-flag cache-miss
1020 http fetch GET 200 https://registry.npmjs.org/has-flag 85ms (cache revalidated)
1021 silly packumentCache full:https://registry.npmjs.org/has-flag set size:15180 disposed:false
1022 http fetch GET 200 https://registry.npmjs.org/color-convert 95ms (cache revalidated)
1023 silly packumentCache full:https://registry.npmjs.org/color-convert set size:72663 disposed:false
1024 silly placeDep ROOT color-convert@2.0.1 OK for: ansi-styles@4.3.0 want: ^2.0.1
1025 silly fetch manifest color-name@~1.1.4
1026 silly packumentCache full:https://registry.npmjs.org/color-name cache-miss
1027 http fetch GET 200 https://registry.npmjs.org/color-name 88ms (cache revalidated)
1028 silly packumentCache full:https://registry.npmjs.org/color-name set size:19467 disposed:false
1029 silly placeDep ROOT color-name@1.1.4 OK for: color-convert@2.0.1 want: ~1.1.4
1030 silly placeDep ROOT path-key@3.1.1 OK for: cross-spawn@7.0.6 want: ^3.1.0
1031 silly placeDep ROOT shebang-command@2.0.0 OK for: cross-spawn@7.0.6 want: ^2.0.0
1032 silly placeDep ROOT which@2.0.2 OK for: cross-spawn@7.0.6 want: ^2.0.1
1033 silly fetch manifest shebang-regex@^3.0.0
1034 silly packumentCache full:https://registry.npmjs.org/shebang-regex cache-miss
1035 silly fetch manifest isexe@^2.0.0
1036 silly packumentCache full:https://registry.npmjs.org/isexe cache-miss
1037 http fetch GET 200 https://registry.npmjs.org/shebang-regex 90ms (cache revalidated)
1038 silly packumentCache full:https://registry.npmjs.org/shebang-regex set size:9763 disposed:false
1039 http fetch GET 200 https://registry.npmjs.org/isexe 91ms (cache revalidated)
1040 silly packumentCache full:https://registry.npmjs.org/isexe set size:31756 disposed:false
1041 silly placeDep ROOT hermes-parser@0.25.1 OK for: eslint-plugin-react-hooks@7.0.1 want: ^0.25.1
1042 silly placeDep ROOT zod@4.3.6 OK for: eslint-plugin-react-hooks@7.0.1 want: ^3.25.0 || ^4.0.0
1043 silly placeDep ROOT zod-validation-error@4.0.2 OK for: eslint-plugin-react-hooks@7.0.1 want: ^3.5.0 || ^4.0.0
1044 silly fetch manifest hermes-estree@0.25.1
1045 silly packumentCache full:https://registry.npmjs.org/hermes-estree cache-miss
1046 http fetch GET 200 https://registry.npmjs.org/hermes-estree 92ms (cache revalidated)
1047 silly packumentCache full:https://registry.npmjs.org/hermes-estree set size:121216 disposed:false
1048 silly placeDep ROOT esrecurse@4.3.0 OK for: eslint-scope@8.4.0 want: ^4.3.0
1049 silly placeDep ROOT estraverse@5.3.0 OK for: eslint-scope@8.4.0 want: ^5.2.0
1050 silly placeDep ROOT acorn@8.15.0 OK for: espree@10.4.0 want: ^8.15.0
1051 silly placeDep ROOT acorn-jsx@5.3.2 OK for: espree@10.4.0 want: ^5.3.2
1052 silly placeDep ROOT flat-cache@4.0.1 OK for: file-entry-cache@8.0.0 want: ^4.0.0
1053 silly fetch manifest keyv@^4.5.4
1054 silly packumentCache full:https://registry.npmjs.org/keyv cache-miss
1055 silly fetch manifest flatted@^3.2.9
1056 silly packumentCache full:https://registry.npmjs.org/flatted cache-miss
1057 http fetch GET 200 https://registry.npmjs.org/keyv 96ms (cache revalidated)
1058 silly packumentCache full:https://registry.npmjs.org/keyv set size:235223 disposed:false
1059 http fetch GET 200 https://registry.npmjs.org/flatted 99ms (cache revalidated)
1060 silly packumentCache full:https://registry.npmjs.org/flatted set size:126610 disposed:false
1061 silly placeDep ROOT locate-path@6.0.0 OK for: find-up@5.0.0 want: ^6.0.0
1062 silly placeDep ROOT path-exists@4.0.0 OK for: find-up@5.0.0 want: ^4.0.0
1063 silly fetch manifest p-locate@^5.0.0
1064 silly packumentCache full:https://registry.npmjs.org/p-locate cache-miss
1065 http fetch GET 200 https://registry.npmjs.org/p-locate 90ms (cache revalidated)
1066 silly packumentCache full:https://registry.npmjs.org/p-locate set size:22488 disposed:false
1067 silly placeDep ROOT flatted@3.3.3 OK for: flat-cache@4.0.1 want: ^3.2.9
1068 silly placeDep ROOT keyv@4.5.4 OK for: flat-cache@4.0.1 want: ^4.5.4
1069 silly fetch manifest json-buffer@3.0.1
1070 silly packumentCache full:https://registry.npmjs.org/json-buffer cache-miss
1071 http fetch GET 200 https://registry.npmjs.org/json-buffer 88ms (cache revalidated)
1072 silly packumentCache full:https://registry.npmjs.org/json-buffer set size:23474 disposed:false
1073 silly placeDep ROOT hermes-estree@0.25.1 OK for: hermes-parser@0.25.1 want: 0.25.1
1074 silly placeDep ROOT parent-module@1.0.1 OK for: import-fresh@3.3.1 want: ^1.0.0
1075 silly placeDep ROOT resolve-from@4.0.0 OK for: import-fresh@3.3.1 want: ^4.0.0
1076 silly fetch manifest callsites@^3.0.0
1077 silly packumentCache full:https://registry.npmjs.org/callsites cache-miss
1078 http fetch GET 200 https://registry.npmjs.org/callsites 90ms (cache revalidated)
1079 silly packumentCache full:https://registry.npmjs.org/callsites set size:21349 disposed:false
1080 silly placeDep ROOT is-extglob@2.1.1 OK for: is-glob@4.0.3 want: ^2.1.1
1081 silly placeDep ROOT argparse@2.0.1 OK for: js-yaml@4.1.1 want: ^2.0.1
1082 silly placeDep ROOT json-buffer@3.0.1 OK for: keyv@4.5.4 want: 3.0.1
1083 silly placeDep ROOT prelude-ls@1.2.1 OK for: levn@0.4.1 want: ^1.2.1
1084 silly placeDep ROOT type-check@0.4.0 OK for: levn@0.4.1 want: ~0.4.0
1085 silly placeDep ROOT detect-libc@2.1.2 OK for: lightningcss@1.30.2 want: ^2.0.3
1086 silly placeDep ROOT lightningcss-android-arm64@1.30.2 OK for: lightningcss@1.30.2 want: 1.30.2
1087 silly placeDep ROOT lightningcss-darwin-arm64@1.30.2 OK for: lightningcss@1.30.2 want: 1.30.2
1088 silly placeDep ROOT lightningcss-darwin-x64@1.30.2 OK for: lightningcss@1.30.2 want: 1.30.2
1089 silly placeDep ROOT lightningcss-freebsd-x64@1.30.2 OK for: lightningcss@1.30.2 want: 1.30.2
1090 silly placeDep ROOT lightningcss-linux-arm-gnueabihf@1.30.2 OK for: lightningcss@1.30.2 want: 1.30.2
1091 silly placeDep ROOT lightningcss-linux-arm64-gnu@1.30.2 OK for: lightningcss@1.30.2 want: 1.30.2
1092 silly placeDep ROOT lightningcss-linux-arm64-musl@1.30.2 OK for: lightningcss@1.30.2 want: 1.30.2
1093 silly placeDep ROOT lightningcss-linux-x64-gnu@1.30.2 OK for: lightningcss@1.30.2 want: 1.30.2
1094 silly placeDep ROOT lightningcss-linux-x64-musl@1.30.2 OK for: lightningcss@1.30.2 want: 1.30.2
1095 silly placeDep ROOT lightningcss-win32-arm64-msvc@1.30.2 OK for: lightningcss@1.30.2 want: 1.30.2
1096 silly placeDep ROOT lightningcss-win32-x64-msvc@1.30.2 OK for: lightningcss@1.30.2 want: 1.30.2
1097 silly placeDep ROOT p-locate@5.0.0 OK for: locate-path@6.0.0 want: ^5.0.0
1098 silly fetch manifest p-limit@^3.0.2
1099 silly packumentCache full:https://registry.npmjs.org/p-limit cache-miss
1100 http fetch GET 200 https://registry.npmjs.org/p-limit 89ms (cache revalidated)
1101 silly packumentCache full:https://registry.npmjs.org/p-limit set size:61867 disposed:false
1102 silly placeDep ROOT yallist@3.1.1 OK for: lru-cache@5.1.1 want: ^3.0.2
1103 silly placeDep ROOT brace-expansion@1.1.12 OK for: minimatch@3.1.2 want: ^1.1.7
1104 silly fetch manifest concat-map@0.0.1
1105 silly packumentCache full:https://registry.npmjs.org/concat-map cache-miss
1106 silly fetch manifest balanced-match@^1.0.0
1107 silly packumentCache full:https://registry.npmjs.org/balanced-match cache-miss
1108 http fetch GET 200 https://registry.npmjs.org/balanced-match 87ms (cache revalidated)
1109 silly packumentCache full:https://registry.npmjs.org/balanced-match set size:34427 disposed:false
1110 http fetch GET 200 https://registry.npmjs.org/concat-map 89ms (cache revalidated)
1111 silly packumentCache full:https://registry.npmjs.org/concat-map set size:9290 disposed:false
1112 silly placeDep ROOT balanced-match@1.0.2 OK for: brace-expansion@1.1.12 want: ^1.0.0
1113 silly placeDep ROOT concat-map@0.0.1 OK for: brace-expansion@1.1.12 want: 0.0.1
1114 silly placeDep ROOT deep-is@0.1.4 OK for: optionator@0.9.4 want: ^0.1.3
1115 silly placeDep ROOT fast-levenshtein@2.0.6 OK for: optionator@0.9.4 want: ^2.0.6
1116 silly placeDep ROOT word-wrap@1.2.5 OK for: optionator@0.9.4 want: ^1.2.5
1117 silly placeDep ROOT p-limit@3.1.0 OK for: p-locate@5.0.0 want: ^3.0.2
1118 silly fetch manifest yocto-queue@^0.1.0
1119 silly packumentCache full:https://registry.npmjs.org/yocto-queue cache-miss
1120 http fetch GET 200 https://registry.npmjs.org/yocto-queue 92ms (cache revalidated)
1121 silly packumentCache full:https://registry.npmjs.org/yocto-queue set size:20256 disposed:false
1122 silly placeDep ROOT yocto-queue@0.1.0 OK for: p-limit@3.1.0 want: ^0.1.0
1123 silly placeDep ROOT callsites@3.1.0 OK for: parent-module@1.0.1 want: ^3.0.0
1124 silly placeDep ROOT nanoid@3.3.11 OK for: postcss@8.5.6 want: ^3.3.11
1125 silly placeDep ROOT scheduler@0.27.0 OK for: react-dom@19.2.4 want: ^0.27.0
1126 silly fetch manifest react@>=18
1127 silly packumentCache full:https://registry.npmjs.org/react cache-miss
1128 http cache https://registry.npmjs.org/react 17ms (cache hit)
1129 silly packumentCache full:https://registry.npmjs.org/react set size:6484332 disposed:false
1130 silly fetch manifest react-dom@>=18
1131 silly packumentCache full:https://registry.npmjs.org/react-dom cache-miss
1132 http cache https://registry.npmjs.org/react-dom 20ms (cache hit)
1133 silly packumentCache full:https://registry.npmjs.org/react-dom set size:8583741 disposed:false
1134 silly placeDep ROOT react-router@7.13.0 OK for: react-router-dom@7.13.0 want: 7.13.0
1135 silly fetch manifest cookie@^1.0.1
1136 silly packumentCache full:https://registry.npmjs.org/cookie cache-miss
1137 silly fetch manifest set-cookie-parser@^2.6.0
1138 silly packumentCache full:https://registry.npmjs.org/set-cookie-parser cache-miss
1139 http fetch GET 200 https://registry.npmjs.org/cookie 89ms (cache revalidated)
1140 silly packumentCache full:https://registry.npmjs.org/cookie set size:72891 disposed:false
1141 http fetch GET 200 https://registry.npmjs.org/set-cookie-parser 312ms (cache revalidated)
1142 silly packumentCache full:https://registry.npmjs.org/set-cookie-parser set size:70643 disposed:false
1143 silly placeDep ROOT cookie@1.1.1 OK for: react-router@7.13.0 want: ^1.0.1
1144 silly placeDep ROOT set-cookie-parser@2.7.2 OK for: react-router@7.13.0 want: ^2.6.0
1145 silly placeDep ROOT clsx@2.1.1 OK for: react-toastify@11.0.5 want: ^2.1.1
1146 silly placeDep ROOT shebang-regex@3.0.0 OK for: shebang-command@2.0.0 want: ^3.0.0
1147 silly placeDep ROOT has-flag@4.0.0 OK for: supports-color@7.2.0 want: ^4.0.0
1148 silly fetch manifest eslint@^8.57.0 || ^9.0.0
1149 silly packumentCache full:https://registry.npmjs.org/eslint cache-miss
1150 http cache https://registry.npmjs.org/eslint 8ms (cache hit)
1151 silly packumentCache full:https://registry.npmjs.org/eslint set size:1929113 disposed:false
1152 silly fetch manifest typescript@>=4.8.4 <6.0.0
1153 silly packumentCache full:https://registry.npmjs.org/typescript cache-miss
1154 http cache https://registry.npmjs.org/typescript 31ms (cache hit)
1155 silly packumentCache full:https://registry.npmjs.org/typescript set size:15246325 disposed:false
1156 silly placeDep ROOT @typescript-eslint/eslint-plugin@8.55.0 OK for: typescript-eslint@8.55.0 want: 8.55.0
1157 silly placeDep ROOT @typescript-eslint/parser@8.55.0 OK for: @typescript-eslint/eslint-plugin@8.55.0 want: ^8.55.0
1158 silly placeDep ROOT @typescript-eslint/typescript-estree@8.55.0 OK for: typescript-eslint@8.55.0 want: 8.55.0
1159 silly placeDep ROOT @typescript-eslint/utils@8.55.0 OK for: typescript-eslint@8.55.0 want: 8.55.0
1160 silly fetch manifest ignore@^7.0.5
1161 silly packumentCache full:https://registry.npmjs.org/ignore cache-hit
1162 silly fetch manifest ts-api-utils@^2.4.0
1163 silly packumentCache full:https://registry.npmjs.org/ts-api-utils cache-miss
1164 silly fetch manifest @typescript-eslint/type-utils@8.55.0
1165 silly packumentCache full:https://registry.npmjs.org/@typescript-eslint%2ftype-utils cache-miss
1166 silly fetch manifest @typescript-eslint/visitor-keys@8.55.0
1167 silly packumentCache full:https://registry.npmjs.org/@typescript-eslint%2fvisitor-keys cache-miss
1168 silly fetch manifest @typescript-eslint/scope-manager@8.55.0
1169 silly packumentCache full:https://registry.npmjs.org/@typescript-eslint%2fscope-manager cache-miss
1170 silly fetch manifest @typescript-eslint/types@8.55.0
1171 silly packumentCache full:https://registry.npmjs.org/@typescript-eslint%2ftypes cache-miss
1172 silly fetch manifest @typescript-eslint/visitor-keys@8.55.0
1173 silly packumentCache full:https://registry.npmjs.org/@typescript-eslint%2fvisitor-keys cache-miss
1174 silly fetch manifest @typescript-eslint/scope-manager@8.55.0
1175 silly packumentCache full:https://registry.npmjs.org/@typescript-eslint%2fscope-manager cache-miss
1176 http fetch GET 200 https://registry.npmjs.org/ts-api-utils 97ms (cache revalidated)
1177 silly packumentCache full:https://registry.npmjs.org/ts-api-utils set size:220519 disposed:false
1178 silly fetch manifest semver@^7.7.3
1179 silly packumentCache full:https://registry.npmjs.org/semver cache-hit
1180 silly fetch manifest minimatch@^9.0.5
1181 silly packumentCache full:https://registry.npmjs.org/minimatch cache-hit
1182 silly fetch manifest @typescript-eslint/types@8.55.0
1183 silly packumentCache full:https://registry.npmjs.org/@typescript-eslint%2ftypes cache-miss
1184 http fetch GET 200 https://registry.npmjs.org/@typescript-eslint%2fscope-manager 145ms (cache revalidated)
1185 silly packumentCache full:https://registry.npmjs.org/@typescript-eslint%2fscope-manager set size:12043816 disposed:false
1186 silly fetch manifest @typescript-eslint/visitor-keys@8.55.0
1187 silly packumentCache full:https://registry.npmjs.org/@typescript-eslint%2fvisitor-keys cache-miss
1188 http fetch GET 200 https://registry.npmjs.org/@typescript-eslint%2ftype-utils 196ms (cache revalidated)
1189 silly packumentCache full:https://registry.npmjs.org/@typescript-eslint%2ftype-utils set size:8922008 disposed:false
1190 silly fetch manifest @typescript-eslint/tsconfig-utils@8.55.0
1191 silly packumentCache full:https://registry.npmjs.org/@typescript-eslint%2ftsconfig-utils cache-miss
1192 http fetch GET 200 https://registry.npmjs.org/@typescript-eslint%2fscope-manager 257ms (cache revalidated)
1193 silly packumentCache full:https://registry.npmjs.org/@typescript-eslint%2fscope-manager set size:12043816 disposed:false
1194 silly fetch manifest @typescript-eslint/project-service@8.55.0
1195 silly packumentCache full:https://registry.npmjs.org/@typescript-eslint%2fproject-service cache-miss
1196 http fetch GET 200 https://registry.npmjs.org/@typescript-eslint%2fvisitor-keys 309ms (cache revalidated)
1197 silly packumentCache full:https://registry.npmjs.org/@typescript-eslint%2fvisitor-keys set size:11479401 disposed:false
1198 silly fetch manifest @typescript-eslint/types@8.55.0
1199 silly packumentCache full:https://registry.npmjs.org/@typescript-eslint%2ftypes cache-miss
1200 http fetch GET 200 https://registry.npmjs.org/@typescript-eslint%2fvisitor-keys 370ms (cache revalidated)
1201 silly packumentCache full:https://registry.npmjs.org/@typescript-eslint%2fvisitor-keys set size:11479401 disposed:false
1202 http fetch GET 200 https://registry.npmjs.org/@typescript-eslint%2ftypes 346ms (cache revalidated)
1203 silly packumentCache full:https://registry.npmjs.org/@typescript-eslint%2ftypes set size:11848861 disposed:false
1204 http fetch GET 200 https://registry.npmjs.org/@typescript-eslint%2ftypes 504ms (cache revalidated)
1205 silly packumentCache full:https://registry.npmjs.org/@typescript-eslint%2ftypes set size:11848861 disposed:false
1206 http cache https://registry.npmjs.org/@typescript-eslint%2fvisitor-keys 382ms (cache hit)
1207 silly packumentCache full:https://registry.npmjs.org/@typescript-eslint%2fvisitor-keys set size:11479401 disposed:false
1208 http fetch GET 200 https://registry.npmjs.org/@typescript-eslint%2ftypes 313ms (cache revalidated)
1209 silly packumentCache full:https://registry.npmjs.org/@typescript-eslint%2ftypes set size:11848861 disposed:false
1210 http fetch GET 200 https://registry.npmjs.org/@typescript-eslint%2ftsconfig-utils 485ms (cache revalidated)
1211 silly packumentCache full:https://registry.npmjs.org/@typescript-eslint%2ftsconfig-utils set size:885624 disposed:false
1212 http fetch GET 200 https://registry.npmjs.org/@typescript-eslint%2fproject-service 440ms (cache revalidated)
1213 silly packumentCache full:https://registry.npmjs.org/@typescript-eslint%2fproject-service set size:941756 disposed:false
1214 silly placeDep ROOT @typescript-eslint/scope-manager@8.55.0 OK for: @typescript-eslint/eslint-plugin@8.55.0 want: 8.55.0
1215 silly placeDep ROOT @typescript-eslint/type-utils@8.55.0 OK for: @typescript-eslint/eslint-plugin@8.55.0 want: 8.55.0
1216 silly placeDep ROOT @typescript-eslint/visitor-keys@8.55.0 OK for: @typescript-eslint/eslint-plugin@8.55.0 want: 8.55.0
1217 silly placeDep node_modules/@typescript-eslint/eslint-plugin ignore@7.0.5 OK for: @typescript-eslint/eslint-plugin@8.55.0 want: ^7.0.5
1218 silly placeDep ROOT ts-api-utils@2.4.0 OK for: @typescript-eslint/eslint-plugin@8.55.0 want: ^2.4.0
1219 silly placeDep ROOT @typescript-eslint/types@8.55.0 OK for: @typescript-eslint/parser@8.55.0 want: 8.55.0
1220 silly placeDep ROOT @typescript-eslint/project-service@8.55.0 OK for: @typescript-eslint/typescript-estree@8.55.0 want: 8.55.0
1221 silly placeDep ROOT @typescript-eslint/tsconfig-utils@8.55.0 OK for: @typescript-eslint/typescript-estree@8.55.0 want: 8.55.0
1222 silly placeDep node_modules/@typescript-eslint/typescript-estree minimatch@9.0.5 OK for: @typescript-eslint/typescript-estree@8.55.0 want: ^9.0.5
1223 silly placeDep node_modules/@typescript-eslint/typescript-estree semver@7.7.4 OK for: @typescript-eslint/typescript-estree@8.55.0 want: ^7.7.3
1224 silly placeDep ROOT tinyglobby@0.2.15 OK for: @typescript-eslint/typescript-estree@8.55.0 want: ^0.2.15
1225 silly fetch manifest @typescript-eslint/tsconfig-utils@^8.55.0
1226 silly packumentCache full:https://registry.npmjs.org/@typescript-eslint%2ftsconfig-utils cache-hit
1227 silly fetch manifest brace-expansion@^2.0.1
1228 silly packumentCache full:https://registry.npmjs.org/brace-expansion cache-hit
1229 silly placeDep ROOT fdir@6.5.0 OK for: tinyglobby@0.2.15 want: ^6.5.0
1230 silly placeDep ROOT picomatch@4.0.3 OK for: tinyglobby@0.2.15 want: ^4.0.3
1231 silly placeDep ROOT escalade@3.2.0 OK for: update-browserslist-db@1.2.3 want: ^3.2.0
1232 silly placeDep ROOT punycode@2.3.1 OK for: uri-js@4.4.1 want: ^2.1.0
1233 silly placeDep ROOT esbuild@0.27.3 OK for: vite@7.3.1 want: ^0.27.0
1234 silly placeDep ROOT fsevents@2.3.3 OK for: vite@7.3.1 want: ~2.3.3
1235 silly placeDep ROOT rollup@4.57.1 OK for: vite@7.3.1 want: ^4.43.0
1236 silly fetch manifest @esbuild/aix-ppc64@0.27.3
1237 silly packumentCache full:https://registry.npmjs.org/@esbuild%2faix-ppc64 cache-miss
1238 silly fetch manifest @esbuild/android-arm@0.27.3
1239 silly packumentCache full:https://registry.npmjs.org/@esbuild%2fandroid-arm cache-miss
1240 silly fetch manifest @esbuild/android-arm64@0.27.3
1241 silly packumentCache full:https://registry.npmjs.org/@esbuild%2fandroid-arm64 cache-miss
1242 silly fetch manifest @esbuild/android-x64@0.27.3
1243 silly packumentCache full:https://registry.npmjs.org/@esbuild%2fandroid-x64 cache-miss
1244 silly fetch manifest @esbuild/darwin-arm64@0.27.3
1245 silly packumentCache full:https://registry.npmjs.org/@esbuild%2fdarwin-arm64 cache-miss
1246 silly fetch manifest @esbuild/darwin-x64@0.27.3
1247 silly packumentCache full:https://registry.npmjs.org/@esbuild%2fdarwin-x64 cache-miss
1248 silly fetch manifest @esbuild/freebsd-arm64@0.27.3
1249 silly packumentCache full:https://registry.npmjs.org/@esbuild%2ffreebsd-arm64 cache-miss
1250 http fetch GET 200 https://registry.npmjs.org/@esbuild%2ffreebsd-arm64 103ms (cache revalidated)
1251 silly packumentCache full:https://registry.npmjs.org/@esbuild%2ffreebsd-arm64 set size:190447 disposed:false
1252 silly fetch manifest @esbuild/freebsd-x64@0.27.3
1253 silly packumentCache full:https://registry.npmjs.org/@esbuild%2ffreebsd-x64 cache-miss
1254 http fetch GET 200 https://registry.npmjs.org/@esbuild%2fdarwin-arm64 109ms (cache revalidated)
1255 silly packumentCache full:https://registry.npmjs.org/@esbuild%2fdarwin-arm64 set size:189596 disposed:false
1256 silly fetch manifest @esbuild/linux-arm@0.27.3
1257 silly packumentCache full:https://registry.npmjs.org/@esbuild%2flinux-arm cache-miss
1258 http fetch GET 200 https://registry.npmjs.org/@esbuild%2faix-ppc64 113ms (cache revalidated)
1259 silly packumentCache full:https://registry.npmjs.org/@esbuild%2faix-ppc64 set size:56029 disposed:false
1260 silly fetch manifest @esbuild/linux-arm64@0.27.3
1261 silly packumentCache full:https://registry.npmjs.org/@esbuild%2flinux-arm64 cache-miss
1262 http fetch GET 200 https://registry.npmjs.org/@esbuild%2fdarwin-x64 115ms (cache revalidated)
1263 silly packumentCache full:https://registry.npmjs.org/@esbuild%2fdarwin-x64 set size:187924 disposed:false
1264 silly fetch manifest @esbuild/linux-ia32@0.27.3
1265 silly packumentCache full:https://registry.npmjs.org/@esbuild%2flinux-ia32 cache-miss
1266 http fetch GET 200 https://registry.npmjs.org/@esbuild%2fandroid-arm64 190ms (cache revalidated)
1267 silly packumentCache full:https://registry.npmjs.org/@esbuild%2fandroid-arm64 set size:192279 disposed:false
1268 silly fetch manifest @esbuild/linux-loong64@0.27.3
1269 silly packumentCache full:https://registry.npmjs.org/@esbuild%2flinux-loong64 cache-miss
1270 http fetch GET 200 https://registry.npmjs.org/@esbuild%2fandroid-arm 194ms (cache revalidated)
1271 silly packumentCache full:https://registry.npmjs.org/@esbuild%2fandroid-arm set size:213504 disposed:false
1272 silly fetch manifest @esbuild/linux-mips64el@0.27.3
1273 silly packumentCache full:https://registry.npmjs.org/@esbuild%2flinux-mips64el cache-miss
1274 http fetch GET 200 https://registry.npmjs.org/@esbuild%2fandroid-x64 199ms (cache revalidated)
1275 silly packumentCache full:https://registry.npmjs.org/@esbuild%2fandroid-x64 set size:187307 disposed:false
1276 silly fetch manifest @esbuild/linux-ppc64@0.27.3
1277 silly packumentCache full:https://registry.npmjs.org/@esbuild%2flinux-ppc64 cache-miss
1278 http fetch GET 200 https://registry.npmjs.org/@esbuild%2flinux-arm64 94ms (cache revalidated)
1279 silly packumentCache full:https://registry.npmjs.org/@esbuild%2flinux-arm64 set size:188948 disposed:false
1280 silly fetch manifest @esbuild/linux-riscv64@0.27.3
1281 silly packumentCache full:https://registry.npmjs.org/@esbuild%2flinux-riscv64 cache-miss
1282 http fetch GET 200 https://registry.npmjs.org/@esbuild%2flinux-ia32 98ms (cache revalidated)
1283 silly packumentCache full:https://registry.npmjs.org/@esbuild%2flinux-ia32 set size:187877 disposed:false
1284 silly fetch manifest @esbuild/linux-s390x@0.27.3
1285 silly packumentCache full:https://registry.npmjs.org/@esbuild%2flinux-s390x cache-miss
1286 http fetch GET 200 https://registry.npmjs.org/@esbuild%2ffreebsd-x64 109ms (cache revalidated)
1287 silly packumentCache full:https://registry.npmjs.org/@esbuild%2ffreebsd-x64 set size:188756 disposed:false
1288 silly fetch manifest @esbuild/linux-x64@0.27.3
1289 silly packumentCache full:https://registry.npmjs.org/@esbuild%2flinux-x64 cache-miss
1290 http fetch GET 200 https://registry.npmjs.org/@esbuild%2flinux-arm 109ms (cache revalidated)
1291 silly packumentCache full:https://registry.npmjs.org/@esbuild%2flinux-arm set size:186917 disposed:false
1292 silly fetch manifest @esbuild/netbsd-arm64@0.27.3
1293 silly packumentCache full:https://registry.npmjs.org/@esbuild%2fnetbsd-arm64 cache-miss
1294 http fetch GET 200 https://registry.npmjs.org/@esbuild%2flinux-loong64 97ms (cache revalidated)
1295 silly packumentCache full:https://registry.npmjs.org/@esbuild%2flinux-loong64 set size:243782 disposed:false
1296 silly fetch manifest @esbuild/netbsd-x64@0.27.3
1297 silly packumentCache full:https://registry.npmjs.org/@esbuild%2fnetbsd-x64 cache-miss
1298 http fetch GET 200 https://registry.npmjs.org/@esbuild%2flinux-mips64el 101ms (cache revalidated)
1299 silly packumentCache full:https://registry.npmjs.org/@esbuild%2flinux-mips64el set size:192558 disposed:false
1300 silly fetch manifest @esbuild/openbsd-arm64@0.27.3
1301 silly packumentCache full:https://registry.npmjs.org/@esbuild%2fopenbsd-arm64 cache-miss
1302 http fetch GET 200 https://registry.npmjs.org/@esbuild%2flinux-ppc64 101ms (cache revalidated)
1303 silly packumentCache full:https://registry.npmjs.org/@esbuild%2flinux-ppc64 set size:190895 disposed:false
1304 silly fetch manifest @esbuild/openbsd-x64@0.27.3
1305 silly packumentCache full:https://registry.npmjs.org/@esbuild%2fopenbsd-x64 cache-miss
1306 http fetch GET 200 https://registry.npmjs.org/@esbuild%2flinux-riscv64 99ms (cache revalidated)
1307 silly packumentCache full:https://registry.npmjs.org/@esbuild%2flinux-riscv64 set size:190569 disposed:false
1308 silly fetch manifest @esbuild/openharmony-arm64@0.27.3
1309 silly packumentCache full:https://registry.npmjs.org/@esbuild%2fopenharmony-arm64 cache-miss
1310 http fetch GET 200 https://registry.npmjs.org/@esbuild%2flinux-s390x 99ms (cache revalidated)
1311 silly packumentCache full:https://registry.npmjs.org/@esbuild%2flinux-s390x set size:190391 disposed:false
1312 silly fetch manifest @esbuild/sunos-x64@0.27.3
1313 silly packumentCache full:https://registry.npmjs.org/@esbuild%2fsunos-x64 cache-miss
1314 http fetch GET 200 https://registry.npmjs.org/@esbuild%2fnetbsd-arm64 110ms (cache revalidated)
1315 silly packumentCache full:https://registry.npmjs.org/@esbuild%2fnetbsd-arm64 set size:32428 disposed:false
1316 silly fetch manifest @esbuild/win32-arm64@0.27.3
1317 silly packumentCache full:https://registry.npmjs.org/@esbuild%2fwin32-arm64 cache-miss
1318 http fetch GET 200 https://registry.npmjs.org/@esbuild%2fnetbsd-x64 102ms (cache revalidated)
1319 silly packumentCache full:https://registry.npmjs.org/@esbuild%2fnetbsd-x64 set size:185730 disposed:false
1320 silly fetch manifest @esbuild/win32-ia32@0.27.3
1321 silly packumentCache full:https://registry.npmjs.org/@esbuild%2fwin32-ia32 cache-miss
1322 http fetch GET 200 https://registry.npmjs.org/@esbuild%2fopenbsd-arm64 101ms (cache revalidated)
1323 silly packumentCache full:https://registry.npmjs.org/@esbuild%2fopenbsd-arm64 set size:37704 disposed:false
1324 silly fetch manifest @esbuild/win32-x64@0.27.3
1325 silly packumentCache full:https://registry.npmjs.org/@esbuild%2fwin32-x64 cache-miss
1326 http fetch GET 200 https://registry.npmjs.org/@esbuild%2fopenbsd-x64 100ms (cache revalidated)
1327 silly packumentCache full:https://registry.npmjs.org/@esbuild%2fopenbsd-x64 set size:188762 disposed:false
1328 silly fetch manifest @rollup/rollup-darwin-arm64@4.57.1
1329 silly packumentCache full:https://registry.npmjs.org/@rollup%2frollup-darwin-arm64 cache-miss
1330 http fetch GET 200 https://registry.npmjs.org/@esbuild%2flinux-x64 189ms (cache revalidated)
1331 silly packumentCache full:https://registry.npmjs.org/@esbuild%2flinux-x64 set size:187244 disposed:false
1332 silly fetch manifest @rollup/rollup-android-arm64@4.57.1
1333 silly packumentCache full:https://registry.npmjs.org/@rollup%2frollup-android-arm64 cache-miss
1334 http fetch GET 200 https://registry.npmjs.org/@esbuild%2fopenharmony-arm64 101ms (cache revalidated)
1335 silly packumentCache full:https://registry.npmjs.org/@esbuild%2fopenharmony-arm64 set size:21007 disposed:false
1336 silly fetch manifest @rollup/rollup-win32-arm64-msvc@4.57.1
1337 silly packumentCache full:https://registry.npmjs.org/@rollup%2frollup-win32-arm64-msvc cache-miss
1338 http fetch GET 200 https://registry.npmjs.org/@esbuild%2fsunos-x64 98ms (cache revalidated)
1339 silly packumentCache full:https://registry.npmjs.org/@esbuild%2fsunos-x64 set size:187474 disposed:false
1340 silly fetch manifest @rollup/rollup-freebsd-arm64@4.57.1
1341 silly packumentCache full:https://registry.npmjs.org/@rollup%2frollup-freebsd-arm64 cache-miss
1342 http fetch GET 200 https://registry.npmjs.org/@esbuild%2fwin32-arm64 102ms (cache revalidated)
1343 silly packumentCache full:https://registry.npmjs.org/@esbuild%2fwin32-arm64 set size:189169 disposed:false
1344 silly fetch manifest @rollup/rollup-linux-arm64-gnu@4.57.1
1345 silly packumentCache full:https://registry.npmjs.org/@rollup%2frollup-linux-arm64-gnu cache-miss
1346 http fetch GET 200 https://registry.npmjs.org/@esbuild%2fwin32-ia32 95ms (cache revalidated)
1347 silly packumentCache full:https://registry.npmjs.org/@esbuild%2fwin32-ia32 set size:188094 disposed:false
1348 silly fetch manifest @rollup/rollup-linux-arm64-musl@4.57.1
1349 silly packumentCache full:https://registry.npmjs.org/@rollup%2frollup-linux-arm64-musl cache-miss
1350 http fetch GET 200 https://registry.npmjs.org/@esbuild%2fwin32-x64 104ms (cache revalidated)
1351 silly packumentCache full:https://registry.npmjs.org/@esbuild%2fwin32-x64 set size:187476 disposed:false
1352 silly fetch manifest @rollup/rollup-android-arm-eabi@4.57.1
1353 silly packumentCache full:https://registry.npmjs.org/@rollup%2frollup-android-arm-eabi cache-miss
1354 http fetch GET 200 https://registry.npmjs.org/@rollup%2frollup-darwin-arm64 106ms (cache revalidated)
1355 silly packumentCache full:https://registry.npmjs.org/@rollup%2frollup-darwin-arm64 set size:322880 disposed:false
1356 silly fetch manifest @rollup/rollup-linux-arm-gnueabihf@4.57.1
1357 silly packumentCache full:https://registry.npmjs.org/@rollup%2frollup-linux-arm-gnueabihf cache-miss
1358 http fetch GET 200 https://registry.npmjs.org/@rollup%2frollup-win32-arm64-msvc 104ms (cache revalidated)
1359 silly packumentCache full:https://registry.npmjs.org/@rollup%2frollup-win32-arm64-msvc set size:327558 disposed:false
1360 silly fetch manifest @rollup/rollup-linux-arm-musleabihf@4.57.1
1361 silly packumentCache full:https://registry.npmjs.org/@rollup%2frollup-linux-arm-musleabihf cache-miss
1362 http fetch GET 200 https://registry.npmjs.org/@rollup%2frollup-freebsd-arm64 104ms (cache revalidated)
1363 silly packumentCache full:https://registry.npmjs.org/@rollup%2frollup-freebsd-arm64 set size:172519 disposed:false
1364 silly fetch manifest @rollup/rollup-win32-ia32-msvc@4.57.1
1365 silly packumentCache full:https://registry.npmjs.org/@rollup%2frollup-win32-ia32-msvc cache-miss
1366 http fetch GET 200 https://registry.npmjs.org/@rollup%2frollup-android-arm64 114ms (cache revalidated)
1367 silly packumentCache full:https://registry.npmjs.org/@rollup%2frollup-android-arm64 set size:324312 disposed:false
1368 silly fetch manifest @rollup/rollup-linux-loong64-gnu@4.57.1
1369 silly packumentCache full:https://registry.npmjs.org/@rollup%2frollup-linux-loong64-gnu cache-miss
1370 http fetch GET 200 https://registry.npmjs.org/@rollup%2frollup-linux-arm64-gnu 101ms (cache revalidated)
1371 silly packumentCache full:https://registry.npmjs.org/@rollup%2frollup-linux-arm64-gnu set size:329729 disposed:false
1372 silly fetch manifest @rollup/rollup-linux-loong64-musl@4.57.1
1373 silly packumentCache full:https://registry.npmjs.org/@rollup%2frollup-linux-loong64-musl cache-miss
1374 http fetch GET 200 https://registry.npmjs.org/@rollup%2frollup-linux-arm64-musl 124ms (cache revalidated)
1375 silly packumentCache full:https://registry.npmjs.org/@rollup%2frollup-linux-arm64-musl set size:285064 disposed:false
1376 silly fetch manifest @rollup/rollup-linux-riscv64-gnu@4.57.1
1377 silly packumentCache full:https://registry.npmjs.org/@rollup%2frollup-linux-riscv64-gnu cache-miss
1378 http fetch GET 200 https://registry.npmjs.org/@rollup%2frollup-linux-arm-gnueabihf 108ms (cache revalidated)
1379 silly packumentCache full:https://registry.npmjs.org/@rollup%2frollup-linux-arm-gnueabihf set size:333012 disposed:false
1380 silly fetch manifest @rollup/rollup-linux-riscv64-musl@4.57.1
1381 silly packumentCache full:https://registry.npmjs.org/@rollup%2frollup-linux-riscv64-musl cache-miss
1382 http fetch GET 200 https://registry.npmjs.org/@rollup%2frollup-android-arm-eabi 116ms (cache revalidated)
1383 silly packumentCache full:https://registry.npmjs.org/@rollup%2frollup-android-arm-eabi set size:327566 disposed:false
1384 silly fetch manifest @rollup/rollup-linux-ppc64-gnu@4.57.1
1385 silly packumentCache full:https://registry.npmjs.org/@rollup%2frollup-linux-ppc64-gnu cache-miss
1386 http fetch GET 200 https://registry.npmjs.org/@rollup%2frollup-linux-arm-musleabihf 108ms (cache revalidated)
1387 silly packumentCache full:https://registry.npmjs.org/@rollup%2frollup-linux-arm-musleabihf set size:227142 disposed:false
1388 silly fetch manifest @rollup/rollup-linux-ppc64-musl@4.57.1
1389 silly packumentCache full:https://registry.npmjs.org/@rollup%2frollup-linux-ppc64-musl cache-miss
1390 http fetch GET 200 https://registry.npmjs.org/@rollup%2frollup-win32-ia32-msvc 112ms (cache revalidated)
1391 silly packumentCache full:https://registry.npmjs.org/@rollup%2frollup-win32-ia32-msvc set size:326139 disposed:false
1392 silly fetch manifest @rollup/rollup-linux-s390x-gnu@4.57.1
1393 silly packumentCache full:https://registry.npmjs.org/@rollup%2frollup-linux-s390x-gnu cache-miss
1394 http fetch GET 200 https://registry.npmjs.org/@rollup%2frollup-linux-loong64-gnu 112ms (cache revalidated)
1395 silly packumentCache full:https://registry.npmjs.org/@rollup%2frollup-linux-loong64-gnu set size:54057 disposed:false
1396 silly fetch manifest @rollup/rollup-darwin-x64@4.57.1
1397 silly packumentCache full:https://registry.npmjs.org/@rollup%2frollup-darwin-x64 cache-miss
1398 http fetch GET 200 https://registry.npmjs.org/@rollup%2frollup-linux-loong64-musl 122ms (cache revalidated)
1399 silly packumentCache full:https://registry.npmjs.org/@rollup%2frollup-linux-loong64-musl set size:16014 disposed:false
1400 silly fetch manifest @rollup/rollup-win32-x64-gnu@4.57.1
1401 silly packumentCache full:https://registry.npmjs.org/@rollup%2frollup-win32-x64-gnu cache-miss
1402 http fetch GET 200 https://registry.npmjs.org/@rollup%2frollup-linux-riscv64-gnu 106ms (cache revalidated)
1403 silly packumentCache full:https://registry.npmjs.org/@rollup%2frollup-linux-riscv64-gnu set size:255744 disposed:false
1404 silly fetch manifest @rollup/rollup-win32-x64-msvc@4.57.1
1405 silly packumentCache full:https://registry.npmjs.org/@rollup%2frollup-win32-x64-msvc cache-miss
1406 http fetch GET 200 https://registry.npmjs.org/@rollup%2frollup-linux-riscv64-musl 108ms (cache revalidated)
1407 silly packumentCache full:https://registry.npmjs.org/@rollup%2frollup-linux-riscv64-musl set size:101680 disposed:false
1408 silly fetch manifest @rollup/rollup-freebsd-x64@4.57.1
1409 silly packumentCache full:https://registry.npmjs.org/@rollup%2frollup-freebsd-x64 cache-miss
1410 http fetch GET 200 https://registry.npmjs.org/@rollup%2frollup-linux-s390x-gnu 97ms (cache revalidated)
1411 silly packumentCache full:https://registry.npmjs.org/@rollup%2frollup-linux-s390x-gnu set size:229572 disposed:false
1412 silly fetch manifest @rollup/rollup-linux-x64-gnu@4.57.1
1413 silly packumentCache full:https://registry.npmjs.org/@rollup%2frollup-linux-x64-gnu cache-miss
1414 http fetch GET 200 https://registry.npmjs.org/@rollup%2frollup-linux-ppc64-musl 110ms (cache revalidated)
1415 silly packumentCache full:https://registry.npmjs.org/@rollup%2frollup-linux-ppc64-musl set size:15881 disposed:false
1416 silly fetch manifest @rollup/rollup-linux-x64-musl@4.57.1
1417 silly packumentCache full:https://registry.npmjs.org/@rollup%2frollup-linux-x64-musl cache-miss
1418 http fetch GET 200 https://registry.npmjs.org/@rollup%2frollup-darwin-x64 103ms (cache revalidated)
1419 silly packumentCache full:https://registry.npmjs.org/@rollup%2frollup-darwin-x64 set size:318204 disposed:false
1420 silly fetch manifest @rollup/rollup-openbsd-x64@4.57.1
1421 silly packumentCache full:https://registry.npmjs.org/@rollup%2frollup-openbsd-x64 cache-miss
1422 http fetch GET 200 https://registry.npmjs.org/@rollup%2frollup-linux-ppc64-gnu 118ms (cache revalidated)
1423 silly packumentCache full:https://registry.npmjs.org/@rollup%2frollup-linux-ppc64-gnu set size:74404 disposed:false
1424 silly fetch manifest @rollup/rollup-openharmony-arm64@4.57.1
1425 silly packumentCache full:https://registry.npmjs.org/@rollup%2frollup-openharmony-arm64 cache-miss
1426 http fetch GET 200 https://registry.npmjs.org/@rollup%2frollup-win32-x64-gnu 103ms (cache revalidated)
1427 silly packumentCache full:https://registry.npmjs.org/@rollup%2frollup-win32-x64-gnu set size:45988 disposed:false
1428 http fetch GET 200 https://registry.npmjs.org/@rollup%2frollup-win32-x64-msvc 104ms (cache revalidated)
1429 silly packumentCache full:https://registry.npmjs.org/@rollup%2frollup-win32-x64-msvc set size:322853 disposed:false
1430 http fetch GET 200 https://registry.npmjs.org/@rollup%2frollup-linux-x64-gnu 105ms (cache revalidated)
1431 silly packumentCache full:https://registry.npmjs.org/@rollup%2frollup-linux-x64-gnu set size:324990 disposed:false
1432 http fetch GET 200 https://registry.npmjs.org/@rollup%2frollup-linux-x64-musl 104ms (cache revalidated)
1433 silly packumentCache full:https://registry.npmjs.org/@rollup%2frollup-linux-x64-musl set size:324296 disposed:false
1434 http fetch GET 200 https://registry.npmjs.org/@rollup%2frollup-openbsd-x64 112ms (cache revalidated)
1435 silly packumentCache full:https://registry.npmjs.org/@rollup%2frollup-openbsd-x64 set size:15469 disposed:false
1436 http fetch GET 200 https://registry.npmjs.org/@rollup%2frollup-openharmony-arm64 114ms (cache revalidated)
1437 silly packumentCache full:https://registry.npmjs.org/@rollup%2frollup-openharmony-arm64 set size:55040 disposed:false
1438 http fetch GET 200 https://registry.npmjs.org/@rollup%2frollup-freebsd-x64 195ms (cache revalidated)
1439 silly packumentCache full:https://registry.npmjs.org/@rollup%2frollup-freebsd-x64 set size:170741 disposed:false
1440 silly placeDep ROOT @esbuild/aix-ppc64@0.27.3 OK for: esbuild@0.27.3 want: 0.27.3
1441 silly placeDep ROOT @esbuild/android-arm@0.27.3 OK for: esbuild@0.27.3 want: 0.27.3
1442 silly placeDep ROOT @esbuild/android-arm64@0.27.3 OK for: esbuild@0.27.3 want: 0.27.3
1443 silly placeDep ROOT @esbuild/android-x64@0.27.3 OK for: esbuild@0.27.3 want: 0.27.3
1444 silly placeDep ROOT @esbuild/darwin-arm64@0.27.3 OK for: esbuild@0.27.3 want: 0.27.3
1445 silly placeDep ROOT @esbuild/darwin-x64@0.27.3 OK for: esbuild@0.27.3 want: 0.27.3
1446 silly placeDep ROOT @esbuild/freebsd-arm64@0.27.3 OK for: esbuild@0.27.3 want: 0.27.3
1447 silly placeDep ROOT @esbuild/freebsd-x64@0.27.3 OK for: esbuild@0.27.3 want: 0.27.3
1448 silly placeDep ROOT @esbuild/linux-arm@0.27.3 OK for: esbuild@0.27.3 want: 0.27.3
1449 silly placeDep ROOT @esbuild/linux-arm64@0.27.3 OK for: esbuild@0.27.3 want: 0.27.3
1450 silly placeDep ROOT @esbuild/linux-ia32@0.27.3 OK for: esbuild@0.27.3 want: 0.27.3
1451 silly placeDep ROOT @esbuild/linux-loong64@0.27.3 OK for: esbuild@0.27.3 want: 0.27.3
1452 silly placeDep ROOT @esbuild/linux-mips64el@0.27.3 OK for: esbuild@0.27.3 want: 0.27.3
1453 silly placeDep ROOT @esbuild/linux-ppc64@0.27.3 OK for: esbuild@0.27.3 want: 0.27.3
1454 silly placeDep ROOT @esbuild/linux-riscv64@0.27.3 OK for: esbuild@0.27.3 want: 0.27.3
1455 silly placeDep ROOT @esbuild/linux-s390x@0.27.3 OK for: esbuild@0.27.3 want: 0.27.3
1456 silly placeDep ROOT @esbuild/linux-x64@0.27.3 OK for: esbuild@0.27.3 want: 0.27.3
1457 silly placeDep ROOT @esbuild/netbsd-arm64@0.27.3 OK for: esbuild@0.27.3 want: 0.27.3
1458 silly placeDep ROOT @esbuild/netbsd-x64@0.27.3 OK for: esbuild@0.27.3 want: 0.27.3
1459 silly placeDep ROOT @esbuild/openbsd-arm64@0.27.3 OK for: esbuild@0.27.3 want: 0.27.3
1460 silly placeDep ROOT @esbuild/openbsd-x64@0.27.3 OK for: esbuild@0.27.3 want: 0.27.3
1461 silly placeDep ROOT @esbuild/openharmony-arm64@0.27.3 OK for: esbuild@0.27.3 want: 0.27.3
1462 silly placeDep ROOT @esbuild/sunos-x64@0.27.3 OK for: esbuild@0.27.3 want: 0.27.3
1463 silly placeDep ROOT @esbuild/win32-arm64@0.27.3 OK for: esbuild@0.27.3 want: 0.27.3
1464 silly placeDep ROOT @esbuild/win32-ia32@0.27.3 OK for: esbuild@0.27.3 want: 0.27.3
1465 silly placeDep ROOT @esbuild/win32-x64@0.27.3 OK for: esbuild@0.27.3 want: 0.27.3
1466 silly placeDep ROOT @rollup/rollup-android-arm-eabi@4.57.1 OK for: rollup@4.57.1 want: 4.57.1
1467 silly placeDep ROOT @rollup/rollup-android-arm64@4.57.1 OK for: rollup@4.57.1 want: 4.57.1
1468 silly placeDep ROOT @rollup/rollup-darwin-arm64@4.57.1 OK for: rollup@4.57.1 want: 4.57.1
1469 silly placeDep ROOT @rollup/rollup-darwin-x64@4.57.1 OK for: rollup@4.57.1 want: 4.57.1
1470 silly placeDep ROOT @rollup/rollup-freebsd-arm64@4.57.1 OK for: rollup@4.57.1 want: 4.57.1
1471 silly placeDep ROOT @rollup/rollup-freebsd-x64@4.57.1 OK for: rollup@4.57.1 want: 4.57.1
1472 silly placeDep ROOT @rollup/rollup-linux-arm-gnueabihf@4.57.1 OK for: rollup@4.57.1 want: 4.57.1
1473 silly placeDep ROOT @rollup/rollup-linux-arm-musleabihf@4.57.1 OK for: rollup@4.57.1 want: 4.57.1
1474 silly placeDep ROOT @rollup/rollup-linux-arm64-gnu@4.57.1 OK for: rollup@4.57.1 want: 4.57.1
1475 silly placeDep ROOT @rollup/rollup-linux-arm64-musl@4.57.1 OK for: rollup@4.57.1 want: 4.57.1
1476 silly placeDep ROOT @rollup/rollup-linux-loong64-gnu@4.57.1 OK for: rollup@4.57.1 want: 4.57.1
1477 silly placeDep ROOT @rollup/rollup-linux-loong64-musl@4.57.1 OK for: rollup@4.57.1 want: 4.57.1
1478 silly placeDep ROOT @rollup/rollup-linux-ppc64-gnu@4.57.1 OK for: rollup@4.57.1 want: 4.57.1
1479 silly placeDep ROOT @rollup/rollup-linux-ppc64-musl@4.57.1 OK for: rollup@4.57.1 want: 4.57.1
1480 silly placeDep ROOT @rollup/rollup-linux-riscv64-gnu@4.57.1 OK for: rollup@4.57.1 want: 4.57.1
1481 silly placeDep ROOT @rollup/rollup-linux-riscv64-musl@4.57.1 OK for: rollup@4.57.1 want: 4.57.1
1482 silly placeDep ROOT @rollup/rollup-linux-s390x-gnu@4.57.1 OK for: rollup@4.57.1 want: 4.57.1
1483 silly placeDep ROOT @rollup/rollup-linux-x64-gnu@4.57.1 OK for: rollup@4.57.1 want: 4.57.1
1484 silly placeDep ROOT @rollup/rollup-linux-x64-musl@4.57.1 OK for: rollup@4.57.1 want: 4.57.1
1485 silly placeDep ROOT @rollup/rollup-openbsd-x64@4.57.1 OK for: rollup@4.57.1 want: 4.57.1
1486 silly placeDep ROOT @rollup/rollup-openharmony-arm64@4.57.1 OK for: rollup@4.57.1 want: 4.57.1
1487 silly placeDep ROOT @rollup/rollup-win32-arm64-msvc@4.57.1 OK for: rollup@4.57.1 want: 4.57.1
1488 silly placeDep ROOT @rollup/rollup-win32-ia32-msvc@4.57.1 OK for: rollup@4.57.1 want: 4.57.1
1489 silly placeDep ROOT @rollup/rollup-win32-x64-gnu@4.57.1 OK for: rollup@4.57.1 want: 4.57.1
1490 silly placeDep ROOT @rollup/rollup-win32-x64-msvc@4.57.1 OK for: rollup@4.57.1 want: 4.57.1
1491 silly placeDep ROOT isexe@2.0.0 OK for: which@2.0.2 want: ^2.0.0
1492 silly placeDep node_modules/@typescript-eslint/typescript-estree brace-expansion@2.0.2 OK for: minimatch@9.0.5 want: ^2.0.1
1493 silly reify moves {}
1494 silly audit bulk request {
1494 silly audit   '@eslint/js': [ '9.39.2' ],
1494 silly audit   '@tailwindcss/vite': [ '4.1.18' ],
1494 silly audit   vite: [ '7.3.1' ],
1494 silly audit   '@types/node': [ '24.10.13' ],
1494 silly audit   '@types/react': [ '19.2.14' ],
1494 silly audit   '@types/react-dom': [ '19.2.3' ],
1494 silly audit   '@vitejs/plugin-react': [ '5.1.4' ],
1494 silly audit   autoprefixer: [ '10.4.24' ],
1494 silly audit   postcss: [ '8.5.6' ],
1494 silly audit   eslint: [ '9.39.2' ],
1494 silly audit   'eslint-plugin-react-hooks': [ '7.0.1' ],
1494 silly audit   'eslint-plugin-react-refresh': [ '0.4.26' ],
1494 silly audit   globals: [ '16.5.0', '14.0.0' ],
1494 silly audit   react: [ '19.2.4' ],
1494 silly audit   'react-dom': [ '19.2.4' ],
1494 silly audit   'react-icons': [ '5.5.0' ],
1494 silly audit   'react-router-dom': [ '7.13.0' ],
1494 silly audit   'react-toastify': [ '11.0.5' ],
1494 silly audit   tailwindcss: [ '4.1.18' ],
1494 silly audit   typescript: [ '5.9.3' ],
1494 silly audit   'typescript-eslint': [ '8.55.0' ],
1494 silly audit   '@tailwindcss/node': [ '4.1.18' ],
1494 silly audit   '@tailwindcss/oxide': [ '4.1.18' ],
1494 silly audit   '@jridgewell/remapping': [ '2.3.5' ],
1494 silly audit   'enhanced-resolve': [ '5.19.0' ],
1494 silly audit   jiti: [ '2.6.1' ],
1494 silly audit   lightningcss: [ '1.30.2' ],
1494 silly audit   'magic-string': [ '0.30.21' ],
1494 silly audit   'source-map-js': [ '1.2.1' ],
1494 silly audit   '@jridgewell/gen-mapping': [ '0.3.13' ],
1494 silly audit   '@jridgewell/trace-mapping': [ '0.3.31' ],
1494 silly audit   '@jridgewell/sourcemap-codec': [ '1.5.5' ],
1494 silly audit   '@jridgewell/resolve-uri': [ '3.1.2' ],
1494 silly audit   '@tailwindcss/oxide-android-arm64': [ '4.1.18' ],
1494 silly audit   '@tailwindcss/oxide-darwin-arm64': [ '4.1.18' ],
1494 silly audit   '@tailwindcss/oxide-darwin-x64': [ '4.1.18' ],
1494 silly audit   '@tailwindcss/oxide-freebsd-x64': [ '4.1.18' ],
1494 silly audit   '@tailwindcss/oxide-linux-arm-gnueabihf': [ '4.1.18' ],
1494 silly audit   '@tailwindcss/oxide-linux-arm64-gnu': [ '4.1.18' ],
1494 silly audit   '@tailwindcss/oxide-linux-arm64-musl': [ '4.1.18' ],
1494 silly audit   '@tailwindcss/oxide-linux-x64-gnu': [ '4.1.18' ],
1494 silly audit   '@tailwindcss/oxide-linux-x64-musl': [ '4.1.18' ],
1494 silly audit   '@tailwindcss/oxide-wasm32-wasi': [ '4.1.18' ],
1494 silly audit   '@tailwindcss/oxide-win32-arm64-msvc': [ '4.1.18' ],
1494 silly audit   '@tailwindcss/oxide-win32-x64-msvc': [ '4.1.18' ],
1494 silly audit   'undici-types': [ '7.16.0' ],
1494 silly audit   csstype: [ '3.2.3' ],
1494 silly audit   '@babel/core': [ '7.29.0' ],
1494 silly audit   '@babel/plugin-transform-react-jsx-self': [ '7.27.1' ],
1494 silly audit   '@babel/plugin-transform-react-jsx-source': [ '7.27.1' ],
1494 silly audit   '@rolldown/pluginutils': [ '1.0.0-rc.3' ],
1494 silly audit   '@types/babel__core': [ '7.20.5' ],
1494 silly audit   'react-refresh': [ '0.18.0' ],
1494 silly audit   '@babel/code-frame': [ '7.29.0' ],
1494 silly audit   '@babel/generator': [ '7.29.1' ],
1494 silly audit   '@babel/helper-compilation-targets': [ '7.28.6' ],
1494 silly audit   '@babel/helper-module-transforms': [ '7.28.6' ],
1494 silly audit   '@babel/helpers': [ '7.28.6' ],
1494 silly audit   '@babel/parser': [ '7.29.0' ],
1494 silly audit   '@babel/template': [ '7.28.6' ],
1494 silly audit   '@babel/traverse': [ '7.29.0' ],
1494 silly audit   '@babel/types': [ '7.29.0' ],
1494 silly audit   'convert-source-map': [ '2.0.0' ],
1494 silly audit   debug: [ '4.4.3' ],
1494 silly audit   gensync: [ '1.0.0-beta.2' ],
1494 silly audit   json5: [ '2.2.3' ],
1494 silly audit   semver: [ '6.3.1', '7.7.4' ],
1494 silly audit   '@babel/helper-validator-identifier': [ '7.28.5' ],
1494 silly audit   'js-tokens': [ '4.0.0' ],
1494 silly audit   picocolors: [ '1.1.1' ],
1494 silly audit   jsesc: [ '3.1.0' ],
1494 silly audit   '@babel/compat-data': [ '7.29.0' ],
1494 silly audit   '@babel/helper-validator-option': [ '7.27.1' ],
1494 silly audit   browserslist: [ '4.28.1' ],
1494 silly audit   'lru-cache': [ '5.1.1' ],
1494 silly audit   '@babel/helper-module-imports': [ '7.28.6' ],
1494 silly audit   '@babel/helper-plugin-utils': [ '7.28.6' ],
1494 silly audit   '@babel/helper-globals': [ '7.28.0' ],
1494 silly audit   '@babel/helper-string-parser': [ '7.27.1' ],
1494 silly audit   '@types/babel__generator': [ '7.27.0' ],
1494 silly audit   '@types/babel__template': [ '7.4.4' ],
1494 silly audit   '@types/babel__traverse': [ '7.28.0' ],
1494 silly audit   'caniuse-lite': [ '1.0.30001769' ],
1494 silly audit   'fraction.js': [ '5.3.4' ],
1494 silly audit   'postcss-value-parser': [ '4.2.0' ],
1494 silly audit   'baseline-browser-mapping': [ '2.9.19' ],
1494 silly audit   'electron-to-chromium': [ '1.5.286' ],
1494 silly audit   'node-releases': [ '2.0.27' ],
1494 silly audit   'update-browserslist-db': [ '1.2.3' ],
1494 silly audit   ms: [ '2.1.3' ],
1494 silly audit   'graceful-fs': [ '4.2.11' ],
1494 silly audit   tapable: [ '2.3.0' ],
1494 silly audit   '@eslint-community/eslint-utils': [ '4.9.1' ],
1494 silly audit   '@eslint-community/regexpp': [ '4.12.2' ],
1494 silly audit   '@eslint/config-array': [ '0.21.1' ],
1494 silly audit   '@eslint/config-helpers': [ '0.4.2' ],
1494 silly audit   '@eslint/core': [ '0.17.0' ],
1494 silly audit   '@eslint/eslintrc': [ '3.3.3' ],
1494 silly audit   '@eslint/plugin-kit': [ '0.4.1' ],
1494 silly audit   '@humanfs/node': [ '0.16.7' ],
1494 silly audit   '@humanwhocodes/module-importer': [ '1.0.1' ],
1494 silly audit   '@humanwhocodes/retry': [ '0.4.3' ],
1494 silly audit   '@types/estree': [ '1.0.8' ],
1494 silly audit   ajv: [ '6.12.6' ],
1494 silly audit   chalk: [ '4.1.2' ],
1494 silly audit   'cross-spawn': [ '7.0.6' ],
1494 silly audit   'escape-string-regexp': [ '4.0.0' ],
1494 silly audit   'eslint-scope': [ '8.4.0' ],
1494 silly audit   'eslint-visitor-keys': [ '4.2.1', '3.4.3' ],
1494 silly audit   espree: [ '10.4.0' ],
1494 silly audit   esquery: [ '1.7.0' ],
1494 silly audit   esutils: [ '2.0.3' ],
1494 silly audit   'fast-deep-equal': [ '3.1.3' ],
1494 silly audit   'file-entry-cache': [ '8.0.0' ],
1494 silly audit   'find-up': [ '5.0.0' ],
1494 silly audit   'glob-parent': [ '6.0.2' ],
1494 silly audit   ignore: [ '5.3.2', '7.0.5' ],
1494 silly audit   imurmurhash: [ '0.1.4' ],
1494 silly audit   'is-glob': [ '4.0.3' ],
1494 silly audit   'json-stable-stringify-without-jsonify': [ '1.0.1' ],
1494 silly audit   'lodash.merge': [ '4.6.2' ],
1494 silly audit   minimatch: [ '3.1.2', '9.0.5' ],
1494 silly audit   'natural-compare': [ '1.4.0' ],
1494 silly audit   optionator: [ '0.9.4' ],
1494 silly audit   '@eslint/object-schema': [ '2.1.7' ],
1494 silly audit   '@types/json-schema': [ '7.0.15' ],
1494 silly audit   'import-fresh': [ '3.3.1' ],
1494 silly audit   'js-yaml': [ '4.1.1' ],
1494 silly audit   'strip-json-comments': [ '3.1.1' ],
1494 silly audit   levn: [ '0.4.1' ],
1494 silly audit   '@humanfs/core': [ '0.19.1' ],
1494 silly audit   'fast-json-stable-stringify': [ '2.1.0' ],
1494 silly audit   'json-schema-traverse': [ '0.4.1' ],
1494 silly audit   'uri-js': [ '4.4.1' ],
1494 silly audit   'ansi-styles': [ '4.3.0' ],
1494 silly audit   'supports-color': [ '7.2.0' ],
1494 silly audit   'color-convert': [ '2.0.1' ],
1494 silly audit   'color-name': [ '1.1.4' ],
1494 silly audit   'path-key': [ '3.1.1' ],
1494 silly audit   'shebang-command': [ '2.0.0' ],
1494 silly audit   which: [ '2.0.2' ],
1494 silly audit   'hermes-parser': [ '0.25.1' ],
1494 silly audit   zod: [ '4.3.6' ],
1494 silly audit   'zod-validation-error': [ '4.0.2' ],
1494 silly audit   esrecurse: [ '4.3.0' ],
1494 silly audit   estraverse: [ '5.3.0' ],
1494 silly audit   acorn: [ '8.15.0' ],
1494 silly audit   'acorn-jsx': [ '5.3.2' ],
1494 silly audit   'flat-cache': [ '4.0.1' ],
1494 silly audit   'locate-path': [ '6.0.0' ],
1494 silly audit   'path-exists': [ '4.0.0' ],
1494 silly audit   flatted: [ '3.3.3' ],
1494 silly audit   keyv: [ '4.5.4' ],
1494 silly audit   'hermes-estree': [ '0.25.1' ],
1494 silly audit   'parent-module': [ '1.0.1' ],
1494 silly audit   'resolve-from': [ '4.0.0' ],
1494 silly audit   'is-extglob': [ '2.1.1' ],
1494 silly audit   argparse: [ '2.0.1' ],
1494 silly audit   'json-buffer': [ '3.0.1' ],
1494 silly audit   'prelude-ls': [ '1.2.1' ],
1494 silly audit   'type-check': [ '0.4.0' ],
1494 silly audit   'detect-libc': [ '2.1.2' ],
1494 silly audit   'lightningcss-android-arm64': [ '1.30.2' ],
1494 silly audit   'lightningcss-darwin-arm64': [ '1.30.2' ],
1494 silly audit   'lightningcss-darwin-x64': [ '1.30.2' ],
1494 silly audit   'lightningcss-freebsd-x64': [ '1.30.2' ],
1494 silly audit   'lightningcss-linux-arm-gnueabihf': [ '1.30.2' ],
1494 silly audit   'lightningcss-linux-arm64-gnu': [ '1.30.2' ],
1494 silly audit   'lightningcss-linux-arm64-musl': [ '1.30.2' ],
1494 silly audit   'lightningcss-linux-x64-gnu': [ '1.30.2' ],
1494 silly audit   'lightningcss-linux-x64-musl': [ '1.30.2' ],
1494 silly audit   'lightningcss-win32-arm64-msvc': [ '1.30.2' ],
1494 silly audit   'lightningcss-win32-x64-msvc': [ '1.30.2' ],
1494 silly audit   'p-locate': [ '5.0.0' ],
1494 silly audit   yallist: [ '3.1.1' ],
1494 silly audit   'brace-expansion': [ '1.1.12', '2.0.2' ],
1494 silly audit   'balanced-match': [ '1.0.2' ],
1494 silly audit   'concat-map': [ '0.0.1' ],
1494 silly audit   'deep-is': [ '0.1.4' ],
1494 silly audit   'fast-levenshtein': [ '2.0.6' ],
1494 silly audit   'word-wrap': [ '1.2.5' ],
1494 silly audit   'p-limit': [ '3.1.0' ],
1494 silly audit   'yocto-queue': [ '0.1.0' ],
1494 silly audit   callsites: [ '3.1.0' ],
1494 silly audit   nanoid: [ '3.3.11' ],
1494 silly audit   scheduler: [ '0.27.0' ],
1494 silly audit   'react-router': [ '7.13.0' ],
1494 silly audit   cookie: [ '1.1.1' ],
1494 silly audit   'set-cookie-parser': [ '2.7.2' ],
1494 silly audit   clsx: [ '2.1.1' ],
1494 silly audit   'shebang-regex': [ '3.0.0' ],
1494 silly audit   'has-flag': [ '4.0.0' ],
1494 silly audit   '@typescript-eslint/eslint-plugin': [ '8.55.0' ],
1494 silly audit   '@typescript-eslint/parser': [ '8.55.0' ],
1494 silly audit   '@typescript-eslint/typescript-estree': [ '8.55.0' ],
1494 silly audit   '@typescript-eslint/utils': [ '8.55.0' ],
1494 silly audit   '@typescript-eslint/scope-manager': [ '8.55.0' ],
1494 silly audit   '@typescript-eslint/type-utils': [ '8.55.0' ],
1494 silly audit   '@typescript-eslint/visitor-keys': [ '8.55.0' ],
1494 silly audit   'ts-api-utils': [ '2.4.0' ],
1494 silly audit   '@typescript-eslint/types': [ '8.55.0' ],
1494 silly audit   '@typescript-eslint/project-service': [ '8.55.0' ],
1494 silly audit   '@typescript-eslint/tsconfig-utils': [ '8.55.0' ],
1494 silly audit   tinyglobby: [ '0.2.15' ],
1494 silly audit   fdir: [ '6.5.0' ],
1494 silly audit   picomatch: [ '4.0.3' ],
1494 silly audit   escalade: [ '3.2.0' ],
1494 silly audit   punycode: [ '2.3.1' ],
1494 silly audit   esbuild: [ '0.27.3' ],
1494 silly audit   fsevents: [ '2.3.3' ],
1494 silly audit   rollup: [ '4.57.1' ],
1494 silly audit   '@esbuild/aix-ppc64': [ '0.27.3' ],
1494 silly audit   '@esbuild/android-arm': [ '0.27.3' ],
1494 silly audit   '@esbuild/android-arm64': [ '0.27.3' ],
1494 silly audit   '@esbuild/android-x64': [ '0.27.3' ],
1494 silly audit   '@esbuild/darwin-arm64': [ '0.27.3' ],
1494 silly audit   '@esbuild/darwin-x64': [ '0.27.3' ],
1494 silly audit   '@esbuild/freebsd-arm64': [ '0.27.3' ],
1494 silly audit   '@esbuild/freebsd-x64': [ '0.27.3' ],
1494 silly audit   '@esbuild/linux-arm': [ '0.27.3' ],
1494 silly audit   '@esbuild/linux-arm64': [ '0.27.3' ],
1494 silly audit   '@esbuild/linux-ia32': [ '0.27.3' ],
1494 silly audit   '@esbuild/linux-loong64': [ '0.27.3' ],
1494 silly audit   '@esbuild/linux-mips64el': [ '0.27.3' ],
1494 silly audit   '@esbuild/linux-ppc64': [ '0.27.3' ],
1494 silly audit   '@esbuild/linux-riscv64': [ '0.27.3' ],
1494 silly audit   '@esbuild/linux-s390x': [ '0.27.3' ],
1494 silly audit   '@esbuild/linux-x64': [ '0.27.3' ],
1494 silly audit   '@esbuild/netbsd-arm64': [ '0.27.3' ],
1494 silly audit   '@esbuild/netbsd-x64': [ '0.27.3' ],
1494 silly audit   '@esbuild/openbsd-arm64': [ '0.27.3' ],
1494 silly audit   '@esbuild/openbsd-x64': [ '0.27.3' ],
1494 silly audit   '@esbuild/openharmony-arm64': [ '0.27.3' ],
1494 silly audit   '@esbuild/sunos-x64': [ '0.27.3' ],
1494 silly audit   '@esbuild/win32-arm64': [ '0.27.3' ],
1494 silly audit   '@esbuild/win32-ia32': [ '0.27.3' ],
1494 silly audit   '@esbuild/win32-x64': [ '0.27.3' ],
1494 silly audit   '@rollup/rollup-android-arm-eabi': [ '4.57.1' ],
1494 silly audit   '@rollup/rollup-android-arm64': [ '4.57.1' ],
1494 silly audit   '@rollup/rollup-darwin-arm64': [ '4.57.1' ],
1494 silly audit   '@rollup/rollup-darwin-x64': [ '4.57.1' ],
1494 silly audit   '@rollup/rollup-freebsd-arm64': [ '4.57.1' ],
1494 silly audit   '@rollup/rollup-freebsd-x64': [ '4.57.1' ],
1494 silly audit   '@rollup/rollup-linux-arm-gnueabihf': [ '4.57.1' ],
1494 silly audit   '@rollup/rollup-linux-arm-musleabihf': [ '4.57.1' ],
1494 silly audit   '@rollup/rollup-linux-arm64-gnu': [ '4.57.1' ],
1494 silly audit   '@rollup/rollup-linux-arm64-musl': [ '4.57.1' ],
1494 silly audit   '@rollup/rollup-linux-loong64-gnu': [ '4.57.1' ],
1494 silly audit   '@rollup/rollup-linux-loong64-musl': [ '4.57.1' ],
1494 silly audit   '@rollup/rollup-linux-ppc64-gnu': [ '4.57.1' ],
1494 silly audit   '@rollup/rollup-linux-ppc64-musl': [ '4.57.1' ],
1494 silly audit   '@rollup/rollup-linux-riscv64-gnu': [ '4.57.1' ],
1494 silly audit   '@rollup/rollup-linux-riscv64-musl': [ '4.57.1' ],
1494 silly audit   '@rollup/rollup-linux-s390x-gnu': [ '4.57.1' ],
1494 silly audit   '@rollup/rollup-linux-x64-gnu': [ '4.57.1' ],
1494 silly audit   '@rollup/rollup-linux-x64-musl': [ '4.57.1' ],
1494 silly audit   '@rollup/rollup-openbsd-x64': [ '4.57.1' ],
1494 silly audit   '@rollup/rollup-openharmony-arm64': [ '4.57.1' ],
1494 silly audit   '@rollup/rollup-win32-arm64-msvc': [ '4.57.1' ],
1494 silly audit   '@rollup/rollup-win32-ia32-msvc': [ '4.57.1' ],
1494 silly audit   '@rollup/rollup-win32-x64-gnu': [ '4.57.1' ],
1494 silly audit   '@rollup/rollup-win32-x64-msvc': [ '4.57.1' ],
1494 silly audit   isexe: [ '2.0.0' ]
1494 silly audit }
1495 http cache isexe@https://registry.npmjs.org/isexe/-/isexe-2.0.0.tgz 0ms (cache hit)
1496 http cache @rollup/rollup-win32-x64-gnu@https://registry.npmjs.org/@rollup/rollup-win32-x64-gnu/-/rollup-win32-x64-gnu-4.57.1.tgz 0ms (cache hit)
1497 http cache rollup@https://registry.npmjs.org/rollup/-/rollup-4.57.1.tgz 0ms (cache hit)
1498 http cache @rollup/rollup-win32-x64-msvc@https://registry.npmjs.org/@rollup/rollup-win32-x64-msvc/-/rollup-win32-x64-msvc-4.57.1.tgz 0ms (cache hit)
1499 http cache @esbuild/win32-x64@https://registry.npmjs.org/@esbuild/win32-x64/-/win32-x64-0.27.3.tgz 0ms (cache hit)
1500 http cache punycode@https://registry.npmjs.org/punycode/-/punycode-2.3.1.tgz 0ms (cache hit)
1501 http cache esbuild@https://registry.npmjs.org/esbuild/-/esbuild-0.27.3.tgz 0ms (cache hit)
1502 http cache fdir@https://registry.npmjs.org/fdir/-/fdir-6.5.0.tgz 0ms (cache hit)
1503 http cache tinyglobby@https://registry.npmjs.org/tinyglobby/-/tinyglobby-0.2.15.tgz 0ms (cache hit)
1504 http cache @typescript-eslint/tsconfig-utils@https://registry.npmjs.org/@typescript-eslint/tsconfig-utils/-/tsconfig-utils-8.55.0.tgz 0ms (cache hit)
1505 http cache picomatch@https://registry.npmjs.org/picomatch/-/picomatch-4.0.3.tgz 0ms (cache hit)
1506 http cache escalade@https://registry.npmjs.org/escalade/-/escalade-3.2.0.tgz 0ms (cache hit)
1507 http cache ts-api-utils@https://registry.npmjs.org/ts-api-utils/-/ts-api-utils-2.4.0.tgz 0ms (cache hit)
1508 http cache @typescript-eslint/project-service@https://registry.npmjs.org/@typescript-eslint/project-service/-/project-service-8.55.0.tgz 0ms (cache hit)
1509 http cache @typescript-eslint/types@https://registry.npmjs.org/@typescript-eslint/types/-/types-8.55.0.tgz 0ms (cache hit)
1510 http cache @typescript-eslint/type-utils@https://registry.npmjs.org/@typescript-eslint/type-utils/-/type-utils-8.55.0.tgz 0ms (cache hit)
1511 http cache @typescript-eslint/scope-manager@https://registry.npmjs.org/@typescript-eslint/scope-manager/-/scope-manager-8.55.0.tgz 0ms (cache hit)
1512 http cache @typescript-eslint/utils@https://registry.npmjs.org/@typescript-eslint/utils/-/utils-8.55.0.tgz 0ms (cache hit)
1513 http cache @typescript-eslint/parser@https://registry.npmjs.org/@typescript-eslint/parser/-/parser-8.55.0.tgz 0ms (cache hit)
1514 http cache @typescript-eslint/typescript-estree@https://registry.npmjs.org/@typescript-eslint/typescript-estree/-/typescript-estree-8.55.0.tgz 0ms (cache hit)
1515 http cache has-flag@https://registry.npmjs.org/has-flag/-/has-flag-4.0.0.tgz 0ms (cache hit)
1516 http cache @typescript-eslint/eslint-plugin@https://registry.npmjs.org/@typescript-eslint/eslint-plugin/-/eslint-plugin-8.55.0.tgz 0ms (cache hit)
1517 http cache @typescript-eslint/visitor-keys@https://registry.npmjs.org/@typescript-eslint/visitor-keys/-/visitor-keys-8.55.0.tgz 0ms (cache hit)
1518 http cache clsx@https://registry.npmjs.org/clsx/-/clsx-2.1.1.tgz 0ms (cache hit)
1519 http cache set-cookie-parser@https://registry.npmjs.org/set-cookie-parser/-/set-cookie-parser-2.7.2.tgz 0ms (cache hit)
1520 http cache shebang-regex@https://registry.npmjs.org/shebang-regex/-/shebang-regex-3.0.0.tgz 0ms (cache hit)
1521 http cache react-router@https://registry.npmjs.org/react-router/-/react-router-7.13.0.tgz 0ms (cache hit)
1522 http cache cookie@https://registry.npmjs.org/cookie/-/cookie-1.1.1.tgz 0ms (cache hit)
1523 http cache nanoid@https://registry.npmjs.org/nanoid/-/nanoid-3.3.11.tgz 0ms (cache hit)
1524 http cache scheduler@https://registry.npmjs.org/scheduler/-/scheduler-0.27.0.tgz 0ms (cache hit)
1525 http cache callsites@https://registry.npmjs.org/callsites/-/callsites-3.1.0.tgz 0ms (cache hit)
1526 http cache yocto-queue@https://registry.npmjs.org/yocto-queue/-/yocto-queue-0.1.0.tgz 0ms (cache hit)
1527 http cache p-limit@https://registry.npmjs.org/p-limit/-/p-limit-3.1.0.tgz 0ms (cache hit)
1528 http cache word-wrap@https://registry.npmjs.org/word-wrap/-/word-wrap-1.2.5.tgz 0ms (cache hit)
1529 http cache deep-is@https://registry.npmjs.org/deep-is/-/deep-is-0.1.4.tgz 0ms (cache hit)
1530 http cache fast-levenshtein@https://registry.npmjs.org/fast-levenshtein/-/fast-levenshtein-2.0.6.tgz 0ms (cache hit)
1531 http cache balanced-match@https://registry.npmjs.org/balanced-match/-/balanced-match-1.0.2.tgz 0ms (cache hit)
1532 http cache concat-map@https://registry.npmjs.org/concat-map/-/concat-map-0.0.1.tgz 0ms (cache hit)
1533 http cache brace-expansion@https://registry.npmjs.org/brace-expansion/-/brace-expansion-1.1.12.tgz 0ms (cache hit)
1534 http cache p-locate@https://registry.npmjs.org/p-locate/-/p-locate-5.0.0.tgz 0ms (cache hit)
1535 http cache yallist@https://registry.npmjs.org/yallist/-/yallist-3.1.1.tgz 0ms (cache hit)
1536 http cache lightningcss-win32-x64-msvc@https://registry.npmjs.org/lightningcss-win32-x64-msvc/-/lightningcss-win32-x64-msvc-1.30.2.tgz 0ms (cache hit)
1537 http cache detect-libc@https://registry.npmjs.org/detect-libc/-/detect-libc-2.1.2.tgz 0ms (cache hit)
1538 http cache type-check@https://registry.npmjs.org/type-check/-/type-check-0.4.0.tgz 0ms (cache hit)
1539 http cache prelude-ls@https://registry.npmjs.org/prelude-ls/-/prelude-ls-1.2.1.tgz 0ms (cache hit)
1540 http cache argparse@https://registry.npmjs.org/argparse/-/argparse-2.0.1.tgz 0ms (cache hit)
1541 http cache is-extglob@https://registry.npmjs.org/is-extglob/-/is-extglob-2.1.1.tgz 0ms (cache hit)
1542 http cache json-buffer@https://registry.npmjs.org/json-buffer/-/json-buffer-3.0.1.tgz 0ms (cache hit)
1543 http cache resolve-from@https://registry.npmjs.org/resolve-from/-/resolve-from-4.0.0.tgz 0ms (cache hit)
1544 http cache parent-module@https://registry.npmjs.org/parent-module/-/parent-module-1.0.1.tgz 0ms (cache hit)
1545 http cache hermes-estree@https://registry.npmjs.org/hermes-estree/-/hermes-estree-0.25.1.tgz 0ms (cache hit)
1546 http cache keyv@https://registry.npmjs.org/keyv/-/keyv-4.5.4.tgz 0ms (cache hit)
1547 http cache path-exists@https://registry.npmjs.org/path-exists/-/path-exists-4.0.0.tgz 0ms (cache hit)
1548 http cache flatted@https://registry.npmjs.org/flatted/-/flatted-3.3.3.tgz 0ms (cache hit)
1549 http cache locate-path@https://registry.npmjs.org/locate-path/-/locate-path-6.0.0.tgz 0ms (cache hit)
1550 http cache flat-cache@https://registry.npmjs.org/flat-cache/-/flat-cache-4.0.1.tgz 0ms (cache hit)
1551 http cache acorn@https://registry.npmjs.org/acorn/-/acorn-8.15.0.tgz 0ms (cache hit)
1552 http cache zod-validation-error@https://registry.npmjs.org/zod-validation-error/-/zod-validation-error-4.0.2.tgz 0ms (cache hit)
1553 http cache estraverse@https://registry.npmjs.org/estraverse/-/estraverse-5.3.0.tgz 0ms (cache hit)
1554 http cache zod@https://registry.npmjs.org/zod/-/zod-4.3.6.tgz 0ms (cache hit)
1555 http cache which@https://registry.npmjs.org/which/-/which-2.0.2.tgz 0ms (cache hit)
1556 http cache hermes-parser@https://registry.npmjs.org/hermes-parser/-/hermes-parser-0.25.1.tgz 0ms (cache hit)
1557 http cache esrecurse@https://registry.npmjs.org/esrecurse/-/esrecurse-4.3.0.tgz 0ms (cache hit)
1558 http cache path-key@https://registry.npmjs.org/path-key/-/path-key-3.1.1.tgz 0ms (cache hit)
1559 http cache shebang-command@https://registry.npmjs.org/shebang-command/-/shebang-command-2.0.0.tgz 0ms (cache hit)
1560 http cache acorn-jsx@https://registry.npmjs.org/acorn-jsx/-/acorn-jsx-5.3.2.tgz 0ms (cache hit)
1561 http cache supports-color@https://registry.npmjs.org/supports-color/-/supports-color-7.2.0.tgz 0ms (cache hit)
1562 http cache color-convert@https://registry.npmjs.org/color-convert/-/color-convert-2.0.1.tgz 0ms (cache hit)
1563 http cache @humanfs/core@https://registry.npmjs.org/@humanfs/core/-/core-0.19.1.tgz 0ms (cache hit)
1564 http cache color-name@https://registry.npmjs.org/color-name/-/color-name-1.1.4.tgz 0ms (cache hit)
1565 http cache uri-js@https://registry.npmjs.org/uri-js/-/uri-js-4.4.1.tgz 0ms (cache hit)
1566 http cache json-schema-traverse@https://registry.npmjs.org/json-schema-traverse/-/json-schema-traverse-0.4.1.tgz 0ms (cache hit)
1567 http cache fast-json-stable-stringify@https://registry.npmjs.org/fast-json-stable-stringify/-/fast-json-stable-stringify-2.1.0.tgz 0ms (cache hit)
1568 http cache ansi-styles@https://registry.npmjs.org/ansi-styles/-/ansi-styles-4.3.0.tgz 0ms (cache hit)
1569 http cache levn@https://registry.npmjs.org/levn/-/levn-0.4.1.tgz 0ms (cache hit)
1570 http cache strip-json-comments@https://registry.npmjs.org/strip-json-comments/-/strip-json-comments-3.1.1.tgz 0ms (cache hit)
1571 http cache @types/json-schema@https://registry.npmjs.org/@types/json-schema/-/json-schema-7.0.15.tgz 0ms (cache hit)
1572 http cache @eslint/object-schema@https://registry.npmjs.org/@eslint/object-schema/-/object-schema-2.1.7.tgz 0ms (cache hit)
1573 http cache import-fresh@https://registry.npmjs.org/import-fresh/-/import-fresh-3.3.1.tgz 0ms (cache hit)
1574 http cache js-yaml@https://registry.npmjs.org/js-yaml/-/js-yaml-4.1.1.tgz 0ms (cache hit)
1575 http cache optionator@https://registry.npmjs.org/optionator/-/optionator-0.9.4.tgz 0ms (cache hit)
1576 http cache natural-compare@https://registry.npmjs.org/natural-compare/-/natural-compare-1.4.0.tgz 0ms (cache hit)
1577 http cache minimatch@https://registry.npmjs.org/minimatch/-/minimatch-3.1.2.tgz 0ms (cache hit)
1578 http cache lodash.merge@https://registry.npmjs.org/lodash.merge/-/lodash.merge-4.6.2.tgz 0ms (cache hit)
1579 http cache json-stable-stringify-without-jsonify@https://registry.npmjs.org/json-stable-stringify-without-jsonify/-/json-stable-stringify-without-jsonify-1.0.1.tgz 0ms (cache hit)
1580 http cache is-glob@https://registry.npmjs.org/is-glob/-/is-glob-4.0.3.tgz 0ms (cache hit)
1581 http cache imurmurhash@https://registry.npmjs.org/imurmurhash/-/imurmurhash-0.1.4.tgz 0ms (cache hit)
1582 http cache ignore@https://registry.npmjs.org/ignore/-/ignore-5.3.2.tgz 0ms (cache hit)
1583 http cache glob-parent@https://registry.npmjs.org/glob-parent/-/glob-parent-6.0.2.tgz 0ms (cache hit)
1584 http cache find-up@https://registry.npmjs.org/find-up/-/find-up-5.0.0.tgz 0ms (cache hit)
1585 http cache fast-deep-equal@https://registry.npmjs.org/fast-deep-equal/-/fast-deep-equal-3.1.3.tgz 0ms (cache hit)
1586 http cache file-entry-cache@https://registry.npmjs.org/file-entry-cache/-/file-entry-cache-8.0.0.tgz 0ms (cache hit)
1587 http cache esquery@https://registry.npmjs.org/esquery/-/esquery-1.7.0.tgz 0ms (cache hit)
1588 http cache esutils@https://registry.npmjs.org/esutils/-/esutils-2.0.3.tgz 0ms (cache hit)
1589 http cache espree@https://registry.npmjs.org/espree/-/espree-10.4.0.tgz 0ms (cache hit)
1590 http cache eslint-visitor-keys@https://registry.npmjs.org/eslint-visitor-keys/-/eslint-visitor-keys-4.2.1.tgz 0ms (cache hit)
1591 http cache eslint-scope@https://registry.npmjs.org/eslint-scope/-/eslint-scope-8.4.0.tgz 0ms (cache hit)
1592 http cache escape-string-regexp@https://registry.npmjs.org/escape-string-regexp/-/escape-string-regexp-4.0.0.tgz 0ms (cache hit)
1593 http cache chalk@https://registry.npmjs.org/chalk/-/chalk-4.1.2.tgz 0ms (cache hit)
1594 http cache cross-spawn@https://registry.npmjs.org/cross-spawn/-/cross-spawn-7.0.6.tgz 0ms (cache hit)
1595 http cache @types/estree@https://registry.npmjs.org/@types/estree/-/estree-1.0.8.tgz 0ms (cache hit)
1596 http cache ajv@https://registry.npmjs.org/ajv/-/ajv-6.12.6.tgz 0ms (cache hit)
1597 http cache @humanwhocodes/module-importer@https://registry.npmjs.org/@humanwhocodes/module-importer/-/module-importer-1.0.1.tgz 0ms (cache hit)
1598 http cache @humanwhocodes/retry@https://registry.npmjs.org/@humanwhocodes/retry/-/retry-0.4.3.tgz 0ms (cache hit)
1599 http cache @humanfs/node@https://registry.npmjs.org/@humanfs/node/-/node-0.16.7.tgz 0ms (cache hit)
1600 http cache @eslint/plugin-kit@https://registry.npmjs.org/@eslint/plugin-kit/-/plugin-kit-0.4.1.tgz 0ms (cache hit)
1601 http cache @eslint/eslintrc@https://registry.npmjs.org/@eslint/eslintrc/-/eslintrc-3.3.3.tgz 0ms (cache hit)
1602 http cache @eslint/core@https://registry.npmjs.org/@eslint/core/-/core-0.17.0.tgz 0ms (cache hit)
1603 http cache @eslint/config-helpers@https://registry.npmjs.org/@eslint/config-helpers/-/config-helpers-0.4.2.tgz 0ms (cache hit)
1604 http cache @eslint-community/regexpp@https://registry.npmjs.org/@eslint-community/regexpp/-/regexpp-4.12.2.tgz 0ms (cache hit)
1605 http cache @eslint-community/eslint-utils@https://registry.npmjs.org/@eslint-community/eslint-utils/-/eslint-utils-4.9.1.tgz 0ms (cache hit)
1606 http cache @eslint/config-array@https://registry.npmjs.org/@eslint/config-array/-/config-array-0.21.1.tgz 0ms (cache hit)
1607 http cache tapable@https://registry.npmjs.org/tapable/-/tapable-2.3.0.tgz 0ms (cache hit)
1608 http cache ms@https://registry.npmjs.org/ms/-/ms-2.1.3.tgz 0ms (cache hit)
1609 http cache node-releases@https://registry.npmjs.org/node-releases/-/node-releases-2.0.27.tgz 0ms (cache hit)
1610 http cache graceful-fs@https://registry.npmjs.org/graceful-fs/-/graceful-fs-4.2.11.tgz 0ms (cache hit)
1611 http cache update-browserslist-db@https://registry.npmjs.org/update-browserslist-db/-/update-browserslist-db-1.2.3.tgz 0ms (cache hit)
1612 http cache electron-to-chromium@https://registry.npmjs.org/electron-to-chromium/-/electron-to-chromium-1.5.286.tgz 0ms (cache hit)
1613 http cache postcss-value-parser@https://registry.npmjs.org/postcss-value-parser/-/postcss-value-parser-4.2.0.tgz 0ms (cache hit)
1614 http cache fraction.js@https://registry.npmjs.org/fraction.js/-/fraction.js-5.3.4.tgz 0ms (cache hit)
1615 http cache baseline-browser-mapping@https://registry.npmjs.org/baseline-browser-mapping/-/baseline-browser-mapping-2.9.19.tgz 0ms (cache hit)
1616 http cache caniuse-lite@https://registry.npmjs.org/caniuse-lite/-/caniuse-lite-1.0.30001769.tgz 0ms (cache hit)
1617 http cache @types/babel__traverse@https://registry.npmjs.org/@types/babel__traverse/-/babel__traverse-7.28.0.tgz 0ms (cache hit)
1618 http cache @types/babel__generator@https://registry.npmjs.org/@types/babel__generator/-/babel__generator-7.27.0.tgz 0ms (cache hit)
1619 http cache @types/babel__template@https://registry.npmjs.org/@types/babel__template/-/babel__template-7.4.4.tgz 0ms (cache hit)
1620 http cache @babel/helper-string-parser@https://registry.npmjs.org/@babel/helper-string-parser/-/helper-string-parser-7.27.1.tgz 0ms (cache hit)
1621 http cache lru-cache@https://registry.npmjs.org/lru-cache/-/lru-cache-5.1.1.tgz 0ms (cache hit)
1622 http cache browserslist@https://registry.npmjs.org/browserslist/-/browserslist-4.28.1.tgz 0ms (cache hit)
1623 http cache @babel/helper-globals@https://registry.npmjs.org/@babel/helper-globals/-/helper-globals-7.28.0.tgz 0ms (cache hit)
1624 http cache @babel/helper-module-imports@https://registry.npmjs.org/@babel/helper-module-imports/-/helper-module-imports-7.28.6.tgz 0ms (cache hit)
1625 http cache @babel/helper-plugin-utils@https://registry.npmjs.org/@babel/helper-plugin-utils/-/helper-plugin-utils-7.28.6.tgz 0ms (cache hit)
1626 http cache @babel/helper-validator-option@https://registry.npmjs.org/@babel/helper-validator-option/-/helper-validator-option-7.27.1.tgz 0ms (cache hit)
1627 http cache jsesc@https://registry.npmjs.org/jsesc/-/jsesc-3.1.0.tgz 0ms (cache hit)
1628 http cache @babel/compat-data@https://registry.npmjs.org/@babel/compat-data/-/compat-data-7.29.0.tgz 0ms (cache hit)
1629 http cache picocolors@https://registry.npmjs.org/picocolors/-/picocolors-1.1.1.tgz 0ms (cache hit)
1630 http cache js-tokens@https://registry.npmjs.org/js-tokens/-/js-tokens-4.0.0.tgz 0ms (cache hit)
1631 http cache semver@https://registry.npmjs.org/semver/-/semver-6.3.1.tgz 0ms (cache hit)
1632 http cache json5@https://registry.npmjs.org/json5/-/json5-2.2.3.tgz 0ms (cache hit)
1633 http cache @babel/helper-validator-identifier@https://registry.npmjs.org/@babel/helper-validator-identifier/-/helper-validator-identifier-7.28.5.tgz 0ms (cache hit)
1634 http cache debug@https://registry.npmjs.org/debug/-/debug-4.4.3.tgz 0ms (cache hit)
1635 http cache @babel/types@https://registry.npmjs.org/@babel/types/-/types-7.29.0.tgz 0ms (cache hit)
1636 http cache gensync@https://registry.npmjs.org/gensync/-/gensync-1.0.0-beta.2.tgz 0ms (cache hit)
1637 http cache convert-source-map@https://registry.npmjs.org/convert-source-map/-/convert-source-map-2.0.0.tgz 0ms (cache hit)
1638 http cache @babel/parser@https://registry.npmjs.org/@babel/parser/-/parser-7.29.0.tgz 0ms (cache hit)
1639 http cache @babel/traverse@https://registry.npmjs.org/@babel/traverse/-/traverse-7.29.0.tgz 0ms (cache hit)
1640 http cache @babel/template@https://registry.npmjs.org/@babel/template/-/template-7.28.6.tgz 0ms (cache hit)
1641 http cache @babel/helper-module-transforms@https://registry.npmjs.org/@babel/helper-module-transforms/-/helper-module-transforms-7.28.6.tgz 0ms (cache hit)
1642 http cache @babel/helpers@https://registry.npmjs.org/@babel/helpers/-/helpers-7.28.6.tgz 0ms (cache hit)
1643 http cache @babel/helper-compilation-targets@https://registry.npmjs.org/@babel/helper-compilation-targets/-/helper-compilation-targets-7.28.6.tgz 0ms (cache hit)
1644 http cache @babel/generator@https://registry.npmjs.org/@babel/generator/-/generator-7.29.1.tgz 0ms (cache hit)
1645 http cache @babel/code-frame@https://registry.npmjs.org/@babel/code-frame/-/code-frame-7.29.0.tgz 0ms (cache hit)
1646 http cache react-refresh@https://registry.npmjs.org/react-refresh/-/react-refresh-0.18.0.tgz 0ms (cache hit)
1647 http cache @babel/plugin-transform-react-jsx-source@https://registry.npmjs.org/@babel/plugin-transform-react-jsx-source/-/plugin-transform-react-jsx-source-7.27.1.tgz 0ms (cache hit)
1648 http cache @types/babel__core@https://registry.npmjs.org/@types/babel__core/-/babel__core-7.20.5.tgz 0ms (cache hit)
1649 http cache @rolldown/pluginutils@https://registry.npmjs.org/@rolldown/pluginutils/-/pluginutils-1.0.0-rc.3.tgz 0ms (cache hit)
1650 http cache csstype@https://registry.npmjs.org/csstype/-/csstype-3.2.3.tgz 0ms (cache hit)
1651 http cache @babel/core@https://registry.npmjs.org/@babel/core/-/core-7.29.0.tgz 0ms (cache hit)
1652 http cache @babel/plugin-transform-react-jsx-self@https://registry.npmjs.org/@babel/plugin-transform-react-jsx-self/-/plugin-transform-react-jsx-self-7.27.1.tgz 0ms (cache hit)
1653 http cache undici-types@https://registry.npmjs.org/undici-types/-/undici-types-7.16.0.tgz 0ms (cache hit)
1654 http cache @tailwindcss/oxide-win32-x64-msvc@https://registry.npmjs.org/@tailwindcss/oxide-win32-x64-msvc/-/oxide-win32-x64-msvc-4.1.18.tgz 0ms (cache hit)
1655 http cache @jridgewell/resolve-uri@https://registry.npmjs.org/@jridgewell/resolve-uri/-/resolve-uri-3.1.2.tgz 0ms (cache hit)
1656 http cache @jridgewell/gen-mapping@https://registry.npmjs.org/@jridgewell/gen-mapping/-/gen-mapping-0.3.13.tgz 0ms (cache hit)
1657 http cache @jridgewell/sourcemap-codec@https://registry.npmjs.org/@jridgewell/sourcemap-codec/-/sourcemap-codec-1.5.5.tgz 0ms (cache hit)
1658 http cache @jridgewell/trace-mapping@https://registry.npmjs.org/@jridgewell/trace-mapping/-/trace-mapping-0.3.31.tgz 0ms (cache hit)
1659 http cache lightningcss@https://registry.npmjs.org/lightningcss/-/lightningcss-1.30.2.tgz 0ms (cache hit)
1660 http cache source-map-js@https://registry.npmjs.org/source-map-js/-/source-map-js-1.2.1.tgz 0ms (cache hit)
1661 http cache magic-string@https://registry.npmjs.org/magic-string/-/magic-string-0.30.21.tgz 0ms (cache hit)
1662 http cache @tailwindcss/oxide@https://registry.npmjs.org/@tailwindcss/oxide/-/oxide-4.1.18.tgz 0ms (cache hit)
1663 http cache enhanced-resolve@https://registry.npmjs.org/enhanced-resolve/-/enhanced-resolve-5.19.0.tgz 0ms (cache hit)
1664 http cache @jridgewell/remapping@https://registry.npmjs.org/@jridgewell/remapping/-/remapping-2.3.5.tgz 1ms (cache hit)
1665 http cache typescript@https://registry.npmjs.org/typescript/-/typescript-5.9.3.tgz 0ms (cache hit)
1666 http cache @tailwindcss/node@https://registry.npmjs.org/@tailwindcss/node/-/node-4.1.18.tgz 0ms (cache hit)
1667 http cache jiti@https://registry.npmjs.org/jiti/-/jiti-2.6.1.tgz 0ms (cache hit)
1668 http cache react-toastify@https://registry.npmjs.org/react-toastify/-/react-toastify-11.0.5.tgz 0ms (cache hit)
1669 http cache typescript-eslint@https://registry.npmjs.org/typescript-eslint/-/typescript-eslint-8.55.0.tgz 0ms (cache hit)
1670 http cache react-router-dom@https://registry.npmjs.org/react-router-dom/-/react-router-dom-7.13.0.tgz 0ms (cache hit)
1671 http cache react-icons@https://registry.npmjs.org/react-icons/-/react-icons-5.5.0.tgz 0ms (cache hit)
1672 http cache tailwindcss@https://registry.npmjs.org/tailwindcss/-/tailwindcss-4.1.18.tgz 0ms (cache hit)
1673 http cache react-dom@https://registry.npmjs.org/react-dom/-/react-dom-19.2.4.tgz 0ms (cache hit)
1674 http cache react@https://registry.npmjs.org/react/-/react-19.2.4.tgz 0ms (cache hit)
1675 http cache globals@https://registry.npmjs.org/globals/-/globals-16.5.0.tgz 0ms (cache hit)
1676 http cache eslint-plugin-react-hooks@https://registry.npmjs.org/eslint-plugin-react-hooks/-/eslint-plugin-react-hooks-7.0.1.tgz 0ms (cache hit)
1677 http cache eslint@https://registry.npmjs.org/eslint/-/eslint-9.39.2.tgz 0ms (cache hit)
1678 http cache eslint-plugin-react-refresh@https://registry.npmjs.org/eslint-plugin-react-refresh/-/eslint-plugin-react-refresh-0.4.26.tgz 0ms (cache hit)
1679 http cache @types/react-dom@https://registry.npmjs.org/@types/react-dom/-/react-dom-19.2.3.tgz 0ms (cache hit)
1680 http cache @types/react@https://registry.npmjs.org/@types/react/-/react-19.2.14.tgz 0ms (cache hit)
1681 http cache autoprefixer@https://registry.npmjs.org/autoprefixer/-/autoprefixer-10.4.24.tgz 0ms (cache hit)
1682 http cache postcss@https://registry.npmjs.org/postcss/-/postcss-8.5.6.tgz 0ms (cache hit)
1683 http cache @vitejs/plugin-react@https://registry.npmjs.org/@vitejs/plugin-react/-/plugin-react-5.1.4.tgz 0ms (cache hit)
1684 http cache @types/node@https://registry.npmjs.org/@types/node/-/node-24.10.13.tgz 0ms (cache hit)
1685 http cache vite@https://registry.npmjs.org/vite/-/vite-7.3.1.tgz 0ms (cache hit)
1686 http cache @eslint/js@https://registry.npmjs.org/@eslint/js/-/js-9.39.2.tgz 0ms (cache hit)
1687 http cache @tailwindcss/vite@https://registry.npmjs.org/@tailwindcss/vite/-/vite-4.1.18.tgz 0ms (cache hit)
1688 http cache globals@https://registry.npmjs.org/globals/-/globals-14.0.0.tgz 0ms (cache hit)
1689 http cache minimatch@https://registry.npmjs.org/minimatch/-/minimatch-9.0.5.tgz 0ms (cache hit)
1690 http cache brace-expansion@https://registry.npmjs.org/brace-expansion/-/brace-expansion-2.0.2.tgz 0ms (cache hit)
1691 http cache semver@https://registry.npmjs.org/semver/-/semver-7.7.4.tgz 0ms (cache hit)
1692 http cache ignore@https://registry.npmjs.org/ignore/-/ignore-7.0.5.tgz 0ms (cache hit)
1693 http cache eslint-visitor-keys@https://registry.npmjs.org/eslint-visitor-keys/-/eslint-visitor-keys-3.4.3.tgz 0ms (cache hit)
1694 http fetch POST 200 https://registry.npmjs.org/-/npm/v1/security/advisories/bulk 811ms
1695 silly audit report {}
1696 info run esbuild@0.27.3 postinstall node_modules/esbuild node install.js
1697 info run esbuild@0.27.3 postinstall { code: 0, signal: null }
1698 silly ADD node_modules/isexe
1699 silly ADD node_modules/@rollup/rollup-win32-x64-msvc
1700 silly ADD node_modules/@rollup/rollup-win32-x64-gnu
1701 silly ADD node_modules/@esbuild/win32-x64
1702 silly ADD node_modules/rollup
1703 silly ADD node_modules/esbuild
1704 silly ADD node_modules/punycode
1705 silly ADD node_modules/escalade
1706 silly ADD node_modules/picomatch
1707 silly ADD node_modules/fdir
1708 silly ADD node_modules/tinyglobby
1709 silly ADD node_modules/@typescript-eslint/tsconfig-utils
1710 silly ADD node_modules/@typescript-eslint/project-service
1711 silly ADD node_modules/@typescript-eslint/types
1712 silly ADD node_modules/ts-api-utils
1713 silly ADD node_modules/@typescript-eslint/visitor-keys
1714 silly ADD node_modules/@typescript-eslint/type-utils
1715 silly ADD node_modules/@typescript-eslint/scope-manager
1716 silly ADD node_modules/@typescript-eslint/utils
1717 silly ADD node_modules/@typescript-eslint/typescript-estree
1718 silly ADD node_modules/@typescript-eslint/typescript-estree/node_modules/brace-expansion
1719 silly ADD node_modules/@typescript-eslint/typescript-estree/node_modules/semver
1720 silly ADD node_modules/@typescript-eslint/typescript-estree/node_modules/minimatch
1721 silly ADD node_modules/@typescript-eslint/parser
1722 silly ADD node_modules/@typescript-eslint/eslint-plugin
1723 silly ADD node_modules/@typescript-eslint/eslint-plugin/node_modules/ignore
1724 silly ADD node_modules/has-flag
1725 silly ADD node_modules/shebang-regex
1726 silly ADD node_modules/clsx
1727 silly ADD node_modules/set-cookie-parser
1728 silly ADD node_modules/cookie
1729 silly ADD node_modules/react-router
1730 silly ADD node_modules/scheduler
1731 silly ADD node_modules/nanoid
1732 silly ADD node_modules/callsites
1733 silly ADD node_modules/yocto-queue
1734 silly ADD node_modules/p-limit
1735 silly ADD node_modules/word-wrap
1736 silly ADD node_modules/fast-levenshtein
1737 silly ADD node_modules/deep-is
1738 silly ADD node_modules/concat-map
1739 silly ADD node_modules/balanced-match
1740 silly ADD node_modules/brace-expansion
1741 silly ADD node_modules/yallist
1742 silly ADD node_modules/p-locate
1743 silly ADD node_modules/lightningcss-win32-x64-msvc
1744 silly ADD node_modules/detect-libc
1745 silly ADD node_modules/type-check
1746 silly ADD node_modules/prelude-ls
1747 silly ADD node_modules/json-buffer
1748 silly ADD node_modules/argparse
1749 silly ADD node_modules/is-extglob
1750 silly ADD node_modules/resolve-from
1751 silly ADD node_modules/parent-module
1752 silly ADD node_modules/hermes-estree
1753 silly ADD node_modules/keyv
1754 silly ADD node_modules/flatted
1755 silly ADD node_modules/path-exists
1756 silly ADD node_modules/locate-path
1757 silly ADD node_modules/flat-cache
1758 silly ADD node_modules/acorn-jsx
1759 silly ADD node_modules/acorn
1760 silly ADD node_modules/estraverse
1761 silly ADD node_modules/esrecurse
1762 silly ADD node_modules/zod-validation-error
1763 silly ADD node_modules/zod
1764 silly ADD node_modules/hermes-parser
1765 silly ADD node_modules/which
1766 silly ADD node_modules/shebang-command
1767 silly ADD node_modules/path-key
1768 silly ADD node_modules/color-name
1769 silly ADD node_modules/color-convert
1770 silly ADD node_modules/supports-color
1771 silly ADD node_modules/ansi-styles
1772 silly ADD node_modules/uri-js
1773 silly ADD node_modules/json-schema-traverse
1774 silly ADD node_modules/fast-json-stable-stringify
1775 silly ADD node_modules/@humanfs/core
1776 silly ADD node_modules/levn
1777 silly ADD node_modules/strip-json-comments
1778 silly ADD node_modules/js-yaml
1779 silly ADD node_modules/import-fresh
1780 silly ADD node_modules/@types/json-schema
1781 silly ADD node_modules/@eslint/object-schema
1782 silly ADD node_modules/optionator
1783 silly ADD node_modules/natural-compare
1784 silly ADD node_modules/minimatch
1785 silly ADD node_modules/lodash.merge
1786 silly ADD node_modules/json-stable-stringify-without-jsonify
1787 silly ADD node_modules/is-glob
1788 silly ADD node_modules/imurmurhash
1789 silly ADD node_modules/ignore
1790 silly ADD node_modules/glob-parent
1791 silly ADD node_modules/find-up
1792 silly ADD node_modules/file-entry-cache
1793 silly ADD node_modules/fast-deep-equal
1794 silly ADD node_modules/esutils
1795 silly ADD node_modules/esquery
1796 silly ADD node_modules/espree
1797 silly ADD node_modules/eslint-visitor-keys
1798 silly ADD node_modules/eslint-scope
1799 silly ADD node_modules/escape-string-regexp
1800 silly ADD node_modules/cross-spawn
1801 silly ADD node_modules/chalk
1802 silly ADD node_modules/ajv
1803 silly ADD node_modules/@types/estree
1804 silly ADD node_modules/@humanwhocodes/retry
1805 silly ADD node_modules/@humanwhocodes/module-importer
1806 silly ADD node_modules/@humanfs/node
1807 silly ADD node_modules/@eslint/plugin-kit
1808 silly ADD node_modules/@eslint/eslintrc
1809 silly ADD node_modules/@eslint/eslintrc/node_modules/globals
1810 silly ADD node_modules/@eslint/core
1811 silly ADD node_modules/@eslint/config-helpers
1812 silly ADD node_modules/@eslint/config-array
1813 silly ADD node_modules/@eslint-community/regexpp
1814 silly ADD node_modules/@eslint-community/eslint-utils
1815 silly ADD node_modules/@eslint-community/eslint-utils/node_modules/eslint-visitor-keys
1816 silly ADD node_modules/tapable
1817 silly ADD node_modules/graceful-fs
1818 silly ADD node_modules/ms
1819 silly ADD node_modules/update-browserslist-db
1820 silly ADD node_modules/node-releases
1821 silly ADD node_modules/electron-to-chromium
1822 silly ADD node_modules/baseline-browser-mapping
1823 silly ADD node_modules/postcss-value-parser
1824 silly ADD node_modules/fraction.js
1825 silly ADD node_modules/caniuse-lite
1826 silly ADD node_modules/@types/babel__traverse
1827 silly ADD node_modules/@types/babel__template
1828 silly ADD node_modules/@types/babel__generator
1829 silly ADD node_modules/@babel/helper-string-parser
1830 silly ADD node_modules/@babel/helper-globals
1831 silly ADD node_modules/@babel/helper-plugin-utils
1832 silly ADD node_modules/@babel/helper-module-imports
1833 silly ADD node_modules/lru-cache
1834 silly ADD node_modules/browserslist
1835 silly ADD node_modules/@babel/helper-validator-option
1836 silly ADD node_modules/@babel/compat-data
1837 silly ADD node_modules/jsesc
1838 silly ADD node_modules/picocolors
1839 silly ADD node_modules/js-tokens
1840 silly ADD node_modules/@babel/helper-validator-identifier
1841 silly ADD node_modules/semver
1842 silly ADD node_modules/json5
1843 silly ADD node_modules/gensync
1844 silly ADD node_modules/debug
1845 silly ADD node_modules/convert-source-map
1846 silly ADD node_modules/@babel/types
1847 silly ADD node_modules/@babel/traverse
1848 silly ADD node_modules/@babel/template
1849 silly ADD node_modules/@babel/parser
1850 silly ADD node_modules/@babel/helpers
1851 silly ADD node_modules/@babel/helper-module-transforms
1852 silly ADD node_modules/@babel/helper-compilation-targets
1853 silly ADD node_modules/@babel/generator
1854 silly ADD node_modules/@babel/code-frame
1855 silly ADD node_modules/react-refresh
1856 silly ADD node_modules/@types/babel__core
1857 silly ADD node_modules/@rolldown/pluginutils
1858 silly ADD node_modules/@babel/plugin-transform-react-jsx-source
1859 silly ADD node_modules/@babel/plugin-transform-react-jsx-self
1860 silly ADD node_modules/@babel/core
1861 silly ADD node_modules/csstype
1862 silly ADD node_modules/undici-types
1863 silly ADD node_modules/@tailwindcss/oxide-win32-x64-msvc
1864 silly ADD node_modules/@jridgewell/resolve-uri
1865 silly ADD node_modules/@jridgewell/sourcemap-codec
1866 silly ADD node_modules/@jridgewell/trace-mapping
1867 silly ADD node_modules/@jridgewell/gen-mapping
1868 silly ADD node_modules/source-map-js
1869 silly ADD node_modules/magic-string
1870 silly ADD node_modules/lightningcss
1871 silly ADD node_modules/jiti
1872 silly ADD node_modules/enhanced-resolve
1873 silly ADD node_modules/@jridgewell/remapping
1874 silly ADD node_modules/@tailwindcss/oxide
1875 silly ADD node_modules/@tailwindcss/node
1876 silly ADD node_modules/typescript-eslint
1877 silly ADD node_modules/typescript
1878 silly ADD node_modules/tailwindcss
1879 silly ADD node_modules/react-toastify
1880 silly ADD node_modules/react-router-dom
1881 silly ADD node_modules/react-icons
1882 silly ADD node_modules/react-dom
1883 silly ADD node_modules/react
1884 silly ADD node_modules/globals
1885 silly ADD node_modules/eslint-plugin-react-refresh
1886 silly ADD node_modules/eslint-plugin-react-hooks
1887 silly ADD node_modules/eslint
1888 silly ADD node_modules/postcss
1889 silly ADD node_modules/autoprefixer
1890 silly ADD node_modules/@vitejs/plugin-react
1891 silly ADD node_modules/@types/react-dom
1892 silly ADD node_modules/@types/react
1893 silly ADD node_modules/@types/node
1894 silly ADD node_modules/vite
1895 silly ADD node_modules/@tailwindcss/vite
1896 silly ADD node_modules/@eslint/js
1897 verbose cwd C:\Users\Juan David\TiendaVirtual\tiendavirtual
1898 verbose os Windows_NT 10.0.26200
1899 verbose node v24.11.1
1900 verbose npm  v11.10.0
1901 verbose exit 0
1902 info ok
