0 verbose cli C:\Program Files\nodejs\node.exe C:\Users\Juan David\AppData\Roaming\npm\node_modules\npm\bin\npm-cli.js
1 info using npm@11.10.0
2 info using node@v24.11.1
3 silly config load:file:C:\Users\Juan David\AppData\Roaming\npm\node_modules\npm\npmrc
4 silly config load:file:C:\Users\Juan David\TiendaVirtual\tiendavirtual\.npmrc
5 silly config load:file:C:\Users\Juan David\.npmrc
6 silly config load:file:C:\Users\Juan David\AppData\Roaming\npm\etc\npmrc
7 verbose title npm install tailwindcss@3 postcss autoprefixer
8 verbose argv "install" "--save-dev" "tailwindcss@3" "postcss" "autoprefixer"
9 verbose logfile logs-max:10 dir:C:\Users\Juan David\TiendaVirtual\tiendavirtual\%USERPROFILE%\AppData\Local\npm-cache\_logs\2026-02-14T15_22_35_815Z-
10 verbose logfile C:\Users\Juan David\TiendaVirtual\tiendavirtual\%USERPROFILE%\AppData\Local\npm-cache\_logs\2026-02-14T15_22_35_815Z-debug-0.log
11 silly logfile start cleaning logs, removing 1 files
12 silly packumentCache heap:2348810240 maxSize:587202560 maxEntrySize:293601280
13 silly logfile done cleaning log files
14 silly idealTree buildDeps
15 silly fetch manifest @tailwindcss/vite@^4.1.17
16 silly packumentCache full:https://registry.npmjs.org/@tailwindcss%2fvite cache-miss
17 http fetch GET 200 https://registry.npmjs.org/@tailwindcss%2fvite 810ms (cache miss)
18 silly packumentCache full:https://registry.npmjs.org/@tailwindcss%2fvite set size:undefined disposed:false
19 silly fetch manifest vite@^7.2.4
20 silly packumentCache full:https://registry.npmjs.org/vite cache-miss
21 http fetch GET 200 https://registry.npmjs.org/vite 787ms (cache miss)
22 silly packumentCache full:https://registry.npmjs.org/vite set size:undefined disposed:false
23 silly fetch manifest @types/node@^24.10.1
24 silly packumentCache full:https://registry.npmjs.org/@types%2fnode cache-miss
25 http fetch GET 200 https://registry.npmjs.org/@types%2fnode 222ms (cache miss)
26 silly packumentCache full:https://registry.npmjs.org/@types%2fnode set size:undefined disposed:false
27 silly fetch manifest jiti@>=1.21.0
28 silly packumentCache full:https://registry.npmjs.org/jiti cache-miss
29 http fetch GET 200 https://registry.npmjs.org/jiti 92ms (cache miss)
30 silly packumentCache full:https://registry.npmjs.org/jiti set size:undefined disposed:false
31 silly fetch manifest less@^4.0.0
32 silly packumentCache full:https://registry.npmjs.org/less cache-miss
33 http fetch GET 200 https://registry.npmjs.org/less 94ms (cache miss)
34 silly packumentCache full:https://registry.npmjs.org/less set size:undefined disposed:false
35 silly fetch manifest lightningcss@^1.21.0
36 silly packumentCache full:https://registry.npmjs.org/lightningcss cache-miss
37 http fetch GET 200 https://registry.npmjs.org/lightningcss 89ms (cache miss)
38 silly packumentCache full:https://registry.npmjs.org/lightningcss set size:undefined disposed:false
39 silly fetch manifest sass@^1.70.0
40 silly packumentCache full:https://registry.npmjs.org/sass cache-miss
41 http fetch GET 200 https://registry.npmjs.org/sass 106ms (cache miss)
42 silly packumentCache full:https://registry.npmjs.org/sass set size:undefined disposed:false
43 silly fetch manifest sass-embedded@^1.70.0
44 silly packumentCache full:https://registry.npmjs.org/sass-embedded cache-miss
45 http fetch GET 200 https://registry.npmjs.org/sass-embedded 100ms (cache miss)
46 silly packumentCache full:https://registry.npmjs.org/sass-embedded set size:undefined disposed:false
47 silly fetch manifest stylus@>=0.54.8
48 silly packumentCache full:https://registry.npmjs.org/stylus cache-miss
49 http fetch GET 200 https://registry.npmjs.org/stylus 99ms (cache miss)
50 silly packumentCache full:https://registry.npmjs.org/stylus set size:undefined disposed:false
51 silly fetch manifest sugarss@^5.0.0
52 silly packumentCache full:https://registry.npmjs.org/sugarss cache-miss
53 http fetch GET 200 https://registry.npmjs.org/sugarss 86ms (cache miss)
54 silly packumentCache full:https://registry.npmjs.org/sugarss set size:undefined disposed:false
55 silly fetch manifest postcss@^8.5.6
56 silly packumentCache full:https://registry.npmjs.org/postcss cache-miss
57 http fetch GET 200 https://registry.npmjs.org/postcss 101ms (cache miss)
58 silly packumentCache full:https://registry.npmjs.org/postcss set size:undefined disposed:false
59 silly fetch manifest terser@^5.16.0
60 silly packumentCache full:https://registry.npmjs.org/terser cache-miss
61 http fetch GET 200 https://registry.npmjs.org/terser 97ms (cache miss)
62 silly packumentCache full:https://registry.npmjs.org/terser set size:undefined disposed:false
63 silly fetch manifest tsx@^4.8.1
64 silly packumentCache full:https://registry.npmjs.org/tsx cache-miss
65 http fetch GET 200 https://registry.npmjs.org/tsx 91ms (cache miss)
66 silly packumentCache full:https://registry.npmjs.org/tsx set size:undefined disposed:false
67 silly fetch manifest yaml@^2.4.2
68 silly packumentCache full:https://registry.npmjs.org/yaml cache-miss
69 http fetch GET 200 https://registry.npmjs.org/yaml 91ms (cache miss)
70 silly packumentCache full:https://registry.npmjs.org/yaml set size:undefined disposed:false
71 silly fetch manifest react@^19.2.1
72 silly packumentCache full:https://registry.npmjs.org/react cache-miss
73 http fetch GET 200 https://registry.npmjs.org/react 204ms (cache updated)
74 silly packumentCache full:https://registry.npmjs.org/react set size:undefined disposed:false
75 silly fetch manifest react-dom@^19.2.1
76 silly packumentCache full:https://registry.npmjs.org/react-dom cache-miss
77 http fetch GET 200 https://registry.npmjs.org/react-dom 226ms (cache miss)
78 silly packumentCache full:https://registry.npmjs.org/react-dom set size:undefined disposed:false
79 silly fetch manifest react-icons@^5.5.0
80 silly packumentCache full:https://registry.npmjs.org/react-icons cache-miss
81 http fetch GET 200 https://registry.npmjs.org/react-icons 194ms (cache revalidated)
82 silly packumentCache full:https://registry.npmjs.org/react-icons set size:263561 disposed:false
83 silly fetch manifest react-router-dom@^7.10.1
84 silly packumentCache full:https://registry.npmjs.org/react-router-dom cache-miss
85 http fetch GET 200 https://registry.npmjs.org/react-router-dom 119ms (cache miss)
86 silly packumentCache full:https://registry.npmjs.org/react-router-dom set size:undefined disposed:false
87 silly fetch manifest react-toastify@^11.0.5
88 silly packumentCache full:https://registry.npmjs.org/react-toastify cache-miss
89 http fetch GET 200 https://registry.npmjs.org/react-toastify 97ms (cache miss)
90 silly packumentCache full:https://registry.npmjs.org/react-toastify set size:undefined disposed:false
91 silly fetch manifest @eslint/js@^9.39.1
92 silly packumentCache full:https://registry.npmjs.org/@eslint%2fjs cache-miss
93 http fetch GET 200 https://registry.npmjs.org/@eslint%2fjs 101ms (cache miss)
94 silly packumentCache full:https://registry.npmjs.org/@eslint%2fjs set size:undefined disposed:false
95 silly fetch manifest @types/react@^19.2.5
96 silly packumentCache full:https://registry.npmjs.org/@types%2freact cache-miss
97 http fetch GET 200 https://registry.npmjs.org/@types%2freact 143ms (cache miss)
98 silly packumentCache full:https://registry.npmjs.org/@types%2freact set size:undefined disposed:false
99 silly fetch manifest @types/react-dom@^19.2.3
100 silly packumentCache full:https://registry.npmjs.org/@types%2freact-dom cache-miss
101 http fetch GET 200 https://registry.npmjs.org/@types%2freact-dom 103ms (cache miss)
102 silly packumentCache full:https://registry.npmjs.org/@types%2freact-dom set size:undefined disposed:false
103 silly fetch manifest @vitejs/plugin-react@^5.1.1
104 silly packumentCache full:https://registry.npmjs.org/@vitejs%2fplugin-react cache-miss
105 http fetch GET 200 https://registry.npmjs.org/@vitejs%2fplugin-react 112ms (cache miss)
106 silly packumentCache full:https://registry.npmjs.org/@vitejs%2fplugin-react set size:undefined disposed:false
107 silly fetch manifest autoprefixer@^10.4.22
108 silly packumentCache full:https://registry.npmjs.org/autoprefixer cache-miss
109 http fetch GET 200 https://registry.npmjs.org/autoprefixer 97ms (cache miss)
110 silly packumentCache full:https://registry.npmjs.org/autoprefixer set size:undefined disposed:false
111 silly fetch manifest eslint@^9.39.1
112 silly packumentCache full:https://registry.npmjs.org/eslint cache-miss
113 http fetch GET 200 https://registry.npmjs.org/eslint 105ms (cache miss)
114 silly packumentCache full:https://registry.npmjs.org/eslint set size:undefined disposed:false
115 silly fetch manifest jiti@*
116 silly packumentCache full:https://registry.npmjs.org/jiti cache-miss
117 http cache https://registry.npmjs.org/jiti 10ms (cache hit)
118 silly packumentCache full:https://registry.npmjs.org/jiti set size:382310 disposed:false
119 silly fetch manifest eslint-plugin-react-hooks@^7.0.1
120 silly packumentCache full:https://registry.npmjs.org/eslint-plugin-react-hooks cache-miss
121 http fetch GET 200 https://registry.npmjs.org/eslint-plugin-react-hooks 201ms (cache miss)
122 silly packumentCache full:https://registry.npmjs.org/eslint-plugin-react-hooks set size:undefined disposed:false
123 silly fetch manifest eslint-plugin-react-refresh@^0.4.24
124 silly packumentCache full:https://registry.npmjs.org/eslint-plugin-react-refresh cache-miss
125 http fetch GET 200 https://registry.npmjs.org/eslint-plugin-react-refresh 173ms (cache miss)
126 silly packumentCache full:https://registry.npmjs.org/eslint-plugin-react-refresh set size:undefined disposed:false
127 silly fetch manifest globals@^16.5.0
128 silly packumentCache full:https://registry.npmjs.org/globals cache-miss
129 http fetch GET 200 https://registry.npmjs.org/globals 90ms (cache miss)
130 silly packumentCache full:https://registry.npmjs.org/globals set size:undefined disposed:false
131 silly fetch manifest tailwindcss@3
132 silly packumentCache full:https://registry.npmjs.org/tailwindcss cache-miss
133 http fetch GET 200 https://registry.npmjs.org/tailwindcss 204ms (cache miss)
134 silly packumentCache full:https://registry.npmjs.org/tailwindcss set size:undefined disposed:false
135 silly fetch manifest typescript@~5.9.3
136 silly packumentCache full:https://registry.npmjs.org/typescript cache-miss
137 http fetch GET 200 https://registry.npmjs.org/typescript 247ms (cache miss)
138 silly packumentCache full:https://registry.npmjs.org/typescript set size:undefined disposed:false
139 silly fetch manifest typescript-eslint@^8.46.4
140 silly packumentCache full:https://registry.npmjs.org/typescript-eslint cache-miss
141 http fetch GET 200 https://registry.npmjs.org/typescript-eslint 116ms (cache miss)
142 silly packumentCache full:https://registry.npmjs.org/typescript-eslint set size:undefined disposed:false
143 silly placeDep ROOT @eslint/js@9.39.2 OK for: tiendavirtual@0.0.0 want: ^9.39.1
144 silly placeDep ROOT @tailwindcss/vite@4.1.18 OK for: tiendavirtual@0.0.0 want: ^4.1.17
145 silly placeDep ROOT vite@7.3.1 OK for: @tailwindcss/vite@4.1.18 want: ^5.2.0 || ^6 || ^7
146 silly placeDep ROOT @types/node@24.10.13 OK for: tiendavirtual@0.0.0 want: ^24.10.1
147 silly placeDep ROOT @types/react@19.2.14 OK for: tiendavirtual@0.0.0 want: ^19.2.5
148 silly placeDep ROOT @types/react-dom@19.2.3 OK for: tiendavirtual@0.0.0 want: ^19.2.3
149 silly placeDep ROOT @vitejs/plugin-react@5.1.4 OK for: tiendavirtual@0.0.0 want: ^5.1.1
150 silly placeDep ROOT autoprefixer@10.4.24 OK for: tiendavirtual@0.0.0 want: ^10.4.22
151 silly placeDep ROOT postcss@8.5.6 OK for: autoprefixer@10.4.24 want: ^8.1.0
152 silly placeDep ROOT eslint@9.39.2 OK for: tiendavirtual@0.0.0 want: ^9.39.1
153 silly placeDep ROOT eslint-plugin-react-hooks@7.0.1 OK for: tiendavirtual@0.0.0 want: ^7.0.1
154 silly placeDep ROOT eslint-plugin-react-refresh@0.4.26 OK for: tiendavirtual@0.0.0 want: ^0.4.24
155 silly placeDep ROOT globals@16.5.0 OK for: tiendavirtual@0.0.0 want: ^16.5.0
156 silly placeDep ROOT postcss@8.5.6 REPLACE for: tiendavirtual@0.0.0 want: ^8.5.6
157 silly placeDep ROOT react@19.2.4 OK for: tiendavirtual@0.0.0 want: ^19.2.1
158 silly placeDep ROOT react-dom@19.2.4 OK for: tiendavirtual@0.0.0 want: ^19.2.1
159 silly placeDep ROOT react-icons@5.5.0 OK for: tiendavirtual@0.0.0 want: ^5.5.0
160 silly placeDep ROOT react-router-dom@7.13.0 OK for: tiendavirtual@0.0.0 want: ^7.10.1
161 silly placeDep ROOT react-toastify@11.0.5 OK for: tiendavirtual@0.0.0 want: ^11.0.5
162 silly placeDep ROOT tailwindcss@3.4.19 OK for: tiendavirtual@0.0.0 want: 3
163 silly placeDep ROOT typescript@5.9.3 OK for: tiendavirtual@0.0.0 want: ~5.9.3
164 silly placeDep ROOT typescript-eslint@8.55.0 OK for: tiendavirtual@0.0.0 want: ^8.46.4
165 silly fetch manifest tailwindcss@4.1.18
166 silly packumentCache full:https://registry.npmjs.org/tailwindcss cache-miss
167 silly fetch manifest @tailwindcss/node@4.1.18
168 silly packumentCache full:https://registry.npmjs.org/@tailwindcss%2fnode cache-miss
169 silly fetch manifest @tailwindcss/oxide@4.1.18
170 silly packumentCache full:https://registry.npmjs.org/@tailwindcss%2foxide cache-miss
171 silly fetch manifest fdir@^6.5.0
172 silly packumentCache full:https://registry.npmjs.org/fdir cache-miss
173 silly fetch manifest rollup@^4.43.0
174 silly packumentCache full:https://registry.npmjs.org/rollup cache-miss
175 silly fetch manifest esbuild@^0.27.0
176 silly packumentCache full:https://registry.npmjs.org/esbuild cache-miss
177 silly fetch manifest picomatch@^4.0.3
178 silly packumentCache full:https://registry.npmjs.org/picomatch cache-miss
179 http cache https://registry.npmjs.org/tailwindcss 52ms (cache hit)
180 silly packumentCache full:https://registry.npmjs.org/tailwindcss set size:10163990 disposed:false
181 silly fetch manifest tinyglobby@^0.2.15
182 silly packumentCache full:https://registry.npmjs.org/tinyglobby cache-miss
183 http fetch GET 200 https://registry.npmjs.org/@tailwindcss%2fnode 159ms (cache miss)
184 silly packumentCache full:https://registry.npmjs.org/@tailwindcss%2fnode set size:undefined disposed:false
185 silly fetch manifest fsevents@~2.3.3
186 silly packumentCache full:https://registry.npmjs.org/fsevents cache-miss
187 http fetch GET 200 https://registry.npmjs.org/fsevents 90ms (cache miss)
188 silly packumentCache full:https://registry.npmjs.org/fsevents set size:undefined disposed:false
189 silly fetch manifest undici-types@~7.16.0
190 silly packumentCache full:https://registry.npmjs.org/undici-types cache-miss
191 http fetch GET 200 https://registry.npmjs.org/fdir 309ms (cache miss)
192 silly packumentCache full:https://registry.npmjs.org/fdir set size:undefined disposed:false
193 silly fetch manifest csstype@^3.2.2
194 silly packumentCache full:https://registry.npmjs.org/csstype cache-miss
195 http fetch GET 200 https://registry.npmjs.org/picomatch 319ms (cache miss)
196 silly packumentCache full:https://registry.npmjs.org/picomatch set size:undefined disposed:false
197 silly fetch manifest @babel/core@^7.29.0
198 silly packumentCache full:https://registry.npmjs.org/@babel%2fcore cache-miss
199 http fetch GET 200 https://registry.npmjs.org/undici-types 87ms (cache miss)
200 silly packumentCache full:https://registry.npmjs.org/undici-types set size:undefined disposed:false
201 silly fetch manifest @babel/plugin-transform-react-jsx-self@^7.27.1
202 silly packumentCache full:https://registry.npmjs.org/@babel%2fplugin-transform-react-jsx-self cache-miss
203 http fetch GET 200 https://registry.npmjs.org/tinyglobby 293ms (cache miss)
204 silly packumentCache full:https://registry.npmjs.org/tinyglobby set size:undefined disposed:false
205 silly fetch manifest @babel/plugin-transform-react-jsx-source@^7.27.1
206 silly packumentCache full:https://registry.npmjs.org/@babel%2fplugin-transform-react-jsx-source cache-miss
207 http fetch GET 200 https://registry.npmjs.org/csstype 92ms (cache miss)
208 silly packumentCache full:https://registry.npmjs.org/csstype set size:undefined disposed:false
209 silly fetch manifest @rolldown/pluginutils@1.0.0-rc.3
210 silly packumentCache full:https://registry.npmjs.org/@rolldown%2fpluginutils cache-miss
211 http fetch GET 200 https://registry.npmjs.org/esbuild 430ms (cache miss)
212 silly packumentCache full:https://registry.npmjs.org/esbuild set size:undefined disposed:false
213 silly fetch manifest @types/babel__core@^7.20.5
214 silly packumentCache full:https://registry.npmjs.org/@types%2fbabel__core cache-miss
215 http fetch GET 200 https://registry.npmjs.org/@babel%2fcore 125ms (cache miss)
216 silly packumentCache full:https://registry.npmjs.org/@babel%2fcore set size:undefined disposed:false
217 silly fetch manifest react-refresh@^0.18.0
218 silly packumentCache full:https://registry.npmjs.org/react-refresh cache-miss
219 http fetch GET 200 https://registry.npmjs.org/@babel%2fplugin-transform-react-jsx-self 109ms (cache miss)
220 silly packumentCache full:https://registry.npmjs.org/@babel%2fplugin-transform-react-jsx-self set size:undefined disposed:false
221 silly fetch manifest browserslist@^4.28.1
222 silly packumentCache full:https://registry.npmjs.org/browserslist cache-miss
223 http fetch GET 200 https://registry.npmjs.org/@tailwindcss%2foxide 471ms (cache miss)
224 silly packumentCache full:https://registry.npmjs.org/@tailwindcss%2foxide set size:undefined disposed:false
225 silly fetch manifest caniuse-lite@^1.0.30001766
226 silly packumentCache full:https://registry.npmjs.org/caniuse-lite cache-miss
227 http fetch GET 200 https://registry.npmjs.org/rollup 493ms (cache miss)
228 silly packumentCache full:https://registry.npmjs.org/rollup set size:undefined disposed:false
229 silly fetch manifest fraction.js@^5.3.4
230 silly packumentCache full:https://registry.npmjs.org/fraction.js cache-miss
231 http fetch GET 200 https://registry.npmjs.org/@types%2fbabel__core 126ms (cache miss)
232 silly packumentCache full:https://registry.npmjs.org/@types%2fbabel__core set size:undefined disposed:false
233 silly fetch manifest picocolors@^1.1.1
234 silly packumentCache full:https://registry.npmjs.org/picocolors cache-miss
235 http fetch GET 200 https://registry.npmjs.org/@rolldown%2fpluginutils 162ms (cache miss)
236 silly packumentCache full:https://registry.npmjs.org/@rolldown%2fpluginutils set size:undefined disposed:false
237 silly fetch manifest postcss-value-parser@^4.2.0
238 silly packumentCache full:https://registry.npmjs.org/postcss-value-parser cache-miss
239 http fetch GET 200 https://registry.npmjs.org/@babel%2fplugin-transform-react-jsx-source 191ms (cache miss)
240 silly packumentCache full:https://registry.npmjs.org/@babel%2fplugin-transform-react-jsx-source set size:undefined disposed:false
241 silly fetch manifest nanoid@^3.3.11
242 silly packumentCache full:https://registry.npmjs.org/nanoid cache-miss
243 http fetch GET 200 https://registry.npmjs.org/browserslist 124ms (cache miss)
244 silly packumentCache full:https://registry.npmjs.org/browserslist set size:undefined disposed:false
245 silly fetch manifest picocolors@^1.1.1
246 silly packumentCache full:https://registry.npmjs.org/picocolors cache-miss
247 http fetch GET 200 https://registry.npmjs.org/fraction.js 103ms (cache miss)
248 silly packumentCache full:https://registry.npmjs.org/fraction.js set size:undefined disposed:false
249 silly fetch manifest source-map-js@^1.2.1
250 silly packumentCache full:https://registry.npmjs.org/source-map-js cache-miss
251 http fetch GET 200 https://registry.npmjs.org/picocolors 92ms (cache miss)
252 silly packumentCache full:https://registry.npmjs.org/picocolors set size:undefined disposed:false
253 silly fetch manifest ajv@^6.12.4
254 silly packumentCache full:https://registry.npmjs.org/ajv cache-miss
255 http fetch GET 200 https://registry.npmjs.org/caniuse-lite 170ms (cache miss)
256 silly packumentCache full:https://registry.npmjs.org/caniuse-lite set size:undefined disposed:false
257 silly fetch manifest chalk@^4.0.0
258 silly packumentCache full:https://registry.npmjs.org/chalk cache-miss
259 http fetch GET 200 https://registry.npmjs.org/picocolors 93ms (cache miss)
260 silly packumentCache full:https://registry.npmjs.org/picocolors set size:undefined disposed:false
261 silly fetch manifest debug@^4.3.2
262 silly packumentCache full:https://registry.npmjs.org/debug cache-miss
263 http fetch GET 200 https://registry.npmjs.org/postcss-value-parser 112ms (cache miss)
264 silly packumentCache full:https://registry.npmjs.org/postcss-value-parser set size:undefined disposed:false
265 silly fetch manifest espree@^10.4.0
266 silly packumentCache full:https://registry.npmjs.org/espree cache-miss
267 http fetch GET 200 https://registry.npmjs.org/nanoid 112ms (cache miss)
268 silly packumentCache full:https://registry.npmjs.org/nanoid set size:undefined disposed:false
269 silly fetch manifest ignore@^5.2.0
270 silly packumentCache full:https://registry.npmjs.org/ignore cache-miss
271 http fetch GET 200 https://registry.npmjs.org/source-map-js 99ms (cache miss)
272 silly packumentCache full:https://registry.npmjs.org/source-map-js set size:undefined disposed:false
273 silly fetch manifest esquery@^1.5.0
274 silly packumentCache full:https://registry.npmjs.org/esquery cache-miss
275 http fetch GET 200 https://registry.npmjs.org/chalk 149ms (cache miss)
276 silly packumentCache full:https://registry.npmjs.org/chalk set size:undefined disposed:false
277 silly fetch manifest esutils@^2.0.2
278 silly packumentCache full:https://registry.npmjs.org/esutils cache-miss
279 http fetch GET 200 https://registry.npmjs.org/espree 137ms (cache miss)
280 silly packumentCache full:https://registry.npmjs.org/espree set size:undefined disposed:false
281 silly fetch manifest find-up@^5.0.0
282 silly packumentCache full:https://registry.npmjs.org/find-up cache-miss
283 http fetch GET 200 https://registry.npmjs.org/ignore 138ms (cache miss)
284 silly packumentCache full:https://registry.npmjs.org/ignore set size:undefined disposed:false
285 silly fetch manifest is-glob@^4.0.0
286 silly packumentCache full:https://registry.npmjs.org/is-glob cache-miss
287 http fetch GET 200 https://registry.npmjs.org/esquery 104ms (cache miss)
288 silly packumentCache full:https://registry.npmjs.org/esquery set size:undefined disposed:false
289 silly fetch manifest minimatch@^3.1.2
290 silly packumentCache full:https://registry.npmjs.org/minimatch cache-miss
291 http fetch GET 200 https://registry.npmjs.org/ajv 190ms (cache miss)
292 silly packumentCache full:https://registry.npmjs.org/ajv set size:undefined disposed:false
293 silly fetch manifest optionator@^0.9.3
294 silly packumentCache full:https://registry.npmjs.org/optionator cache-miss
295 http fetch GET 200 https://registry.npmjs.org/react-refresh 412ms (cache miss)
296 silly packumentCache full:https://registry.npmjs.org/react-refresh set size:undefined disposed:false
297 silly fetch manifest cross-spawn@^7.0.6
298 silly packumentCache full:https://registry.npmjs.org/cross-spawn cache-miss
299 http fetch GET 200 https://registry.npmjs.org/esutils 85ms (cache miss)
300 silly packumentCache full:https://registry.npmjs.org/esutils set size:undefined disposed:false
301 silly fetch manifest glob-parent@^6.0.2
302 silly packumentCache full:https://registry.npmjs.org/glob-parent cache-miss
303 http fetch GET 200 https://registry.npmjs.org/find-up 88ms (cache miss)
304 silly packumentCache full:https://registry.npmjs.org/find-up set size:undefined disposed:false
305 silly fetch manifest imurmurhash@^0.1.4
306 silly packumentCache full:https://registry.npmjs.org/imurmurhash cache-miss
307 http fetch GET 200 https://registry.npmjs.org/is-glob 83ms (cache miss)
308 silly packumentCache full:https://registry.npmjs.org/is-glob set size:undefined disposed:false
309 silly fetch manifest @eslint/core@^0.17.0
310 silly packumentCache full:https://registry.npmjs.org/@eslint%2fcore cache-miss
311 http fetch GET 200 https://registry.npmjs.org/minimatch 93ms (cache miss)
312 silly packumentCache full:https://registry.npmjs.org/minimatch set size:undefined disposed:false
313 silly fetch manifest eslint-scope@^8.4.0
314 silly packumentCache full:https://registry.npmjs.org/eslint-scope cache-miss
315 http fetch GET 200 https://registry.npmjs.org/optionator 90ms (cache miss)
316 silly packumentCache full:https://registry.npmjs.org/optionator set size:undefined disposed:false
317 silly fetch manifest lodash.merge@^4.6.2
318 silly packumentCache full:https://registry.npmjs.org/lodash.merge cache-miss
319 http fetch GET 200 https://registry.npmjs.org/cross-spawn 87ms (cache miss)
320 silly packumentCache full:https://registry.npmjs.org/cross-spawn set size:undefined disposed:false
321 silly fetch manifest @humanfs/node@^0.16.6
322 silly packumentCache full:https://registry.npmjs.org/@humanfs%2fnode cache-miss
323 http fetch GET 200 https://registry.npmjs.org/glob-parent 86ms (cache miss)
324 silly packumentCache full:https://registry.npmjs.org/glob-parent set size:undefined disposed:false
325 silly fetch manifest @types/estree@^1.0.6
326 silly packumentCache full:https://registry.npmjs.org/@types%2festree cache-miss
327 http fetch GET 200 https://registry.npmjs.org/debug 315ms (cache miss)
328 silly packumentCache full:https://registry.npmjs.org/debug set size:undefined disposed:false
329 silly fetch manifest fast-deep-equal@^3.1.3
330 silly packumentCache full:https://registry.npmjs.org/fast-deep-equal cache-miss
331 http fetch GET 200 https://registry.npmjs.org/imurmurhash 89ms (cache miss)
332 silly packumentCache full:https://registry.npmjs.org/imurmurhash set size:undefined disposed:false
333 silly fetch manifest natural-compare@^1.4.0
334 silly packumentCache full:https://registry.npmjs.org/natural-compare cache-miss
335 http fetch GET 200 https://registry.npmjs.org/eslint-scope 87ms (cache miss)
336 silly packumentCache full:https://registry.npmjs.org/eslint-scope set size:undefined disposed:false
337 silly fetch manifest @eslint/eslintrc@^3.3.1
338 silly packumentCache full:https://registry.npmjs.org/@eslint%2feslintrc cache-miss
339 http fetch GET 200 https://registry.npmjs.org/lodash.merge 87ms (cache miss)
340 silly packumentCache full:https://registry.npmjs.org/lodash.merge set size:undefined disposed:false
341 silly fetch manifest file-entry-cache@^8.0.0
342 silly packumentCache full:https://registry.npmjs.org/file-entry-cache cache-miss
343 http fetch GET 200 https://registry.npmjs.org/@humanfs%2fnode 97ms (cache miss)
344 silly packumentCache full:https://registry.npmjs.org/@humanfs%2fnode set size:undefined disposed:false
345 silly fetch manifest @eslint/plugin-kit@^0.4.1
346 silly packumentCache full:https://registry.npmjs.org/@eslint%2fplugin-kit cache-miss
347 http fetch GET 200 https://registry.npmjs.org/@types%2festree 95ms (cache miss)
348 silly packumentCache full:https://registry.npmjs.org/@types%2festree set size:undefined disposed:false
349 silly fetch manifest eslint-visitor-keys@^4.2.1
350 silly packumentCache full:https://registry.npmjs.org/eslint-visitor-keys cache-miss
351 http fetch GET 200 https://registry.npmjs.org/natural-compare 87ms (cache miss)
352 silly packumentCache full:https://registry.npmjs.org/natural-compare set size:undefined disposed:false
353 silly fetch manifest @eslint/config-array@^0.21.1
354 silly packumentCache full:https://registry.npmjs.org/@eslint%2fconfig-array cache-miss
355 http fetch GET 200 https://registry.npmjs.org/fast-deep-equal 97ms (cache miss)
356 silly packumentCache full:https://registry.npmjs.org/fast-deep-equal set size:undefined disposed:false
357 silly fetch manifest @humanwhocodes/retry@^0.4.2
358 silly packumentCache full:https://registry.npmjs.org/@humanwhocodes%2fretry cache-miss
359 http fetch GET 200 https://registry.npmjs.org/@eslint%2feslintrc 109ms (cache miss)
360 silly packumentCache full:https://registry.npmjs.org/@eslint%2feslintrc set size:undefined disposed:false
361 silly fetch manifest escape-string-regexp@^4.0.0
362 silly packumentCache full:https://registry.npmjs.org/escape-string-regexp cache-miss
363 http fetch GET 200 https://registry.npmjs.org/file-entry-cache 107ms (cache miss)
364 silly packumentCache full:https://registry.npmjs.org/file-entry-cache set size:undefined disposed:false
365 silly fetch manifest @eslint/config-helpers@^0.4.2
366 silly packumentCache full:https://registry.npmjs.org/@eslint%2fconfig-helpers cache-miss
367 http fetch GET 200 https://registry.npmjs.org/@eslint%2fplugin-kit 96ms (cache miss)
368 silly packumentCache full:https://registry.npmjs.org/@eslint%2fplugin-kit set size:undefined disposed:false
369 silly fetch manifest @eslint-community/regexpp@^4.12.1
370 silly packumentCache full:https://registry.npmjs.org/@eslint-community%2fregexpp cache-miss
371 http fetch GET 200 https://registry.npmjs.org/eslint-visitor-keys 87ms (cache miss)
372 silly packumentCache full:https://registry.npmjs.org/eslint-visitor-keys set size:undefined disposed:false
373 silly fetch manifest @eslint-community/eslint-utils@^4.8.0
374 silly packumentCache full:https://registry.npmjs.org/@eslint-community%2feslint-utils cache-miss
375 http fetch GET 200 https://registry.npmjs.org/@eslint%2fconfig-array 100ms (cache miss)
376 silly packumentCache full:https://registry.npmjs.org/@eslint%2fconfig-array set size:undefined disposed:false
377 silly fetch manifest @humanwhocodes/module-importer@^1.0.1
378 silly packumentCache full:https://registry.npmjs.org/@humanwhocodes%2fmodule-importer cache-miss
379 http fetch GET 200 https://registry.npmjs.org/escape-string-regexp 96ms (cache miss)
380 silly packumentCache full:https://registry.npmjs.org/escape-string-regexp set size:undefined disposed:false
381 silly fetch manifest json-stable-stringify-without-jsonify@^1.0.1
382 silly packumentCache full:https://registry.npmjs.org/json-stable-stringify-without-jsonify cache-miss
383 http fetch GET 200 https://registry.npmjs.org/@eslint%2fconfig-helpers 102ms (cache miss)
384 silly packumentCache full:https://registry.npmjs.org/@eslint%2fconfig-helpers set size:undefined disposed:false
385 silly fetch manifest zod@^3.25.0 || ^4.0.0
386 silly packumentCache full:https://registry.npmjs.org/zod cache-miss
387 http fetch GET 200 https://registry.npmjs.org/@humanwhocodes%2fretry 161ms (cache miss)
388 silly packumentCache full:https://registry.npmjs.org/@humanwhocodes%2fretry set size:undefined disposed:false
389 silly fetch manifest @babel/core@^7.24.4
390 silly packumentCache full:https://registry.npmjs.org/@babel%2fcore cache-miss
391 http cache https://registry.npmjs.org/@babel%2fcore 6ms (cache hit)
392 silly packumentCache full:https://registry.npmjs.org/@babel%2fcore set size:752167 disposed:false
393 silly fetch manifest @babel/parser@^7.24.4
394 silly packumentCache full:https://registry.npmjs.org/@babel%2fparser cache-miss
395 http fetch GET 200 https://registry.npmjs.org/@eslint-community%2fregexpp 107ms (cache miss)
396 silly packumentCache full:https://registry.npmjs.org/@eslint-community%2fregexpp set size:undefined disposed:false
397 silly fetch manifest hermes-parser@^0.25.1
398 silly packumentCache full:https://registry.npmjs.org/hermes-parser cache-miss
399 http fetch GET 200 https://registry.npmjs.org/@eslint-community%2feslint-utils 109ms (cache miss)
400 silly packumentCache full:https://registry.npmjs.org/@eslint-community%2feslint-utils set size:undefined disposed:false
401 silly fetch manifest zod-validation-error@^3.5.0 || ^4.0.0
402 silly packumentCache full:https://registry.npmjs.org/zod-validation-error cache-miss
403 http fetch GET 200 https://registry.npmjs.org/@humanwhocodes%2fmodule-importer 103ms (cache miss)
404 silly packumentCache full:https://registry.npmjs.org/@humanwhocodes%2fmodule-importer set size:undefined disposed:false
405 silly fetch manifest scheduler@^0.27.0
406 silly packumentCache full:https://registry.npmjs.org/scheduler cache-miss
407 http fetch GET 200 https://registry.npmjs.org/json-stable-stringify-without-jsonify 88ms (cache miss)
408 silly packumentCache full:https://registry.npmjs.org/json-stable-stringify-without-jsonify set size:undefined disposed:false
409 silly fetch manifest react-router@7.13.0
410 silly packumentCache full:https://registry.npmjs.org/react-router cache-miss
411 http fetch GET 200 https://registry.npmjs.org/zod 142ms (cache miss)
412 silly packumentCache full:https://registry.npmjs.org/zod set size:undefined disposed:false
413 silly fetch manifest clsx@^2.1.1
414 silly packumentCache full:https://registry.npmjs.org/clsx cache-miss
415 http fetch GET 200 https://registry.npmjs.org/hermes-parser 124ms (cache miss)
416 silly packumentCache full:https://registry.npmjs.org/hermes-parser set size:undefined disposed:false
417 silly fetch manifest arg@^5.0.2
418 silly packumentCache full:https://registry.npmjs.org/arg cache-miss
419 http fetch GET 200 https://registry.npmjs.org/@eslint%2fcore 491ms (cache miss)
420 silly packumentCache full:https://registry.npmjs.org/@eslint%2fcore set size:undefined disposed:false
421 silly fetch manifest dlv@^1.1.3
422 silly packumentCache full:https://registry.npmjs.org/dlv cache-miss
423 http fetch GET 200 https://registry.npmjs.org/zod-validation-error 127ms (cache miss)
424 silly packumentCache full:https://registry.npmjs.org/zod-validation-error set size:undefined disposed:false
425 silly fetch manifest jiti@^1.21.7
426 silly packumentCache full:https://registry.npmjs.org/jiti cache-hit
427 silly fetch manifest is-glob@^4.0.3
428 silly packumentCache full:https://registry.npmjs.org/is-glob cache-miss
429 http fetch GET 200 https://registry.npmjs.org/@babel%2fparser 158ms (cache miss)
430 silly packumentCache full:https://registry.npmjs.org/@babel%2fparser set size:undefined disposed:false
431 silly fetch manifest resolve@^1.22.8
432 silly packumentCache full:https://registry.npmjs.org/resolve cache-miss
433 http cache https://registry.npmjs.org/is-glob 15ms (cache hit)
434 silly packumentCache full:https://registry.npmjs.org/is-glob set size:40530 disposed:false
435 silly fetch manifest sucrase@^3.35.0
436 silly packumentCache full:https://registry.npmjs.org/sucrase cache-miss
437 http fetch GET 200 https://registry.npmjs.org/react-router 147ms (cache miss)
438 silly packumentCache full:https://registry.npmjs.org/react-router set size:undefined disposed:false
439 silly fetch manifest chokidar@^3.6.0
440 silly packumentCache full:https://registry.npmjs.org/chokidar cache-miss
441 http fetch GET 200 https://registry.npmjs.org/dlv 91ms (cache miss)
442 silly packumentCache full:https://registry.npmjs.org/dlv set size:undefined disposed:false
443 silly fetch manifest fast-glob@^3.3.2
444 silly packumentCache full:https://registry.npmjs.org/fast-glob cache-miss
445 http fetch GET 200 https://registry.npmjs.org/clsx 103ms (cache miss)
446 silly packumentCache full:https://registry.npmjs.org/clsx set size:undefined disposed:false
447 silly fetch manifest lilconfig@^3.1.3
448 silly packumentCache full:https://registry.npmjs.org/lilconfig cache-miss
449 http fetch GET 200 https://registry.npmjs.org/arg 97ms (cache miss)
450 silly packumentCache full:https://registry.npmjs.org/arg set size:undefined disposed:false
451 silly fetch manifest didyoumean@^1.2.2
452 silly packumentCache full:https://registry.npmjs.org/didyoumean cache-miss
453 http fetch GET 200 https://registry.npmjs.org/sucrase 108ms (cache miss)
454 silly packumentCache full:https://registry.npmjs.org/sucrase set size:undefined disposed:false
455 silly fetch manifest micromatch@^4.0.8
456 silly packumentCache full:https://registry.npmjs.org/micromatch cache-miss
457 http fetch GET 200 https://registry.npmjs.org/chokidar 102ms (cache miss)
458 silly packumentCache full:https://registry.npmjs.org/chokidar set size:undefined disposed:false
459 silly fetch manifest postcss-js@^4.0.1
460 silly packumentCache full:https://registry.npmjs.org/postcss-js cache-miss
461 http fetch GET 200 https://registry.npmjs.org/didyoumean 95ms (cache miss)
462 silly packumentCache full:https://registry.npmjs.org/didyoumean set size:undefined disposed:false
463 silly fetch manifest object-hash@^3.0.0
464 silly packumentCache full:https://registry.npmjs.org/object-hash cache-miss
465 http fetch GET 200 https://registry.npmjs.org/lilconfig 104ms (cache miss)
466 silly packumentCache full:https://registry.npmjs.org/lilconfig set size:undefined disposed:false
467 silly fetch manifest normalize-path@^3.0.0
468 silly packumentCache full:https://registry.npmjs.org/normalize-path cache-miss
469 http fetch GET 200 https://registry.npmjs.org/fast-glob 107ms (cache miss)
470 silly packumentCache full:https://registry.npmjs.org/fast-glob set size:undefined disposed:false
471 silly fetch manifest postcss-import@^15.1.0
472 silly packumentCache full:https://registry.npmjs.org/postcss-import cache-miss
473 http fetch GET 200 https://registry.npmjs.org/micromatch 93ms (cache miss)
474 silly packumentCache full:https://registry.npmjs.org/micromatch set size:undefined disposed:false
475 silly fetch manifest postcss-nested@^6.2.0
476 silly packumentCache full:https://registry.npmjs.org/postcss-nested cache-miss
477 http fetch GET 200 https://registry.npmjs.org/scheduler 351ms (cache miss)
478 silly packumentCache full:https://registry.npmjs.org/scheduler set size:undefined disposed:false
479 silly fetch manifest @alloc/quick-lru@^5.2.0
480 silly packumentCache full:https://registry.npmjs.org/@alloc%2fquick-lru cache-miss
481 http fetch GET 200 https://registry.npmjs.org/postcss-js 86ms (cache miss)
482 silly packumentCache full:https://registry.npmjs.org/postcss-js set size:undefined disposed:false
483 silly fetch manifest postcss-load-config@^4.0.2 || ^5.0 || ^6.0
484 silly packumentCache full:https://registry.npmjs.org/postcss-load-config cache-miss
485 http fetch GET 200 https://registry.npmjs.org/object-hash 90ms (cache miss)
486 silly packumentCache full:https://registry.npmjs.org/object-hash set size:undefined disposed:false
487 silly fetch manifest postcss-selector-parser@^6.1.2
488 silly packumentCache full:https://registry.npmjs.org/postcss-selector-parser cache-miss
489 http fetch GET 200 https://registry.npmjs.org/normalize-path 104ms (cache miss)
490 silly packumentCache full:https://registry.npmjs.org/normalize-path set size:undefined disposed:false
491 silly fetch manifest @typescript-eslint/utils@8.55.0
492 silly packumentCache full:https://registry.npmjs.org/@typescript-eslint%2futils cache-miss
493 http fetch GET 200 https://registry.npmjs.org/postcss-import 104ms (cache miss)
494 silly packumentCache full:https://registry.npmjs.org/postcss-import set size:undefined disposed:false
495 silly fetch manifest @typescript-eslint/parser@8.55.0
496 silly packumentCache full:https://registry.npmjs.org/@typescript-eslint%2fparser cache-miss
497 http fetch GET 200 https://registry.npmjs.org/postcss-nested 94ms (cache miss)
498 silly packumentCache full:https://registry.npmjs.org/postcss-nested set size:undefined disposed:false
499 silly fetch manifest @typescript-eslint/eslint-plugin@8.55.0
500 silly packumentCache full:https://registry.npmjs.org/@typescript-eslint%2feslint-plugin cache-miss
501 http fetch GET 200 https://registry.npmjs.org/@alloc%2fquick-lru 98ms (cache miss)
502 silly packumentCache full:https://registry.npmjs.org/@alloc%2fquick-lru set size:undefined disposed:false
503 silly fetch manifest @typescript-eslint/typescript-estree@8.55.0
504 silly packumentCache full:https://registry.npmjs.org/@typescript-eslint%2ftypescript-estree cache-miss
505 http fetch GET 200 https://registry.npmjs.org/postcss-load-config 90ms (cache miss)
506 silly packumentCache full:https://registry.npmjs.org/postcss-load-config set size:undefined disposed:false
507 http fetch GET 200 https://registry.npmjs.org/resolve 355ms (cache miss)
508 silly packumentCache full:https://registry.npmjs.org/resolve set size:undefined disposed:false
509 http fetch GET 200 https://registry.npmjs.org/postcss-selector-parser 95ms (cache miss)
510 silly packumentCache full:https://registry.npmjs.org/postcss-selector-parser set size:undefined disposed:false
511 http fetch GET 200 https://registry.npmjs.org/@typescript-eslint%2feslint-plugin 802ms (cache miss)
512 silly packumentCache full:https://registry.npmjs.org/@typescript-eslint%2feslint-plugin set size:undefined disposed:false
513 http fetch GET 200 https://registry.npmjs.org/@typescript-eslint%2futils 921ms (cache miss)
514 silly packumentCache full:https://registry.npmjs.org/@typescript-eslint%2futils set size:undefined disposed:false
515 http fetch GET 200 https://registry.npmjs.org/@typescript-eslint%2fparser 979ms (cache miss)
516 silly packumentCache full:https://registry.npmjs.org/@typescript-eslint%2fparser set size:undefined disposed:false
517 http fetch GET 200 https://registry.npmjs.org/@typescript-eslint%2ftypescript-estree 1028ms (cache miss)
518 silly packumentCache full:https://registry.npmjs.org/@typescript-eslint%2ftypescript-estree set size:undefined disposed:false
519 silly placeDep ROOT @tailwindcss/node@4.1.18 OK for: @tailwindcss/vite@4.1.18 want: 4.1.18
520 silly placeDep ROOT @tailwindcss/oxide@4.1.18 OK for: @tailwindcss/vite@4.1.18 want: 4.1.18
521 silly placeDep node_modules/@tailwindcss/vite tailwindcss@4.1.18 OK for: @tailwindcss/vite@4.1.18 want: 4.1.18
522 silly fetch manifest jiti@^2.6.1
523 silly packumentCache full:https://registry.npmjs.org/jiti cache-hit
524 silly fetch manifest lightningcss@1.30.2
525 silly packumentCache full:https://registry.npmjs.org/lightningcss cache-miss
526 silly fetch manifest magic-string@^0.30.21
527 silly packumentCache full:https://registry.npmjs.org/magic-string cache-miss
528 silly fetch manifest enhanced-resolve@^5.18.3
529 silly packumentCache full:https://registry.npmjs.org/enhanced-resolve cache-miss
530 silly fetch manifest @jridgewell/remapping@^2.3.4
531 silly packumentCache full:https://registry.npmjs.org/@jridgewell%2fremapping cache-miss
532 silly fetch manifest @tailwindcss/oxide-darwin-x64@4.1.18
533 silly packumentCache full:https://registry.npmjs.org/@tailwindcss%2foxide-darwin-x64 cache-miss
534 silly fetch manifest @tailwindcss/oxide-freebsd-x64@4.1.18
535 silly packumentCache full:https://registry.npmjs.org/@tailwindcss%2foxide-freebsd-x64 cache-miss
536 silly fetch manifest @tailwindcss/oxide-wasm32-wasi@4.1.18
537 silly packumentCache full:https://registry.npmjs.org/@tailwindcss%2foxide-wasm32-wasi cache-miss
538 http cache https://registry.npmjs.org/lightningcss 25ms (cache hit)
539 silly packumentCache full:https://registry.npmjs.org/lightningcss set size:182441 disposed:false
540 silly fetch manifest @tailwindcss/oxide-darwin-arm64@4.1.18
541 silly packumentCache full:https://registry.npmjs.org/@tailwindcss%2foxide-darwin-arm64 cache-miss
542 http fetch GET 200 https://registry.npmjs.org/magic-string 93ms (cache miss)
543 silly packumentCache full:https://registry.npmjs.org/magic-string set size:undefined disposed:false
544 silly fetch manifest @tailwindcss/oxide-android-arm64@4.1.18
545 silly packumentCache full:https://registry.npmjs.org/@tailwindcss%2foxide-android-arm64 cache-miss
546 http fetch GET 200 https://registry.npmjs.org/enhanced-resolve 102ms (cache miss)
547 silly packumentCache full:https://registry.npmjs.org/enhanced-resolve set size:undefined disposed:false
548 silly fetch manifest @tailwindcss/oxide-linux-x64-gnu@4.1.18
549 silly packumentCache full:https://registry.npmjs.org/@tailwindcss%2foxide-linux-x64-gnu cache-miss
550 http fetch GET 200 https://registry.npmjs.org/@jridgewell%2fremapping 115ms (cache miss)
551 silly packumentCache full:https://registry.npmjs.org/@jridgewell%2fremapping set size:undefined disposed:false
552 silly fetch manifest @tailwindcss/oxide-linux-x64-musl@4.1.18
553 silly packumentCache full:https://registry.npmjs.org/@tailwindcss%2foxide-linux-x64-musl cache-miss
554 http fetch GET 200 https://registry.npmjs.org/@tailwindcss%2foxide-wasm32-wasi 124ms (cache miss)
555 silly packumentCache full:https://registry.npmjs.org/@tailwindcss%2foxide-wasm32-wasi set size:undefined disposed:false
556 silly fetch manifest @tailwindcss/oxide-win32-x64-msvc@4.1.18
557 silly packumentCache full:https://registry.npmjs.org/@tailwindcss%2foxide-win32-x64-msvc cache-miss
558 http fetch GET 200 https://registry.npmjs.org/@tailwindcss%2foxide-darwin-x64 179ms (cache miss)
559 silly packumentCache full:https://registry.npmjs.org/@tailwindcss%2foxide-darwin-x64 set size:undefined disposed:false
560 silly fetch manifest @tailwindcss/oxide-linux-arm64-gnu@4.1.18
561 silly packumentCache full:https://registry.npmjs.org/@tailwindcss%2foxide-linux-arm64-gnu cache-miss
562 http fetch GET 200 https://registry.npmjs.org/@tailwindcss%2foxide-linux-x64-musl 161ms (cache miss)
563 silly packumentCache full:https://registry.npmjs.org/@tailwindcss%2foxide-linux-x64-musl set size:undefined disposed:false
564 silly fetch manifest @tailwindcss/oxide-linux-arm64-musl@4.1.18
565 silly packumentCache full:https://registry.npmjs.org/@tailwindcss%2foxide-linux-arm64-musl cache-miss
566 http fetch GET 200 https://registry.npmjs.org/@tailwindcss%2foxide-win32-x64-msvc 256ms (cache miss)
567 silly packumentCache full:https://registry.npmjs.org/@tailwindcss%2foxide-win32-x64-msvc set size:undefined disposed:false
568 silly fetch manifest @tailwindcss/oxide-win32-arm64-msvc@4.1.18
569 silly packumentCache full:https://registry.npmjs.org/@tailwindcss%2foxide-win32-arm64-msvc cache-miss
570 http fetch GET 200 https://registry.npmjs.org/@tailwindcss%2foxide-linux-x64-gnu 301ms (cache miss)
571 silly packumentCache full:https://registry.npmjs.org/@tailwindcss%2foxide-linux-x64-gnu set size:undefined disposed:false
572 silly fetch manifest @tailwindcss/oxide-linux-arm-gnueabihf@4.1.18
573 silly packumentCache full:https://registry.npmjs.org/@tailwindcss%2foxide-linux-arm-gnueabihf cache-miss
574 http fetch GET 200 https://registry.npmjs.org/@tailwindcss%2foxide-android-arm64 327ms (cache miss)
575 silly packumentCache full:https://registry.npmjs.org/@tailwindcss%2foxide-android-arm64 set size:undefined disposed:false
576 http fetch GET 200 https://registry.npmjs.org/@tailwindcss%2foxide-darwin-arm64 412ms (cache miss)
577 silly packumentCache full:https://registry.npmjs.org/@tailwindcss%2foxide-darwin-arm64 set size:undefined disposed:false
578 http fetch GET 200 https://registry.npmjs.org/@tailwindcss%2foxide-linux-arm64-gnu 275ms (cache miss)
579 silly packumentCache full:https://registry.npmjs.org/@tailwindcss%2foxide-linux-arm64-gnu set size:undefined disposed:false
580 http fetch GET 200 https://registry.npmjs.org/@tailwindcss%2foxide-linux-arm64-musl 199ms (cache miss)
581 silly packumentCache full:https://registry.npmjs.org/@tailwindcss%2foxide-linux-arm64-musl set size:undefined disposed:false
582 http fetch GET 200 https://registry.npmjs.org/@tailwindcss%2foxide-win32-arm64-msvc 195ms (cache miss)
583 silly packumentCache full:https://registry.npmjs.org/@tailwindcss%2foxide-win32-arm64-msvc set size:undefined disposed:false
584 http fetch GET 200 https://registry.npmjs.org/@tailwindcss%2foxide-linux-arm-gnueabihf 180ms (cache miss)
585 silly packumentCache full:https://registry.npmjs.org/@tailwindcss%2foxide-linux-arm-gnueabihf set size:undefined disposed:false
586 http fetch GET 200 https://registry.npmjs.org/@tailwindcss%2foxide-freebsd-x64 621ms (cache miss)
587 silly packumentCache full:https://registry.npmjs.org/@tailwindcss%2foxide-freebsd-x64 set size:undefined disposed:false
588 silly placeDep ROOT @jridgewell/remapping@2.3.5 OK for: @tailwindcss/node@4.1.18 want: ^2.3.4
589 silly placeDep ROOT enhanced-resolve@5.19.0 OK for: @tailwindcss/node@4.1.18 want: ^5.18.3
590 silly placeDep ROOT jiti@2.6.1 OK for: @tailwindcss/node@4.1.18 want: ^2.6.1
591 silly placeDep ROOT lightningcss@1.30.2 OK for: @tailwindcss/node@4.1.18 want: 1.30.2
592 silly placeDep ROOT magic-string@0.30.21 OK for: @tailwindcss/node@4.1.18 want: ^0.30.21
593 silly placeDep ROOT source-map-js@1.2.1 OK for: @tailwindcss/node@4.1.18 want: ^1.2.1
594 silly placeDep node_modules/@tailwindcss/node tailwindcss@4.1.18 OK for: @tailwindcss/node@4.1.18 want: 4.1.18
595 silly fetch manifest @jridgewell/gen-mapping@^0.3.5
596 silly packumentCache full:https://registry.npmjs.org/@jridgewell%2fgen-mapping cache-miss
597 silly fetch manifest @jridgewell/trace-mapping@^0.3.24
598 silly packumentCache full:https://registry.npmjs.org/@jridgewell%2ftrace-mapping cache-miss
599 silly fetch manifest graceful-fs@^4.2.4
600 silly packumentCache full:https://registry.npmjs.org/graceful-fs cache-miss
601 silly fetch manifest tapable@^2.3.0
602 silly packumentCache full:https://registry.npmjs.org/tapable cache-miss
603 silly fetch manifest detect-libc@^2.0.3
604 silly packumentCache full:https://registry.npmjs.org/detect-libc cache-miss
605 silly fetch manifest lightningcss-darwin-x64@1.30.2
606 silly packumentCache full:https://registry.npmjs.org/lightningcss-darwin-x64 cache-miss
607 silly fetch manifest lightningcss-freebsd-x64@1.30.2
608 silly packumentCache full:https://registry.npmjs.org/lightningcss-freebsd-x64 cache-miss
609 http fetch GET 200 https://registry.npmjs.org/detect-libc 86ms (cache miss)
610 silly packumentCache full:https://registry.npmjs.org/detect-libc set size:undefined disposed:false
611 silly fetch manifest lightningcss-darwin-arm64@1.30.2
612 silly packumentCache full:https://registry.npmjs.org/lightningcss-darwin-arm64 cache-miss
613 http fetch GET 200 https://registry.npmjs.org/lightningcss-darwin-x64 95ms (cache miss)
614 silly packumentCache full:https://registry.npmjs.org/lightningcss-darwin-x64 set size:undefined disposed:false
615 silly fetch manifest lightningcss-android-arm64@1.30.2
616 silly packumentCache full:https://registry.npmjs.org/lightningcss-android-arm64 cache-miss
617 http fetch GET 200 https://registry.npmjs.org/graceful-fs 109ms (cache miss)
618 silly packumentCache full:https://registry.npmjs.org/graceful-fs set size:undefined disposed:false
619 silly fetch manifest lightningcss-linux-x64-gnu@1.30.2
620 silly packumentCache full:https://registry.npmjs.org/lightningcss-linux-x64-gnu cache-miss
621 http fetch GET 200 https://registry.npmjs.org/tapable 112ms (cache miss)
622 silly packumentCache full:https://registry.npmjs.org/tapable set size:undefined disposed:false
623 silly fetch manifest lightningcss-linux-x64-musl@1.30.2
624 silly packumentCache full:https://registry.npmjs.org/lightningcss-linux-x64-musl cache-miss
625 http fetch GET 200 https://registry.npmjs.org/@jridgewell%2fgen-mapping 116ms (cache miss)
626 silly packumentCache full:https://registry.npmjs.org/@jridgewell%2fgen-mapping set size:undefined disposed:false
627 silly fetch manifest lightningcss-win32-x64-msvc@1.30.2
628 silly packumentCache full:https://registry.npmjs.org/lightningcss-win32-x64-msvc cache-miss
629 http fetch GET 200 https://registry.npmjs.org/@jridgewell%2ftrace-mapping 118ms (cache miss)
630 silly packumentCache full:https://registry.npmjs.org/@jridgewell%2ftrace-mapping set size:undefined disposed:false
631 silly fetch manifest lightningcss-linux-arm64-gnu@1.30.2
632 silly packumentCache full:https://registry.npmjs.org/lightningcss-linux-arm64-gnu cache-miss
633 http fetch GET 200 https://registry.npmjs.org/lightningcss-freebsd-x64 163ms (cache miss)
634 silly packumentCache full:https://registry.npmjs.org/lightningcss-freebsd-x64 set size:undefined disposed:false
635 silly fetch manifest lightningcss-linux-arm64-musl@1.30.2
636 silly packumentCache full:https://registry.npmjs.org/lightningcss-linux-arm64-musl cache-miss
637 http fetch GET 200 https://registry.npmjs.org/lightningcss-darwin-arm64 91ms (cache miss)
638 silly packumentCache full:https://registry.npmjs.org/lightningcss-darwin-arm64 set size:undefined disposed:false
639 silly fetch manifest lightningcss-win32-arm64-msvc@1.30.2
640 silly packumentCache full:https://registry.npmjs.org/lightningcss-win32-arm64-msvc cache-miss
641 http fetch GET 200 https://registry.npmjs.org/lightningcss-android-arm64 88ms (cache miss)
642 silly packumentCache full:https://registry.npmjs.org/lightningcss-android-arm64 set size:undefined disposed:false
643 silly fetch manifest lightningcss-linux-arm-gnueabihf@1.30.2
644 silly packumentCache full:https://registry.npmjs.org/lightningcss-linux-arm-gnueabihf cache-miss
645 http fetch GET 200 https://registry.npmjs.org/lightningcss-linux-x64-gnu 91ms (cache miss)
646 silly packumentCache full:https://registry.npmjs.org/lightningcss-linux-x64-gnu set size:undefined disposed:false
647 silly fetch manifest @jridgewell/sourcemap-codec@^1.5.5
648 silly packumentCache full:https://registry.npmjs.org/@jridgewell%2fsourcemap-codec cache-miss
649 http fetch GET 200 https://registry.npmjs.org/lightningcss-win32-x64-msvc 90ms (cache miss)
650 silly packumentCache full:https://registry.npmjs.org/lightningcss-win32-x64-msvc set size:undefined disposed:false
651 http fetch GET 200 https://registry.npmjs.org/lightningcss-linux-x64-musl 96ms (cache miss)
652 silly packumentCache full:https://registry.npmjs.org/lightningcss-linux-x64-musl set size:undefined disposed:false
653 http fetch GET 200 https://registry.npmjs.org/lightningcss-linux-arm64-gnu 93ms (cache miss)
654 silly packumentCache full:https://registry.npmjs.org/lightningcss-linux-arm64-gnu set size:undefined disposed:false
655 http fetch GET 200 https://registry.npmjs.org/lightningcss-linux-arm64-musl 86ms (cache miss)
656 silly packumentCache full:https://registry.npmjs.org/lightningcss-linux-arm64-musl set size:undefined disposed:false
657 http fetch GET 200 https://registry.npmjs.org/lightningcss-win32-arm64-msvc 87ms (cache miss)
658 silly packumentCache full:https://registry.npmjs.org/lightningcss-win32-arm64-msvc set size:undefined disposed:false
659 http fetch GET 200 https://registry.npmjs.org/lightningcss-linux-arm-gnueabihf 85ms (cache miss)
660 silly packumentCache full:https://registry.npmjs.org/lightningcss-linux-arm-gnueabihf set size:undefined disposed:false
661 http fetch GET 200 https://registry.npmjs.org/@jridgewell%2fsourcemap-codec 95ms (cache miss)
662 silly packumentCache full:https://registry.npmjs.org/@jridgewell%2fsourcemap-codec set size:undefined disposed:false
663 silly placeDep ROOT @jridgewell/gen-mapping@0.3.13 OK for: @jridgewell/remapping@2.3.5 want: ^0.3.5
664 silly placeDep ROOT @jridgewell/trace-mapping@0.3.31 OK for: @jridgewell/remapping@2.3.5 want: ^0.3.24
665 silly fetch manifest @jridgewell/sourcemap-codec@^1.5.0
666 silly packumentCache full:https://registry.npmjs.org/@jridgewell%2fsourcemap-codec cache-miss
667 silly fetch manifest @jridgewell/resolve-uri@^3.1.0
668 silly packumentCache full:https://registry.npmjs.org/@jridgewell%2fresolve-uri cache-miss
669 silly fetch manifest @jridgewell/sourcemap-codec@^1.4.14
670 silly packumentCache full:https://registry.npmjs.org/@jridgewell%2fsourcemap-codec cache-miss
671 http cache https://registry.npmjs.org/@jridgewell%2fsourcemap-codec 24ms (cache hit)
672 silly packumentCache full:https://registry.npmjs.org/@jridgewell%2fsourcemap-codec set size:59275 disposed:false
673 http cache https://registry.npmjs.org/@jridgewell%2fsourcemap-codec 25ms (cache hit)
674 silly packumentCache full:https://registry.npmjs.org/@jridgewell%2fsourcemap-codec set size:59275 disposed:false
675 silly packumentCache full:https://registry.npmjs.org/@jridgewell%2fsourcemap-codec dispose
676 http fetch GET 200 https://registry.npmjs.org/@jridgewell%2fresolve-uri 98ms (cache miss)
677 silly packumentCache full:https://registry.npmjs.org/@jridgewell%2fresolve-uri set size:undefined disposed:false
678 silly placeDep ROOT @jridgewell/sourcemap-codec@1.5.5 OK for: @jridgewell/gen-mapping@0.3.13 want: ^1.5.0
679 silly placeDep ROOT @jridgewell/resolve-uri@3.1.2 OK for: @jridgewell/trace-mapping@0.3.31 want: ^3.1.0
680 silly placeDep ROOT @tailwindcss/oxide-android-arm64@4.1.18 OK for: @tailwindcss/oxide@4.1.18 want: 4.1.18
681 silly placeDep ROOT @tailwindcss/oxide-darwin-arm64@4.1.18 OK for: @tailwindcss/oxide@4.1.18 want: 4.1.18
682 silly placeDep ROOT @tailwindcss/oxide-darwin-x64@4.1.18 OK for: @tailwindcss/oxide@4.1.18 want: 4.1.18
683 silly placeDep ROOT @tailwindcss/oxide-freebsd-x64@4.1.18 OK for: @tailwindcss/oxide@4.1.18 want: 4.1.18
684 silly placeDep ROOT @tailwindcss/oxide-linux-arm-gnueabihf@4.1.18 OK for: @tailwindcss/oxide@4.1.18 want: 4.1.18
685 silly placeDep ROOT @tailwindcss/oxide-linux-arm64-gnu@4.1.18 OK for: @tailwindcss/oxide@4.1.18 want: 4.1.18
686 silly placeDep ROOT @tailwindcss/oxide-linux-arm64-musl@4.1.18 OK for: @tailwindcss/oxide@4.1.18 want: 4.1.18
687 silly placeDep ROOT @tailwindcss/oxide-linux-x64-gnu@4.1.18 OK for: @tailwindcss/oxide@4.1.18 want: 4.1.18
688 silly placeDep ROOT @tailwindcss/oxide-linux-x64-musl@4.1.18 OK for: @tailwindcss/oxide@4.1.18 want: 4.1.18
689 silly placeDep ROOT @tailwindcss/oxide-wasm32-wasi@4.1.18 OK for: @tailwindcss/oxide@4.1.18 want: 4.1.18
690 silly placeDep ROOT @tailwindcss/oxide-win32-arm64-msvc@4.1.18 OK for: @tailwindcss/oxide@4.1.18 want: 4.1.18
691 silly placeDep ROOT @tailwindcss/oxide-win32-x64-msvc@4.1.18 OK for: @tailwindcss/oxide@4.1.18 want: 4.1.18
692 silly placeDep ROOT undici-types@7.16.0 OK for: @types/node@24.10.13 want: ~7.16.0
693 silly placeDep ROOT csstype@3.2.3 OK for: @types/react@19.2.14 want: ^3.2.2
694 silly placeDep ROOT @babel/core@7.29.0 OK for: @vitejs/plugin-react@5.1.4 want: ^7.29.0
695 silly placeDep ROOT @babel/plugin-transform-react-jsx-self@7.27.1 OK for: @vitejs/plugin-react@5.1.4 want: ^7.27.1
696 silly placeDep ROOT @babel/plugin-transform-react-jsx-source@7.27.1 OK for: @vitejs/plugin-react@5.1.4 want: ^7.27.1
697 silly placeDep ROOT @rolldown/pluginutils@1.0.0-rc.3 OK for: @vitejs/plugin-react@5.1.4 want: 1.0.0-rc.3
698 silly placeDep ROOT @types/babel__core@7.20.5 OK for: @vitejs/plugin-react@5.1.4 want: ^7.20.5
699 silly placeDep ROOT react-refresh@0.18.0 OK for: @vitejs/plugin-react@5.1.4 want: ^0.18.0
700 silly fetch manifest debug@^4.1.0
701 silly packumentCache full:https://registry.npmjs.org/debug cache-miss
702 silly fetch manifest json5@^2.2.3
703 silly packumentCache full:https://registry.npmjs.org/json5 cache-miss
704 silly fetch manifest semver@^6.3.1
705 silly packumentCache full:https://registry.npmjs.org/semver cache-miss
706 silly fetch manifest gensync@^1.0.0-beta.2
707 silly packumentCache full:https://registry.npmjs.org/gensync cache-miss
708 silly fetch manifest @babel/types@^7.29.0
709 silly packumentCache full:https://registry.npmjs.org/@babel%2ftypes cache-miss
710 silly fetch manifest @babel/parser@^7.29.0
711 silly packumentCache full:https://registry.npmjs.org/@babel%2fparser cache-miss
712 silly fetch manifest @babel/helpers@^7.28.6
713 silly packumentCache full:https://registry.npmjs.org/@babel%2fhelpers cache-miss
714 http cache https://registry.npmjs.org/debug 9ms (cache hit)
715 silly packumentCache full:https://registry.npmjs.org/debug set size:195840 disposed:false
716 silly fetch manifest @babel/template@^7.28.6
717 silly packumentCache full:https://registry.npmjs.org/@babel%2ftemplate cache-miss
718 http cache https://registry.npmjs.org/@babel%2fparser 13ms (cache hit)
719 silly packumentCache full:https://registry.npmjs.org/@babel%2fparser set size:711883 disposed:false
720 silly fetch manifest @babel/traverse@^7.29.0
721 silly packumentCache full:https://registry.npmjs.org/@babel%2ftraverse cache-miss
722 http fetch GET 200 https://registry.npmjs.org/gensync 89ms (cache miss)
723 silly packumentCache full:https://registry.npmjs.org/gensync set size:undefined disposed:false
724 silly fetch manifest @babel/generator@^7.29.0
725 silly packumentCache full:https://registry.npmjs.org/@babel%2fgenerator cache-miss
726 http fetch GET 200 https://registry.npmjs.org/semver 96ms (cache miss)
727 silly packumentCache full:https://registry.npmjs.org/semver set size:undefined disposed:false
728 silly fetch manifest @babel/code-frame@^7.29.0
729 silly packumentCache full:https://registry.npmjs.org/@babel%2fcode-frame cache-miss
730 http fetch GET 200 https://registry.npmjs.org/json5 107ms (cache miss)
731 silly packumentCache full:https://registry.npmjs.org/json5 set size:undefined disposed:false
732 silly fetch manifest convert-source-map@^2.0.0
733 silly packumentCache full:https://registry.npmjs.org/convert-source-map cache-miss
734 http fetch GET 200 https://registry.npmjs.org/@babel%2fhelpers 120ms (cache miss)
735 silly packumentCache full:https://registry.npmjs.org/@babel%2fhelpers set size:undefined disposed:false
736 silly fetch manifest @babel/helper-module-transforms@^7.28.6
737 silly packumentCache full:https://registry.npmjs.org/@babel%2fhelper-module-transforms cache-miss
738 http fetch GET 200 https://registry.npmjs.org/@babel%2ftemplate 118ms (cache miss)
739 silly packumentCache full:https://registry.npmjs.org/@babel%2ftemplate set size:undefined disposed:false
740 silly fetch manifest @babel/helper-compilation-targets@^7.28.6
741 silly packumentCache full:https://registry.npmjs.org/@babel%2fhelper-compilation-targets cache-miss
742 http fetch GET 200 https://registry.npmjs.org/@babel%2ftypes 133ms (cache miss)
743 silly packumentCache full:https://registry.npmjs.org/@babel%2ftypes set size:undefined disposed:false
744 silly fetch manifest @babel/helper-plugin-utils@^7.27.1
745 silly packumentCache full:https://registry.npmjs.org/@babel%2fhelper-plugin-utils cache-miss
746 http fetch GET 200 https://registry.npmjs.org/@babel%2ftraverse 124ms (cache miss)
747 silly packumentCache full:https://registry.npmjs.org/@babel%2ftraverse set size:undefined disposed:false
748 silly fetch manifest @babel/helper-plugin-utils@^7.27.1
749 silly packumentCache full:https://registry.npmjs.org/@babel%2fhelper-plugin-utils cache-miss
750 http fetch GET 200 https://registry.npmjs.org/convert-source-map 93ms (cache miss)
751 silly packumentCache full:https://registry.npmjs.org/convert-source-map set size:undefined disposed:false
752 silly fetch manifest @babel/types@^7.20.7
753 silly packumentCache full:https://registry.npmjs.org/@babel%2ftypes cache-miss
754 http fetch GET 200 https://registry.npmjs.org/@babel%2fgenerator 116ms (cache miss)
755 silly packumentCache full:https://registry.npmjs.org/@babel%2fgenerator set size:undefined disposed:false
756 silly fetch manifest @babel/parser@^7.20.7
757 silly packumentCache full:https://registry.npmjs.org/@babel%2fparser cache-hit
758 silly fetch manifest @types/babel__template@*
759 silly packumentCache full:https://registry.npmjs.org/@types%2fbabel__template cache-miss
760 http fetch GET 200 https://registry.npmjs.org/@babel%2fcode-frame 117ms (cache miss)
761 silly packumentCache full:https://registry.npmjs.org/@babel%2fcode-frame set size:undefined disposed:false
762 silly fetch manifest @types/babel__traverse@*
763 silly packumentCache full:https://registry.npmjs.org/@types%2fbabel__traverse cache-miss
764 http cache https://registry.npmjs.org/@babel%2ftypes 19ms (cache hit)
765 silly packumentCache full:https://registry.npmjs.org/@babel%2ftypes set size:483793 disposed:false
766 silly fetch manifest @types/babel__generator@*
767 silly packumentCache full:https://registry.npmjs.org/@types%2fbabel__generator cache-miss
768 http fetch GET 200 https://registry.npmjs.org/@babel%2fhelper-module-transforms 112ms (cache miss)
769 silly packumentCache full:https://registry.npmjs.org/@babel%2fhelper-module-transforms set size:undefined disposed:false
770 http fetch GET 200 https://registry.npmjs.org/@babel%2fhelper-compilation-targets 108ms (cache miss)
771 silly packumentCache full:https://registry.npmjs.org/@babel%2fhelper-compilation-targets set size:undefined disposed:false
772 http fetch GET 200 https://registry.npmjs.org/@babel%2fhelper-plugin-utils 107ms (cache miss)
773 silly packumentCache full:https://registry.npmjs.org/@babel%2fhelper-plugin-utils set size:undefined disposed:false
774 http fetch GET 200 https://registry.npmjs.org/@babel%2fhelper-plugin-utils 102ms (cache miss)
775 silly packumentCache full:https://registry.npmjs.org/@babel%2fhelper-plugin-utils set size:undefined disposed:false
776 http fetch GET 200 https://registry.npmjs.org/@types%2fbabel__template 97ms (cache miss)
777 silly packumentCache full:https://registry.npmjs.org/@types%2fbabel__template set size:undefined disposed:false
778 http fetch GET 200 https://registry.npmjs.org/@types%2fbabel__traverse 98ms (cache miss)
779 silly packumentCache full:https://registry.npmjs.org/@types%2fbabel__traverse set size:undefined disposed:false
780 http fetch GET 200 https://registry.npmjs.org/@types%2fbabel__generator 97ms (cache miss)
781 silly packumentCache full:https://registry.npmjs.org/@types%2fbabel__generator set size:undefined disposed:false
782 silly fetch manifest @babel/core@^7.0.0
783 silly packumentCache full:https://registry.npmjs.org/@babel%2fcore cache-hit
784 silly placeDep ROOT @babel/code-frame@7.29.0 OK for: @babel/core@7.29.0 want: ^7.29.0
785 silly placeDep ROOT @babel/generator@7.29.1 OK for: @babel/core@7.29.0 want: ^7.29.0
786 silly placeDep ROOT @babel/helper-compilation-targets@7.28.6 OK for: @babel/core@7.29.0 want: ^7.28.6
787 silly placeDep ROOT @babel/helper-module-transforms@7.28.6 OK for: @babel/core@7.29.0 want: ^7.28.6
788 silly placeDep ROOT @babel/helpers@7.28.6 OK for: @babel/core@7.29.0 want: ^7.28.6
789 silly placeDep ROOT @babel/parser@7.29.0 OK for: @babel/core@7.29.0 want: ^7.29.0
790 silly placeDep ROOT @babel/template@7.28.6 OK for: @babel/core@7.29.0 want: ^7.28.6
791 silly placeDep ROOT @babel/traverse@7.29.0 OK for: @babel/core@7.29.0 want: ^7.29.0
792 silly placeDep ROOT @babel/types@7.29.0 OK for: @babel/core@7.29.0 want: ^7.29.0
793 silly placeDep ROOT convert-source-map@2.0.0 OK for: @babel/core@7.29.0 want: ^2.0.0
794 silly placeDep ROOT debug@4.4.3 OK for: @babel/core@7.29.0 want: ^4.1.0
795 silly placeDep ROOT gensync@1.0.0-beta.2 OK for: @babel/core@7.29.0 want: ^1.0.0-beta.2
796 silly placeDep ROOT json5@2.2.3 OK for: @babel/core@7.29.0 want: ^2.2.3
797 silly placeDep ROOT semver@6.3.1 OK for: @babel/core@7.29.0 want: ^6.3.1
798 silly fetch manifest js-tokens@^4.0.0
799 silly packumentCache full:https://registry.npmjs.org/js-tokens cache-miss
800 silly fetch manifest @babel/helper-validator-identifier@^7.28.5
801 silly packumentCache full:https://registry.npmjs.org/@babel%2fhelper-validator-identifier cache-miss
802 silly fetch manifest jsesc@^3.0.2
803 silly packumentCache full:https://registry.npmjs.org/jsesc cache-miss
804 silly fetch manifest lru-cache@^5.1.1
805 silly packumentCache full:https://registry.npmjs.org/lru-cache cache-miss
806 silly fetch manifest browserslist@^4.24.0
807 silly packumentCache full:https://registry.npmjs.org/browserslist cache-miss
808 silly fetch manifest @babel/compat-data@^7.28.6
809 silly packumentCache full:https://registry.npmjs.org/@babel%2fcompat-data cache-miss
810 silly fetch manifest @babel/helper-validator-option@^7.27.1
811 silly packumentCache full:https://registry.npmjs.org/@babel%2fhelper-validator-option cache-miss
812 http cache https://registry.npmjs.org/browserslist 14ms (cache hit)
813 silly packumentCache full:https://registry.npmjs.org/browserslist set size:502989 disposed:false
814 silly fetch manifest @babel/traverse@^7.28.6
815 silly packumentCache full:https://registry.npmjs.org/@babel%2ftraverse cache-miss
816 http cache https://registry.npmjs.org/@babel%2ftraverse 6ms (cache hit)
817 silly packumentCache full:https://registry.npmjs.org/@babel%2ftraverse set size:544276 disposed:false
818 silly fetch manifest @babel/helper-module-imports@^7.28.6
819 silly packumentCache full:https://registry.npmjs.org/@babel%2fhelper-module-imports cache-miss
820 http fetch GET 200 https://registry.npmjs.org/js-tokens 93ms (cache miss)
821 silly packumentCache full:https://registry.npmjs.org/js-tokens set size:undefined disposed:false
822 silly fetch manifest @babel/helper-validator-identifier@^7.28.5
823 silly packumentCache full:https://registry.npmjs.org/@babel%2fhelper-validator-identifier cache-miss
824 http fetch GET 200 https://registry.npmjs.org/jsesc 99ms (cache miss)
825 silly packumentCache full:https://registry.npmjs.org/jsesc set size:undefined disposed:false
826 silly fetch manifest @babel/types@^7.28.6
827 silly packumentCache full:https://registry.npmjs.org/@babel%2ftypes cache-hit
828 silly fetch manifest debug@^4.3.1
829 silly packumentCache full:https://registry.npmjs.org/debug cache-hit
830 silly fetch manifest @babel/helper-globals@^7.28.0
831 silly packumentCache full:https://registry.npmjs.org/@babel%2fhelper-globals cache-miss
832 http fetch GET 200 https://registry.npmjs.org/@babel%2fhelper-validator-option 110ms (cache miss)
833 silly packumentCache full:https://registry.npmjs.org/@babel%2fhelper-validator-option set size:undefined disposed:false
834 silly fetch manifest @babel/helper-string-parser@^7.27.1
835 silly packumentCache full:https://registry.npmjs.org/@babel%2fhelper-string-parser cache-miss
836 http fetch GET 200 https://registry.npmjs.org/@babel%2fhelper-validator-identifier 118ms (cache miss)
837 silly packumentCache full:https://registry.npmjs.org/@babel%2fhelper-validator-identifier set size:undefined disposed:false
838 silly fetch manifest ms@^2.1.3
839 silly packumentCache full:https://registry.npmjs.org/ms cache-miss
840 http fetch GET 200 https://registry.npmjs.org/lru-cache 123ms (cache miss)
841 silly packumentCache full:https://registry.npmjs.org/lru-cache set size:undefined disposed:false
842 http fetch GET 200 https://registry.npmjs.org/@babel%2fcompat-data 128ms (cache miss)
843 silly packumentCache full:https://registry.npmjs.org/@babel%2fcompat-data set size:undefined disposed:false
844 http fetch GET 200 https://registry.npmjs.org/@babel%2fhelper-module-imports 105ms (cache miss)
845 silly packumentCache full:https://registry.npmjs.org/@babel%2fhelper-module-imports set size:undefined disposed:false
846 http fetch GET 200 https://registry.npmjs.org/@babel%2fhelper-validator-identifier 94ms (cache miss)
847 silly packumentCache full:https://registry.npmjs.org/@babel%2fhelper-validator-identifier set size:undefined disposed:false
848 http fetch GET 200 https://registry.npmjs.org/@babel%2fhelper-globals 90ms (cache miss)
849 silly packumentCache full:https://registry.npmjs.org/@babel%2fhelper-globals set size:undefined disposed:false
850 http fetch GET 200 https://registry.npmjs.org/@babel%2fhelper-string-parser 93ms (cache miss)
851 silly packumentCache full:https://registry.npmjs.org/@babel%2fhelper-string-parser set size:undefined disposed:false
852 http fetch GET 200 https://registry.npmjs.org/ms 91ms (cache miss)
853 silly packumentCache full:https://registry.npmjs.org/ms set size:undefined disposed:false
854 silly placeDep ROOT @babel/helper-validator-identifier@7.28.5 OK for: @babel/code-frame@7.29.0 want: ^7.28.5
855 silly placeDep ROOT js-tokens@4.0.0 OK for: @babel/code-frame@7.29.0 want: ^4.0.0
856 silly placeDep ROOT picocolors@1.1.1 OK for: @babel/code-frame@7.29.0 want: ^1.1.1
857 silly placeDep ROOT jsesc@3.1.0 OK for: @babel/generator@7.29.1 want: ^3.0.2
858 silly placeDep ROOT @babel/compat-data@7.29.0 OK for: @babel/helper-compilation-targets@7.28.6 want: ^7.28.6
859 silly placeDep ROOT @babel/helper-validator-option@7.27.1 OK for: @babel/helper-compilation-targets@7.28.6 want: ^7.27.1
860 silly placeDep ROOT browserslist@4.28.1 OK for: @babel/helper-compilation-targets@7.28.6 want: ^4.24.0
861 silly placeDep ROOT lru-cache@5.1.1 OK for: @babel/helper-compilation-targets@7.28.6 want: ^5.1.1
862 silly fetch manifest baseline-browser-mapping@^2.9.0
863 silly packumentCache full:https://registry.npmjs.org/baseline-browser-mapping cache-miss
864 silly fetch manifest caniuse-lite@^1.0.30001759
865 silly packumentCache full:https://registry.npmjs.org/caniuse-lite cache-miss
866 silly fetch manifest electron-to-chromium@^1.5.263
867 silly packumentCache full:https://registry.npmjs.org/electron-to-chromium cache-miss
868 silly fetch manifest node-releases@^2.0.27
869 silly packumentCache full:https://registry.npmjs.org/node-releases cache-miss
870 silly fetch manifest update-browserslist-db@^1.2.0
871 silly packumentCache full:https://registry.npmjs.org/update-browserslist-db cache-miss
872 silly fetch manifest yallist@^3.0.2
873 silly packumentCache full:https://registry.npmjs.org/yallist cache-miss
874 http cache https://registry.npmjs.org/caniuse-lite 12ms (cache hit)
875 silly packumentCache full:https://registry.npmjs.org/caniuse-lite set size:2252610 disposed:false
876 http fetch GET 200 https://registry.npmjs.org/update-browserslist-db 90ms (cache miss)
877 silly packumentCache full:https://registry.npmjs.org/update-browserslist-db set size:undefined disposed:false
878 http fetch GET 200 https://registry.npmjs.org/yallist 94ms (cache miss)
879 silly packumentCache full:https://registry.npmjs.org/yallist set size:undefined disposed:false
880 http fetch GET 200 https://registry.npmjs.org/node-releases 102ms (cache miss)
881 silly packumentCache full:https://registry.npmjs.org/node-releases set size:undefined disposed:false
882 http fetch GET 200 https://registry.npmjs.org/baseline-browser-mapping 107ms (cache miss)
883 silly packumentCache full:https://registry.npmjs.org/baseline-browser-mapping set size:undefined disposed:false
884 http fetch GET 200 https://registry.npmjs.org/electron-to-chromium 242ms (cache miss)
885 silly packumentCache full:https://registry.npmjs.org/electron-to-chromium set size:undefined disposed:false
886 silly placeDep ROOT @babel/helper-module-imports@7.28.6 OK for: @babel/helper-module-transforms@7.28.6 want: ^7.28.6
887 silly placeDep ROOT @babel/helper-plugin-utils@7.28.6 OK for: @babel/plugin-transform-react-jsx-self@7.27.1 want: ^7.27.1
888 silly placeDep ROOT @babel/helper-globals@7.28.0 OK for: @babel/traverse@7.29.0 want: ^7.28.0
889 silly placeDep ROOT @babel/helper-string-parser@7.27.1 OK for: @babel/types@7.29.0 want: ^7.27.1
890 silly placeDep ROOT @types/babel__generator@7.27.0 OK for: @types/babel__core@7.20.5 want: *
891 silly placeDep ROOT @types/babel__template@7.4.4 OK for: @types/babel__core@7.20.5 want: *
892 silly placeDep ROOT @types/babel__traverse@7.28.0 OK for: @types/babel__core@7.20.5 want: *
893 silly placeDep ROOT caniuse-lite@1.0.30001769 OK for: autoprefixer@10.4.24 want: ^1.0.30001766
894 silly placeDep ROOT fraction.js@5.3.4 OK for: autoprefixer@10.4.24 want: ^5.3.4
895 silly placeDep ROOT postcss-value-parser@4.2.0 OK for: autoprefixer@10.4.24 want: ^4.2.0
896 silly fetch manifest browserslist@>= 4.21.0
897 silly packumentCache full:https://registry.npmjs.org/browserslist cache-hit
898 silly placeDep ROOT baseline-browser-mapping@2.9.19 OK for: browserslist@4.28.1 want: ^2.9.0
899 silly placeDep ROOT electron-to-chromium@1.5.286 OK for: browserslist@4.28.1 want: ^1.5.263
900 silly placeDep ROOT node-releases@2.0.27 OK for: browserslist@4.28.1 want: ^2.0.27
901 silly placeDep ROOT update-browserslist-db@1.2.3 OK for: browserslist@4.28.1 want: ^1.2.0
902 silly fetch manifest escalade@^3.2.0
903 silly packumentCache full:https://registry.npmjs.org/escalade cache-miss
904 http fetch GET 200 https://registry.npmjs.org/escalade 84ms (cache miss)
905 silly packumentCache full:https://registry.npmjs.org/escalade set size:undefined disposed:false
906 silly placeDep ROOT ms@2.1.3 OK for: debug@4.4.3 want: ^2.1.3
907 silly placeDep ROOT graceful-fs@4.2.11 OK for: enhanced-resolve@5.19.0 want: ^4.2.4
908 silly placeDep ROOT tapable@2.3.0 OK for: enhanced-resolve@5.19.0 want: ^2.3.0
909 silly fetch manifest eslint@^6.0.0 || ^7.0.0 || >=8.0.0
910 silly packumentCache full:https://registry.npmjs.org/eslint cache-miss
911 http cache https://registry.npmjs.org/eslint 9ms (cache hit)
912 silly packumentCache full:https://registry.npmjs.org/eslint set size:1929113 disposed:false
913 silly placeDep ROOT @eslint-community/eslint-utils@4.9.1 OK for: eslint@9.39.2 want: ^4.8.0
914 silly placeDep ROOT @eslint-community/regexpp@4.12.2 OK for: eslint@9.39.2 want: ^4.12.1
915 silly placeDep ROOT @eslint/config-array@0.21.1 OK for: eslint@9.39.2 want: ^0.21.1
916 silly placeDep ROOT @eslint/config-helpers@0.4.2 OK for: eslint@9.39.2 want: ^0.4.2
917 silly placeDep ROOT @eslint/core@0.17.0 OK for: eslint@9.39.2 want: ^0.17.0
918 silly placeDep ROOT @eslint/eslintrc@3.3.3 OK for: eslint@9.39.2 want: ^3.3.1
919 silly placeDep ROOT @eslint/plugin-kit@0.4.1 OK for: eslint@9.39.2 want: ^0.4.1
920 silly placeDep ROOT @humanfs/node@0.16.7 OK for: eslint@9.39.2 want: ^0.16.6
921 silly placeDep ROOT @humanwhocodes/module-importer@1.0.1 OK for: eslint@9.39.2 want: ^1.0.1
922 silly placeDep ROOT @humanwhocodes/retry@0.4.3 OK for: eslint@9.39.2 want: ^0.4.2
923 silly placeDep ROOT @types/estree@1.0.8 OK for: eslint@9.39.2 want: ^1.0.6
924 silly placeDep ROOT ajv@6.12.6 OK for: eslint@9.39.2 want: ^6.12.4
925 silly placeDep ROOT chalk@4.1.2 OK for: eslint@9.39.2 want: ^4.0.0
926 silly placeDep ROOT cross-spawn@7.0.6 OK for: eslint@9.39.2 want: ^7.0.6
927 silly placeDep ROOT escape-string-regexp@4.0.0 OK for: eslint@9.39.2 want: ^4.0.0
928 silly placeDep ROOT eslint-scope@8.4.0 OK for: eslint@9.39.2 want: ^8.4.0
929 silly placeDep ROOT eslint-visitor-keys@4.2.1 OK for: eslint@9.39.2 want: ^4.2.1
930 silly placeDep ROOT espree@10.4.0 OK for: eslint@9.39.2 want: ^10.4.0
931 silly placeDep ROOT esquery@1.7.0 OK for: eslint@9.39.2 want: ^1.5.0
932 silly placeDep ROOT esutils@2.0.3 OK for: eslint@9.39.2 want: ^2.0.2
933 silly placeDep ROOT fast-deep-equal@3.1.3 OK for: eslint@9.39.2 want: ^3.1.3
934 silly placeDep ROOT file-entry-cache@8.0.0 OK for: eslint@9.39.2 want: ^8.0.0
935 silly placeDep ROOT find-up@5.0.0 OK for: eslint@9.39.2 want: ^5.0.0
936 silly placeDep ROOT glob-parent@6.0.2 OK for: eslint@9.39.2 want: ^6.0.2
937 silly placeDep ROOT ignore@5.3.2 OK for: eslint@9.39.2 want: ^5.2.0
938 silly placeDep ROOT imurmurhash@0.1.4 OK for: eslint@9.39.2 want: ^0.1.4
939 silly placeDep ROOT is-glob@4.0.3 OK for: eslint@9.39.2 want: ^4.0.0
940 silly placeDep ROOT json-stable-stringify-without-jsonify@1.0.1 OK for: eslint@9.39.2 want: ^1.0.1
941 silly placeDep ROOT lodash.merge@4.6.2 OK for: eslint@9.39.2 want: ^4.6.2
942 silly placeDep ROOT minimatch@3.1.2 OK for: eslint@9.39.2 want: ^3.1.2
943 silly placeDep ROOT natural-compare@1.4.0 OK for: eslint@9.39.2 want: ^1.4.0
944 silly placeDep ROOT optionator@0.9.4 OK for: eslint@9.39.2 want: ^0.9.3
945 silly fetch manifest eslint-visitor-keys@^3.4.3
946 silly packumentCache full:https://registry.npmjs.org/eslint-visitor-keys cache-miss
947 silly fetch manifest @eslint/object-schema@^2.1.7
948 silly packumentCache full:https://registry.npmjs.org/@eslint%2fobject-schema cache-miss
949 silly fetch manifest @types/json-schema@^7.0.15
950 silly packumentCache full:https://registry.npmjs.org/@types%2fjson-schema cache-miss
951 silly fetch manifest espree@^10.0.1
952 silly packumentCache full:https://registry.npmjs.org/espree cache-miss
953 silly fetch manifest globals@^14.0.0
954 silly packumentCache full:https://registry.npmjs.org/globals cache-miss
955 silly fetch manifest import-fresh@^3.2.1
956 silly packumentCache full:https://registry.npmjs.org/import-fresh cache-miss
957 silly fetch manifest js-yaml@^4.1.1
958 silly packumentCache full:https://registry.npmjs.org/js-yaml cache-miss
959 http cache https://registry.npmjs.org/globals 21ms (cache hit)
960 silly packumentCache full:https://registry.npmjs.org/globals set size:304921 disposed:false
961 silly fetch manifest strip-json-comments@^3.1.1
962 silly packumentCache full:https://registry.npmjs.org/strip-json-comments cache-miss
963 http cache https://registry.npmjs.org/espree 27ms (cache hit)
964 silly packumentCache full:https://registry.npmjs.org/espree set size:320553 disposed:false
965 silly fetch manifest levn@^0.4.1
966 silly packumentCache full:https://registry.npmjs.org/levn cache-miss
967 http cache https://registry.npmjs.org/eslint-visitor-keys 44ms (cache hit)
968 silly packumentCache full:https://registry.npmjs.org/eslint-visitor-keys set size:67352 disposed:false
969 silly fetch manifest @humanwhocodes/retry@^0.4.0
970 silly packumentCache full:https://registry.npmjs.org/@humanwhocodes%2fretry cache-miss
971 http cache https://registry.npmjs.org/@humanwhocodes%2fretry 5ms (cache hit)
972 silly packumentCache full:https://registry.npmjs.org/@humanwhocodes%2fretry set size:42348 disposed:false
973 silly fetch manifest @humanfs/core@^0.19.1
974 silly packumentCache full:https://registry.npmjs.org/@humanfs%2fcore cache-miss
975 http fetch GET 200 https://registry.npmjs.org/@types%2fjson-schema 99ms (cache miss)
976 silly packumentCache full:https://registry.npmjs.org/@types%2fjson-schema set size:undefined disposed:false
977 silly fetch manifest uri-js@^4.2.2
978 silly packumentCache full:https://registry.npmjs.org/uri-js cache-miss
979 http fetch GET 200 https://registry.npmjs.org/import-fresh 101ms (cache miss)
980 silly packumentCache full:https://registry.npmjs.org/import-fresh set size:undefined disposed:false
981 silly fetch manifest fast-deep-equal@^3.1.1
982 silly packumentCache full:https://registry.npmjs.org/fast-deep-equal cache-miss
983 http fetch GET 200 https://registry.npmjs.org/@eslint%2fobject-schema 105ms (cache miss)
984 silly packumentCache full:https://registry.npmjs.org/@eslint%2fobject-schema set size:undefined disposed:false
985 silly fetch manifest json-schema-traverse@^0.4.1
986 silly packumentCache full:https://registry.npmjs.org/json-schema-traverse cache-miss
987 http fetch GET 200 https://registry.npmjs.org/js-yaml 105ms (cache miss)
988 silly packumentCache full:https://registry.npmjs.org/js-yaml set size:undefined disposed:false
989 silly fetch manifest fast-json-stable-stringify@^2.0.0
990 silly packumentCache full:https://registry.npmjs.org/fast-json-stable-stringify cache-miss
991 http cache https://registry.npmjs.org/fast-deep-equal 9ms (cache hit)
992 silly packumentCache full:https://registry.npmjs.org/fast-deep-equal set size:48634 disposed:false
993 silly fetch manifest ansi-styles@^4.1.0
994 silly packumentCache full:https://registry.npmjs.org/ansi-styles cache-miss
995 http fetch GET 200 https://registry.npmjs.org/strip-json-comments 99ms (cache miss)
996 silly packumentCache full:https://registry.npmjs.org/strip-json-comments set size:undefined disposed:false
997 silly fetch manifest supports-color@^7.1.0
998 silly packumentCache full:https://registry.npmjs.org/supports-color cache-miss
999 http fetch GET 200 https://registry.npmjs.org/levn 103ms (cache miss)
1000 silly packumentCache full:https://registry.npmjs.org/levn set size:undefined disposed:false
1001 silly fetch manifest which@^2.0.1
1002 silly packumentCache full:https://registry.npmjs.org/which cache-miss
1003 http fetch GET 200 https://registry.npmjs.org/@humanfs%2fcore 93ms (cache miss)
1004 silly packumentCache full:https://registry.npmjs.org/@humanfs%2fcore set size:undefined disposed:false
1005 silly fetch manifest path-key@^3.1.0
1006 silly packumentCache full:https://registry.npmjs.org/path-key cache-miss
1007 http fetch GET 200 https://registry.npmjs.org/uri-js 83ms (cache miss)
1008 silly packumentCache full:https://registry.npmjs.org/uri-js set size:undefined disposed:false
1009 silly fetch manifest shebang-command@^2.0.0
1010 silly packumentCache full:https://registry.npmjs.org/shebang-command cache-miss
1011 http fetch GET 200 https://registry.npmjs.org/json-schema-traverse 84ms (cache miss)
1012 silly packumentCache full:https://registry.npmjs.org/json-schema-traverse set size:undefined disposed:false
1013 silly fetch manifest esrecurse@^4.3.0
1014 silly packumentCache full:https://registry.npmjs.org/esrecurse cache-miss
1015 http fetch GET 200 https://registry.npmjs.org/fast-json-stable-stringify 88ms (cache miss)
1016 silly packumentCache full:https://registry.npmjs.org/fast-json-stable-stringify set size:undefined disposed:false
1017 silly fetch manifest estraverse@^5.2.0
1018 silly packumentCache full:https://registry.npmjs.org/estraverse cache-miss
1019 http fetch GET 200 https://registry.npmjs.org/ansi-styles 88ms (cache miss)
1020 silly packumentCache full:https://registry.npmjs.org/ansi-styles set size:undefined disposed:false
1021 silly fetch manifest acorn@^8.15.0
1022 silly packumentCache full:https://registry.npmjs.org/acorn cache-miss
1023 http fetch GET 200 https://registry.npmjs.org/supports-color 99ms (cache miss)
1024 silly packumentCache full:https://registry.npmjs.org/supports-color set size:undefined disposed:false
1025 silly fetch manifest acorn-jsx@^5.3.2
1026 silly packumentCache full:https://registry.npmjs.org/acorn-jsx cache-miss
1027 http fetch GET 200 https://registry.npmjs.org/path-key 84ms (cache miss)
1028 silly packumentCache full:https://registry.npmjs.org/path-key set size:undefined disposed:false
1029 silly fetch manifest estraverse@^5.1.0
1030 silly packumentCache full:https://registry.npmjs.org/estraverse cache-miss
1031 http fetch GET 200 https://registry.npmjs.org/which 95ms (cache miss)
1032 silly packumentCache full:https://registry.npmjs.org/which set size:undefined disposed:false
1033 silly fetch manifest flat-cache@^4.0.0
1034 silly packumentCache full:https://registry.npmjs.org/flat-cache cache-miss
1035 http fetch GET 200 https://registry.npmjs.org/shebang-command 83ms (cache miss)
1036 silly packumentCache full:https://registry.npmjs.org/shebang-command set size:undefined disposed:false
1037 silly fetch manifest locate-path@^6.0.0
1038 silly packumentCache full:https://registry.npmjs.org/locate-path cache-miss
1039 http fetch GET 200 https://registry.npmjs.org/esrecurse 84ms (cache miss)
1040 silly packumentCache full:https://registry.npmjs.org/esrecurse set size:undefined disposed:false
1041 silly fetch manifest path-exists@^4.0.0
1042 silly packumentCache full:https://registry.npmjs.org/path-exists cache-miss
1043 http fetch GET 200 https://registry.npmjs.org/estraverse 83ms (cache miss)
1044 silly packumentCache full:https://registry.npmjs.org/estraverse set size:undefined disposed:false
1045 silly fetch manifest is-extglob@^2.1.1
1046 silly packumentCache full:https://registry.npmjs.org/is-extglob cache-miss
1047 http fetch GET 200 https://registry.npmjs.org/acorn 90ms (cache miss)
1048 silly packumentCache full:https://registry.npmjs.org/acorn set size:undefined disposed:false
1049 silly fetch manifest brace-expansion@^1.1.7
1050 silly packumentCache full:https://registry.npmjs.org/brace-expansion cache-miss
1051 http fetch GET 200 https://registry.npmjs.org/estraverse 86ms (cache miss)
1052 silly packumentCache full:https://registry.npmjs.org/estraverse set size:undefined disposed:false
1053 silly fetch manifest prelude-ls@^1.2.1
1054 silly packumentCache full:https://registry.npmjs.org/prelude-ls cache-miss
1055 http fetch GET 200 https://registry.npmjs.org/acorn-jsx 93ms (cache miss)
1056 silly packumentCache full:https://registry.npmjs.org/acorn-jsx set size:undefined disposed:false
1057 silly fetch manifest deep-is@^0.1.3
1058 silly packumentCache full:https://registry.npmjs.org/deep-is cache-miss
1059 http fetch GET 200 https://registry.npmjs.org/flat-cache 92ms (cache miss)
1060 silly packumentCache full:https://registry.npmjs.org/flat-cache set size:undefined disposed:false
1061 silly fetch manifest word-wrap@^1.2.5
1062 silly packumentCache full:https://registry.npmjs.org/word-wrap cache-miss
1063 http fetch GET 200 https://registry.npmjs.org/path-exists 81ms (cache miss)
1064 silly packumentCache full:https://registry.npmjs.org/path-exists set size:undefined disposed:false
1065 silly fetch manifest type-check@^0.4.0
1066 silly packumentCache full:https://registry.npmjs.org/type-check cache-miss
1067 http fetch GET 200 https://registry.npmjs.org/locate-path 89ms (cache miss)
1068 silly packumentCache full:https://registry.npmjs.org/locate-path set size:undefined disposed:false
1069 silly fetch manifest fast-levenshtein@^2.0.6
1070 silly packumentCache full:https://registry.npmjs.org/fast-levenshtein cache-miss
1071 http fetch GET 200 https://registry.npmjs.org/is-extglob 88ms (cache miss)
1072 silly packumentCache full:https://registry.npmjs.org/is-extglob set size:undefined disposed:false
1073 http fetch GET 200 https://registry.npmjs.org/brace-expansion 85ms (cache miss)
1074 silly packumentCache full:https://registry.npmjs.org/brace-expansion set size:undefined disposed:false
1075 http fetch GET 200 https://registry.npmjs.org/prelude-ls 86ms (cache miss)
1076 silly packumentCache full:https://registry.npmjs.org/prelude-ls set size:undefined disposed:false
1077 http fetch GET 200 https://registry.npmjs.org/deep-is 84ms (cache miss)
1078 silly packumentCache full:https://registry.npmjs.org/deep-is set size:undefined disposed:false
1079 http fetch GET 200 https://registry.npmjs.org/type-check 83ms (cache miss)
1080 silly packumentCache full:https://registry.npmjs.org/type-check set size:undefined disposed:false
1081 http fetch GET 200 https://registry.npmjs.org/fast-levenshtein 82ms (cache miss)
1082 silly packumentCache full:https://registry.npmjs.org/fast-levenshtein set size:undefined disposed:false
1083 http fetch GET 200 https://registry.npmjs.org/word-wrap 176ms (cache miss)
1084 silly packumentCache full:https://registry.npmjs.org/word-wrap set size:undefined disposed:false
1085 silly placeDep node_modules/@eslint-community/eslint-utils eslint-visitor-keys@3.4.3 OK for: @eslint-community/eslint-utils@4.9.1 want: ^3.4.3
1086 silly placeDep ROOT @eslint/object-schema@2.1.7 OK for: @eslint/config-array@0.21.1 want: ^2.1.7
1087 silly placeDep ROOT @types/json-schema@7.0.15 OK for: @eslint/core@0.17.0 want: ^7.0.15
1088 silly placeDep node_modules/@eslint/eslintrc globals@14.0.0 OK for: @eslint/eslintrc@3.3.3 want: ^14.0.0
1089 silly placeDep ROOT import-fresh@3.3.1 OK for: @eslint/eslintrc@3.3.3 want: ^3.2.1
1090 silly placeDep ROOT js-yaml@4.1.1 OK for: @eslint/eslintrc@3.3.3 want: ^4.1.1
1091 silly placeDep ROOT strip-json-comments@3.1.1 OK for: @eslint/eslintrc@3.3.3 want: ^3.1.1
1092 silly fetch manifest parent-module@^1.0.0
1093 silly packumentCache full:https://registry.npmjs.org/parent-module cache-miss
1094 silly fetch manifest resolve-from@^4.0.0
1095 silly packumentCache full:https://registry.npmjs.org/resolve-from cache-miss
1096 silly fetch manifest argparse@^2.0.1
1097 silly packumentCache full:https://registry.npmjs.org/argparse cache-miss
1098 http fetch GET 200 https://registry.npmjs.org/argparse 87ms (cache miss)
1099 silly packumentCache full:https://registry.npmjs.org/argparse set size:undefined disposed:false
1100 http fetch GET 200 https://registry.npmjs.org/parent-module 91ms (cache miss)
1101 silly packumentCache full:https://registry.npmjs.org/parent-module set size:undefined disposed:false
1102 http fetch GET 200 https://registry.npmjs.org/resolve-from 95ms (cache miss)
1103 silly packumentCache full:https://registry.npmjs.org/resolve-from set size:undefined disposed:false
1104 silly placeDep ROOT levn@0.4.1 OK for: @eslint/plugin-kit@0.4.1 want: ^0.4.1
1105 silly fetch manifest type-check@~0.4.0
1106 silly packumentCache full:https://registry.npmjs.org/type-check cache-miss
1107 http cache https://registry.npmjs.org/type-check 6ms (cache hit)
1108 silly packumentCache full:https://registry.npmjs.org/type-check set size:21221 disposed:false
1109 silly placeDep ROOT @humanfs/core@0.19.1 OK for: @humanfs/node@0.16.7 want: ^0.19.1
1110 silly placeDep ROOT fast-json-stable-stringify@2.1.0 OK for: ajv@6.12.6 want: ^2.0.0
1111 silly placeDep ROOT json-schema-traverse@0.4.1 OK for: ajv@6.12.6 want: ^0.4.1
1112 silly placeDep ROOT uri-js@4.4.1 OK for: ajv@6.12.6 want: ^4.2.2
1113 silly fetch manifest punycode@^2.1.0
1114 silly packumentCache full:https://registry.npmjs.org/punycode cache-miss
1115 http fetch GET 200 https://registry.npmjs.org/punycode 87ms (cache miss)
1116 silly packumentCache full:https://registry.npmjs.org/punycode set size:undefined disposed:false
1117 silly placeDep ROOT ansi-styles@4.3.0 OK for: chalk@4.1.2 want: ^4.1.0
1118 silly placeDep ROOT supports-color@7.2.0 OK for: chalk@4.1.2 want: ^7.1.0
1119 silly fetch manifest color-convert@^2.0.1
1120 silly packumentCache full:https://registry.npmjs.org/color-convert cache-miss
1121 silly fetch manifest has-flag@^4.0.0
1122 silly packumentCache full:https://registry.npmjs.org/has-flag cache-miss
1123 http fetch GET 200 https://registry.npmjs.org/has-flag 89ms (cache miss)
1124 silly packumentCache full:https://registry.npmjs.org/has-flag set size:undefined disposed:false
1125 http fetch GET 200 https://registry.npmjs.org/color-convert 91ms (cache miss)
1126 silly packumentCache full:https://registry.npmjs.org/color-convert set size:undefined disposed:false
1127 silly placeDep ROOT color-convert@2.0.1 OK for: ansi-styles@4.3.0 want: ^2.0.1
1128 silly fetch manifest color-name@~1.1.4
1129 silly packumentCache full:https://registry.npmjs.org/color-name cache-miss
1130 http fetch GET 200 https://registry.npmjs.org/color-name 86ms (cache miss)
1131 silly packumentCache full:https://registry.npmjs.org/color-name set size:undefined disposed:false
1132 silly placeDep ROOT color-name@1.1.4 OK for: color-convert@2.0.1 want: ~1.1.4
1133 silly placeDep ROOT path-key@3.1.1 OK for: cross-spawn@7.0.6 want: ^3.1.0
1134 silly placeDep ROOT shebang-command@2.0.0 OK for: cross-spawn@7.0.6 want: ^2.0.0
1135 silly placeDep ROOT which@2.0.2 OK for: cross-spawn@7.0.6 want: ^2.0.1
1136 silly fetch manifest shebang-regex@^3.0.0
1137 silly packumentCache full:https://registry.npmjs.org/shebang-regex cache-miss
1138 silly fetch manifest isexe@^2.0.0
1139 silly packumentCache full:https://registry.npmjs.org/isexe cache-miss
1140 http fetch GET 200 https://registry.npmjs.org/shebang-regex 87ms (cache miss)
1141 silly packumentCache full:https://registry.npmjs.org/shebang-regex set size:undefined disposed:false
1142 http fetch GET 200 https://registry.npmjs.org/isexe 88ms (cache miss)
1143 silly packumentCache full:https://registry.npmjs.org/isexe set size:undefined disposed:false
1144 silly placeDep ROOT hermes-parser@0.25.1 OK for: eslint-plugin-react-hooks@7.0.1 want: ^0.25.1
1145 silly placeDep ROOT zod@4.3.6 OK for: eslint-plugin-react-hooks@7.0.1 want: ^3.25.0 || ^4.0.0
1146 silly placeDep ROOT zod-validation-error@4.0.2 OK for: eslint-plugin-react-hooks@7.0.1 want: ^3.5.0 || ^4.0.0
1147 silly fetch manifest hermes-estree@0.25.1
1148 silly packumentCache full:https://registry.npmjs.org/hermes-estree cache-miss
1149 http fetch GET 200 https://registry.npmjs.org/hermes-estree 89ms (cache miss)
1150 silly packumentCache full:https://registry.npmjs.org/hermes-estree set size:undefined disposed:false
1151 silly placeDep ROOT esrecurse@4.3.0 OK for: eslint-scope@8.4.0 want: ^4.3.0
1152 silly placeDep ROOT estraverse@5.3.0 OK for: eslint-scope@8.4.0 want: ^5.2.0
1153 silly placeDep ROOT acorn@8.15.0 OK for: espree@10.4.0 want: ^8.15.0
1154 silly placeDep ROOT acorn-jsx@5.3.2 OK for: espree@10.4.0 want: ^5.3.2
1155 silly placeDep ROOT flat-cache@4.0.1 OK for: file-entry-cache@8.0.0 want: ^4.0.0
1156 silly fetch manifest keyv@^4.5.4
1157 silly packumentCache full:https://registry.npmjs.org/keyv cache-miss
1158 silly fetch manifest flatted@^3.2.9
1159 silly packumentCache full:https://registry.npmjs.org/flatted cache-miss
1160 http fetch GET 200 https://registry.npmjs.org/keyv 92ms (cache miss)
1161 silly packumentCache full:https://registry.npmjs.org/keyv set size:undefined disposed:false
1162 http fetch GET 200 https://registry.npmjs.org/flatted 98ms (cache miss)
1163 silly packumentCache full:https://registry.npmjs.org/flatted set size:undefined disposed:false
1164 silly placeDep ROOT locate-path@6.0.0 OK for: find-up@5.0.0 want: ^6.0.0
1165 silly placeDep ROOT path-exists@4.0.0 OK for: find-up@5.0.0 want: ^4.0.0
1166 silly fetch manifest p-locate@^5.0.0
1167 silly packumentCache full:https://registry.npmjs.org/p-locate cache-miss
1168 http fetch GET 200 https://registry.npmjs.org/p-locate 89ms (cache miss)
1169 silly packumentCache full:https://registry.npmjs.org/p-locate set size:undefined disposed:false
1170 silly placeDep ROOT flatted@3.3.3 OK for: flat-cache@4.0.1 want: ^3.2.9
1171 silly placeDep ROOT keyv@4.5.4 OK for: flat-cache@4.0.1 want: ^4.5.4
1172 silly fetch manifest json-buffer@3.0.1
1173 silly packumentCache full:https://registry.npmjs.org/json-buffer cache-miss
1174 http fetch GET 200 https://registry.npmjs.org/json-buffer 87ms (cache miss)
1175 silly packumentCache full:https://registry.npmjs.org/json-buffer set size:undefined disposed:false
1176 silly placeDep ROOT hermes-estree@0.25.1 OK for: hermes-parser@0.25.1 want: 0.25.1
1177 silly placeDep ROOT parent-module@1.0.1 OK for: import-fresh@3.3.1 want: ^1.0.0
1178 silly placeDep ROOT resolve-from@4.0.0 OK for: import-fresh@3.3.1 want: ^4.0.0
1179 silly fetch manifest callsites@^3.0.0
1180 silly packumentCache full:https://registry.npmjs.org/callsites cache-miss
1181 http fetch GET 200 https://registry.npmjs.org/callsites 83ms (cache miss)
1182 silly packumentCache full:https://registry.npmjs.org/callsites set size:undefined disposed:false
1183 silly placeDep ROOT is-extglob@2.1.1 OK for: is-glob@4.0.3 want: ^2.1.1
1184 silly placeDep ROOT argparse@2.0.1 OK for: js-yaml@4.1.1 want: ^2.0.1
1185 silly placeDep ROOT json-buffer@3.0.1 OK for: keyv@4.5.4 want: 3.0.1
1186 silly placeDep ROOT prelude-ls@1.2.1 OK for: levn@0.4.1 want: ^1.2.1
1187 silly placeDep ROOT type-check@0.4.0 OK for: levn@0.4.1 want: ~0.4.0
1188 silly placeDep ROOT detect-libc@2.1.2 OK for: lightningcss@1.30.2 want: ^2.0.3
1189 silly placeDep ROOT lightningcss-android-arm64@1.30.2 OK for: lightningcss@1.30.2 want: 1.30.2
1190 silly placeDep ROOT lightningcss-darwin-arm64@1.30.2 OK for: lightningcss@1.30.2 want: 1.30.2
1191 silly placeDep ROOT lightningcss-darwin-x64@1.30.2 OK for: lightningcss@1.30.2 want: 1.30.2
1192 silly placeDep ROOT lightningcss-freebsd-x64@1.30.2 OK for: lightningcss@1.30.2 want: 1.30.2
1193 silly placeDep ROOT lightningcss-linux-arm-gnueabihf@1.30.2 OK for: lightningcss@1.30.2 want: 1.30.2
1194 silly placeDep ROOT lightningcss-linux-arm64-gnu@1.30.2 OK for: lightningcss@1.30.2 want: 1.30.2
1195 silly placeDep ROOT lightningcss-linux-arm64-musl@1.30.2 OK for: lightningcss@1.30.2 want: 1.30.2
1196 silly placeDep ROOT lightningcss-linux-x64-gnu@1.30.2 OK for: lightningcss@1.30.2 want: 1.30.2
1197 silly placeDep ROOT lightningcss-linux-x64-musl@1.30.2 OK for: lightningcss@1.30.2 want: 1.30.2
1198 silly placeDep ROOT lightningcss-win32-arm64-msvc@1.30.2 OK for: lightningcss@1.30.2 want: 1.30.2
1199 silly placeDep ROOT lightningcss-win32-x64-msvc@1.30.2 OK for: lightningcss@1.30.2 want: 1.30.2
1200 silly placeDep ROOT p-locate@5.0.0 OK for: locate-path@6.0.0 want: ^5.0.0
1201 silly fetch manifest p-limit@^3.0.2
1202 silly packumentCache full:https://registry.npmjs.org/p-limit cache-miss
1203 http fetch GET 200 https://registry.npmjs.org/p-limit 85ms (cache miss)
1204 silly packumentCache full:https://registry.npmjs.org/p-limit set size:undefined disposed:false
1205 silly placeDep ROOT yallist@3.1.1 OK for: lru-cache@5.1.1 want: ^3.0.2
1206 silly placeDep ROOT brace-expansion@1.1.12 OK for: minimatch@3.1.2 want: ^1.1.7
1207 silly fetch manifest concat-map@0.0.1
1208 silly packumentCache full:https://registry.npmjs.org/concat-map cache-miss
1209 silly fetch manifest balanced-match@^1.0.0
1210 silly packumentCache full:https://registry.npmjs.org/balanced-match cache-miss
1211 http fetch GET 200 https://registry.npmjs.org/balanced-match 87ms (cache miss)
1212 silly packumentCache full:https://registry.npmjs.org/balanced-match set size:undefined disposed:false
1213 http fetch GET 200 https://registry.npmjs.org/concat-map 92ms (cache miss)
1214 silly packumentCache full:https://registry.npmjs.org/concat-map set size:undefined disposed:false
1215 silly placeDep ROOT balanced-match@1.0.2 OK for: brace-expansion@1.1.12 want: ^1.0.0
1216 silly placeDep ROOT concat-map@0.0.1 OK for: brace-expansion@1.1.12 want: 0.0.1
1217 silly placeDep ROOT deep-is@0.1.4 OK for: optionator@0.9.4 want: ^0.1.3
1218 silly placeDep ROOT fast-levenshtein@2.0.6 OK for: optionator@0.9.4 want: ^2.0.6
1219 silly placeDep ROOT word-wrap@1.2.5 OK for: optionator@0.9.4 want: ^1.2.5
1220 silly placeDep ROOT p-limit@3.1.0 OK for: p-locate@5.0.0 want: ^3.0.2
1221 silly fetch manifest yocto-queue@^0.1.0
1222 silly packumentCache full:https://registry.npmjs.org/yocto-queue cache-miss
1223 http fetch GET 200 https://registry.npmjs.org/yocto-queue 89ms (cache miss)
1224 silly packumentCache full:https://registry.npmjs.org/yocto-queue set size:undefined disposed:false
1225 silly placeDep ROOT yocto-queue@0.1.0 OK for: p-limit@3.1.0 want: ^0.1.0
1226 silly placeDep ROOT callsites@3.1.0 OK for: parent-module@1.0.1 want: ^3.0.0
1227 silly placeDep ROOT nanoid@3.3.11 OK for: postcss@8.5.6 want: ^3.3.11
1228 silly placeDep ROOT scheduler@0.27.0 OK for: react-dom@19.2.4 want: ^0.27.0
1229 silly fetch manifest react@>=18
1230 silly packumentCache full:https://registry.npmjs.org/react cache-miss
1231 http cache https://registry.npmjs.org/react 19ms (cache hit)
1232 silly packumentCache full:https://registry.npmjs.org/react set size:6484332 disposed:false
1233 silly fetch manifest react-dom@>=18
1234 silly packumentCache full:https://registry.npmjs.org/react-dom cache-miss
1235 http cache https://registry.npmjs.org/react-dom 25ms (cache hit)
1236 silly packumentCache full:https://registry.npmjs.org/react-dom set size:8583741 disposed:false
1237 silly placeDep ROOT react-router@7.13.0 OK for: react-router-dom@7.13.0 want: 7.13.0
1238 silly fetch manifest cookie@^1.0.1
1239 silly packumentCache full:https://registry.npmjs.org/cookie cache-miss
1240 silly fetch manifest set-cookie-parser@^2.6.0
1241 silly packumentCache full:https://registry.npmjs.org/set-cookie-parser cache-miss
1242 http fetch GET 200 https://registry.npmjs.org/cookie 85ms (cache miss)
1243 silly packumentCache full:https://registry.npmjs.org/cookie set size:undefined disposed:false
1244 http fetch GET 200 https://registry.npmjs.org/set-cookie-parser 88ms (cache miss)
1245 silly packumentCache full:https://registry.npmjs.org/set-cookie-parser set size:undefined disposed:false
1246 silly placeDep ROOT cookie@1.1.1 OK for: react-router@7.13.0 want: ^1.0.1
1247 silly placeDep ROOT set-cookie-parser@2.7.2 OK for: react-router@7.13.0 want: ^2.6.0
1248 silly placeDep ROOT clsx@2.1.1 OK for: react-toastify@11.0.5 want: ^2.1.1
1249 silly placeDep ROOT shebang-regex@3.0.0 OK for: shebang-command@2.0.0 want: ^3.0.0
1250 silly placeDep ROOT has-flag@4.0.0 OK for: supports-color@7.2.0 want: ^4.0.0
1251 silly fetch manifest postcss@^8.4.47
1252 silly packumentCache full:https://registry.npmjs.org/postcss cache-miss
1253 http cache https://registry.npmjs.org/postcss 6ms (cache hit)
1254 silly packumentCache full:https://registry.npmjs.org/postcss set size:696248 disposed:false
1255 silly placeDep ROOT @alloc/quick-lru@5.2.0 OK for: tailwindcss@3.4.19 want: ^5.2.0
1256 silly placeDep ROOT arg@5.0.2 OK for: tailwindcss@3.4.19 want: ^5.0.2
1257 silly placeDep ROOT chokidar@3.6.0 OK for: tailwindcss@3.4.19 want: ^3.6.0
1258 silly placeDep ROOT didyoumean@1.2.2 OK for: tailwindcss@3.4.19 want: ^1.2.2
1259 silly placeDep ROOT dlv@1.1.3 OK for: tailwindcss@3.4.19 want: ^1.1.3
1260 silly placeDep ROOT fast-glob@3.3.3 OK for: tailwindcss@3.4.19 want: ^3.3.2
1261 silly placeDep node_modules/tailwindcss jiti@1.21.7 OK for: tailwindcss@3.4.19 want: ^1.21.7
1262 silly placeDep ROOT lilconfig@3.1.3 OK for: tailwindcss@3.4.19 want: ^3.1.3
1263 silly placeDep ROOT micromatch@4.0.8 OK for: tailwindcss@3.4.19 want: ^4.0.8
1264 silly placeDep ROOT normalize-path@3.0.0 OK for: tailwindcss@3.4.19 want: ^3.0.0
1265 silly placeDep ROOT object-hash@3.0.0 OK for: tailwindcss@3.4.19 want: ^3.0.0
1266 silly placeDep ROOT postcss-import@15.1.0 OK for: tailwindcss@3.4.19 want: ^15.1.0
1267 silly placeDep ROOT postcss-js@4.1.0 OK for: tailwindcss@3.4.19 want: ^4.0.1
1268 silly placeDep ROOT postcss-load-config@6.0.1 OK for: tailwindcss@3.4.19 want: ^4.0.2 || ^5.0 || ^6.0
1269 silly placeDep ROOT postcss-nested@6.2.0 OK for: tailwindcss@3.4.19 want: ^6.2.0
1270 silly placeDep ROOT postcss-selector-parser@6.1.2 OK for: tailwindcss@3.4.19 want: ^6.1.2
1271 silly placeDep ROOT resolve@1.22.11 OK for: tailwindcss@3.4.19 want: ^1.22.8
1272 silly placeDep ROOT sucrase@3.35.1 OK for: tailwindcss@3.4.19 want: ^3.35.0
1273 silly fetch manifest braces@~3.0.2
1274 silly packumentCache full:https://registry.npmjs.org/braces cache-miss
1275 silly fetch manifest anymatch@~3.1.2
1276 silly packumentCache full:https://registry.npmjs.org/anymatch cache-miss
1277 silly fetch manifest readdirp@~3.6.0
1278 silly packumentCache full:https://registry.npmjs.org/readdirp cache-miss
1279 silly fetch manifest glob-parent@~5.1.2
1280 silly packumentCache full:https://registry.npmjs.org/glob-parent cache-miss
1281 silly fetch manifest is-binary-path@~2.1.0
1282 silly packumentCache full:https://registry.npmjs.org/is-binary-path cache-miss
1283 silly fetch manifest normalize-path@~3.0.0
1284 silly packumentCache full:https://registry.npmjs.org/normalize-path cache-miss
1285 silly fetch manifest fsevents@~2.3.2
1286 silly packumentCache full:https://registry.npmjs.org/fsevents cache-miss
1287 http cache https://registry.npmjs.org/glob-parent 10ms (cache hit)
1288 silly packumentCache full:https://registry.npmjs.org/glob-parent set size:42445 disposed:false
1289 silly fetch manifest @nodelib/fs.stat@^2.0.2
1290 silly packumentCache full:https://registry.npmjs.org/@nodelib%2ffs.stat cache-miss
1291 http cache https://registry.npmjs.org/fsevents 12ms (cache hit)
1292 silly packumentCache full:https://registry.npmjs.org/fsevents set size:182472 disposed:false
1293 silly fetch manifest @nodelib/fs.walk@^1.2.3
1294 silly packumentCache full:https://registry.npmjs.org/@nodelib%2ffs.walk cache-miss
1295 http cache https://registry.npmjs.org/normalize-path 18ms (cache hit)
1296 silly packumentCache full:https://registry.npmjs.org/normalize-path set size:28713 disposed:false
1297 silly fetch manifest glob-parent@^5.1.2
1298 silly packumentCache full:https://registry.npmjs.org/glob-parent cache-hit
1299 silly fetch manifest merge2@^1.3.0
1300 silly packumentCache full:https://registry.npmjs.org/merge2 cache-miss
1301 http fetch GET 200 https://registry.npmjs.org/anymatch 87ms (cache miss)
1302 silly packumentCache full:https://registry.npmjs.org/anymatch set size:undefined disposed:false
1303 silly fetch manifest braces@^3.0.3
1304 silly packumentCache full:https://registry.npmjs.org/braces cache-miss
1305 http fetch GET 200 https://registry.npmjs.org/readdirp 90ms (cache miss)
1306 silly packumentCache full:https://registry.npmjs.org/readdirp set size:undefined disposed:false
1307 silly fetch manifest picomatch@^2.3.1
1308 silly packumentCache full:https://registry.npmjs.org/picomatch cache-miss
1309 http fetch GET 200 https://registry.npmjs.org/braces 96ms (cache miss)
1310 silly packumentCache full:https://registry.npmjs.org/braces set size:undefined disposed:false
1311 silly fetch manifest resolve@^1.1.7
1312 silly packumentCache full:https://registry.npmjs.org/resolve cache-miss
1313 http cache https://registry.npmjs.org/picomatch 6ms (cache hit)
1314 silly packumentCache full:https://registry.npmjs.org/picomatch set size:118818 disposed:false
1315 silly fetch manifest read-cache@^1.0.0
1316 silly packumentCache full:https://registry.npmjs.org/read-cache cache-miss
1317 http fetch GET 200 https://registry.npmjs.org/is-binary-path 104ms (cache miss)
1318 silly packumentCache full:https://registry.npmjs.org/is-binary-path set size:undefined disposed:false
1319 silly fetch manifest camelcase-css@^2.0.1
1320 silly packumentCache full:https://registry.npmjs.org/camelcase-css cache-miss
1321 http cache https://registry.npmjs.org/resolve 14ms (cache hit)
1322 silly packumentCache full:https://registry.npmjs.org/resolve set size:246681 disposed:false
1323 silly fetch manifest postcss-selector-parser@^6.1.1
1324 silly packumentCache full:https://registry.npmjs.org/postcss-selector-parser cache-miss
1325 http fetch GET 200 https://registry.npmjs.org/@nodelib%2ffs.stat 104ms (cache miss)
1326 silly packumentCache full:https://registry.npmjs.org/@nodelib%2ffs.stat set size:undefined disposed:false
1327 silly fetch manifest cssesc@^3.0.0
1328 silly packumentCache full:https://registry.npmjs.org/cssesc cache-miss
1329 http fetch GET 200 https://registry.npmjs.org/merge2 98ms (cache miss)
1330 silly packumentCache full:https://registry.npmjs.org/merge2 set size:undefined disposed:false
1331 silly fetch manifest util-deprecate@^1.0.2
1332 silly packumentCache full:https://registry.npmjs.org/util-deprecate cache-miss
1333 http fetch GET 200 https://registry.npmjs.org/@nodelib%2ffs.walk 104ms (cache miss)
1334 silly packumentCache full:https://registry.npmjs.org/@nodelib%2ffs.walk set size:undefined disposed:false
1335 silly fetch manifest is-core-module@^2.16.1
1336 silly packumentCache full:https://registry.npmjs.org/is-core-module cache-miss
1337 http cache https://registry.npmjs.org/postcss-selector-parser 10ms (cache hit)
1338 silly packumentCache full:https://registry.npmjs.org/postcss-selector-parser set size:177140 disposed:false
1339 silly fetch manifest path-parse@^1.0.7
1340 silly packumentCache full:https://registry.npmjs.org/path-parse cache-miss
1341 http fetch GET 200 https://registry.npmjs.org/braces 83ms (cache miss)
1342 silly packumentCache full:https://registry.npmjs.org/braces set size:undefined disposed:false
1343 silly fetch manifest supports-preserve-symlinks-flag@^1.0.0
1344 silly packumentCache full:https://registry.npmjs.org/supports-preserve-symlinks-flag cache-miss
1345 http fetch GET 200 https://registry.npmjs.org/camelcase-css 92ms (cache miss)
1346 silly packumentCache full:https://registry.npmjs.org/camelcase-css set size:undefined disposed:false
1347 silly fetch manifest commander@^4.0.0
1348 silly packumentCache full:https://registry.npmjs.org/commander cache-miss
1349 http fetch GET 200 https://registry.npmjs.org/is-core-module 87ms (cache miss)
1350 silly packumentCache full:https://registry.npmjs.org/is-core-module set size:undefined disposed:false
1351 silly fetch manifest lines-and-columns@^1.1.6
1352 silly packumentCache full:https://registry.npmjs.org/lines-and-columns cache-miss
1353 http fetch GET 200 https://registry.npmjs.org/util-deprecate 92ms (cache miss)
1354 silly packumentCache full:https://registry.npmjs.org/util-deprecate set size:undefined disposed:false
1355 silly fetch manifest mz@^2.7.0
1356 silly packumentCache full:https://registry.npmjs.org/mz cache-miss
1357 http fetch GET 200 https://registry.npmjs.org/path-parse 88ms (cache miss)
1358 silly packumentCache full:https://registry.npmjs.org/path-parse set size:undefined disposed:false
1359 silly fetch manifest pirates@^4.0.1
1360 silly packumentCache full:https://registry.npmjs.org/pirates cache-miss
1361 http fetch GET 200 https://registry.npmjs.org/cssesc 97ms (cache miss)
1362 silly packumentCache full:https://registry.npmjs.org/cssesc set size:undefined disposed:false
1363 silly fetch manifest tinyglobby@^0.2.11
1364 silly packumentCache full:https://registry.npmjs.org/tinyglobby cache-miss
1365 http cache https://registry.npmjs.org/tinyglobby 4ms (cache hit)
1366 silly packumentCache full:https://registry.npmjs.org/tinyglobby set size:49812 disposed:false
1367 silly fetch manifest ts-interface-checker@^0.1.9
1368 silly packumentCache full:https://registry.npmjs.org/ts-interface-checker cache-miss
1369 http fetch GET 200 https://registry.npmjs.org/supports-preserve-symlinks-flag 102ms (cache miss)
1370 silly packumentCache full:https://registry.npmjs.org/supports-preserve-symlinks-flag set size:undefined disposed:false
1371 http fetch GET 200 https://registry.npmjs.org/commander 94ms (cache miss)
1372 silly packumentCache full:https://registry.npmjs.org/commander set size:undefined disposed:false
1373 http fetch GET 200 https://registry.npmjs.org/lines-and-columns 89ms (cache miss)
1374 silly packumentCache full:https://registry.npmjs.org/lines-and-columns set size:undefined disposed:false
1375 http fetch GET 200 https://registry.npmjs.org/pirates 91ms (cache miss)
1376 silly packumentCache full:https://registry.npmjs.org/pirates set size:undefined disposed:false
1377 http fetch GET 200 https://registry.npmjs.org/mz 97ms (cache miss)
1378 silly packumentCache full:https://registry.npmjs.org/mz set size:undefined disposed:false
1379 http fetch GET 200 https://registry.npmjs.org/read-cache 221ms (cache miss)
1380 silly packumentCache full:https://registry.npmjs.org/read-cache set size:undefined disposed:false
1381 http fetch GET 200 https://registry.npmjs.org/ts-interface-checker 101ms (cache miss)
1382 silly packumentCache full:https://registry.npmjs.org/ts-interface-checker set size:undefined disposed:false
1383 silly placeDep ROOT anymatch@3.1.3 OK for: chokidar@3.6.0 want: ~3.1.2
1384 silly placeDep ROOT braces@3.0.3 OK for: chokidar@3.6.0 want: ~3.0.2
1385 silly placeDep ROOT fsevents@2.3.3 OK for: chokidar@3.6.0 want: ~2.3.2
1386 silly placeDep node_modules/chokidar glob-parent@5.1.2 OK for: chokidar@3.6.0 want: ~5.1.2
1387 silly placeDep ROOT is-binary-path@2.1.0 OK for: chokidar@3.6.0 want: ~2.1.0
1388 silly placeDep ROOT readdirp@3.6.0 OK for: chokidar@3.6.0 want: ~3.6.0
1389 silly fetch manifest picomatch@^2.0.4
1390 silly packumentCache full:https://registry.npmjs.org/picomatch cache-hit
1391 silly fetch manifest fill-range@^7.1.1
1392 silly packumentCache full:https://registry.npmjs.org/fill-range cache-miss
1393 silly fetch manifest binary-extensions@^2.0.0
1394 silly packumentCache full:https://registry.npmjs.org/binary-extensions cache-miss
1395 silly fetch manifest picomatch@^2.2.1
1396 silly packumentCache full:https://registry.npmjs.org/picomatch cache-hit
1397 http fetch GET 200 https://registry.npmjs.org/binary-extensions 83ms (cache miss)
1398 silly packumentCache full:https://registry.npmjs.org/binary-extensions set size:undefined disposed:false
1399 http fetch GET 200 https://registry.npmjs.org/fill-range 85ms (cache miss)
1400 silly packumentCache full:https://registry.npmjs.org/fill-range set size:undefined disposed:false
1401 silly placeDep ROOT picomatch@2.3.1 OK for: anymatch@3.1.3 want: ^2.0.4
1402 silly placeDep ROOT fill-range@7.1.1 OK for: braces@3.0.3 want: ^7.1.1
1403 silly fetch manifest to-regex-range@^5.0.1
1404 silly packumentCache full:https://registry.npmjs.org/to-regex-range cache-miss
1405 http fetch GET 200 https://registry.npmjs.org/to-regex-range 89ms (cache miss)
1406 silly packumentCache full:https://registry.npmjs.org/to-regex-range set size:undefined disposed:false
1407 silly placeDep ROOT @nodelib/fs.stat@2.0.5 OK for: fast-glob@3.3.3 want: ^2.0.2
1408 silly placeDep ROOT @nodelib/fs.walk@1.2.8 OK for: fast-glob@3.3.3 want: ^1.2.3
1409 silly placeDep node_modules/fast-glob glob-parent@5.1.2 OK for: fast-glob@3.3.3 want: ^5.1.2
1410 silly placeDep ROOT merge2@1.4.1 OK for: fast-glob@3.3.3 want: ^1.3.0
1411 silly fetch manifest fastq@^1.6.0
1412 silly packumentCache full:https://registry.npmjs.org/fastq cache-miss
1413 silly fetch manifest @nodelib/fs.scandir@2.1.5
1414 silly packumentCache full:https://registry.npmjs.org/@nodelib%2ffs.scandir cache-miss
1415 http fetch GET 200 https://registry.npmjs.org/fastq 87ms (cache miss)
1416 silly packumentCache full:https://registry.npmjs.org/fastq set size:undefined disposed:false
1417 http fetch GET 200 https://registry.npmjs.org/@nodelib%2ffs.scandir 97ms (cache miss)
1418 silly packumentCache full:https://registry.npmjs.org/@nodelib%2ffs.scandir set size:undefined disposed:false
1419 silly placeDep ROOT @nodelib/fs.scandir@2.1.5 OK for: @nodelib/fs.walk@1.2.8 want: 2.1.5
1420 silly placeDep ROOT fastq@1.20.1 OK for: @nodelib/fs.walk@1.2.8 want: ^1.6.0
1421 silly fetch manifest run-parallel@^1.1.9
1422 silly packumentCache full:https://registry.npmjs.org/run-parallel cache-miss
1423 silly fetch manifest reusify@^1.0.4
1424 silly packumentCache full:https://registry.npmjs.org/reusify cache-miss
1425 http fetch GET 200 https://registry.npmjs.org/reusify 89ms (cache miss)
1426 silly packumentCache full:https://registry.npmjs.org/reusify set size:undefined disposed:false
1427 http fetch GET 200 https://registry.npmjs.org/run-parallel 93ms (cache miss)
1428 silly packumentCache full:https://registry.npmjs.org/run-parallel set size:undefined disposed:false
1429 silly placeDep ROOT run-parallel@1.2.0 OK for: @nodelib/fs.scandir@2.1.5 want: ^1.1.9
1430 silly fetch manifest queue-microtask@^1.2.2
1431 silly packumentCache full:https://registry.npmjs.org/queue-microtask cache-miss
1432 http fetch GET 200 https://registry.npmjs.org/queue-microtask 94ms (cache miss)
1433 silly packumentCache full:https://registry.npmjs.org/queue-microtask set size:undefined disposed:false
1434 silly placeDep ROOT reusify@1.1.0 OK for: fastq@1.20.1 want: ^1.0.4
1435 silly placeDep ROOT to-regex-range@5.0.1 OK for: fill-range@7.1.1 want: ^5.0.1
1436 silly fetch manifest is-number@^7.0.0
1437 silly packumentCache full:https://registry.npmjs.org/is-number cache-miss
1438 http fetch GET 200 https://registry.npmjs.org/is-number 92ms (cache miss)
1439 silly packumentCache full:https://registry.npmjs.org/is-number set size:undefined disposed:false
1440 silly placeDep ROOT binary-extensions@2.3.0 OK for: is-binary-path@2.1.0 want: ^2.0.0
1441 silly placeDep ROOT read-cache@1.0.0 OK for: postcss-import@15.1.0 want: ^1.0.0
1442 silly fetch manifest pify@^2.3.0
1443 silly packumentCache full:https://registry.npmjs.org/pify cache-miss
1444 http fetch GET 200 https://registry.npmjs.org/pify 85ms (cache miss)
1445 silly packumentCache full:https://registry.npmjs.org/pify set size:undefined disposed:false
1446 silly placeDep ROOT camelcase-css@2.0.1 OK for: postcss-js@4.1.0 want: ^2.0.1
1447 silly placeDep ROOT cssesc@3.0.0 OK for: postcss-selector-parser@6.1.2 want: ^3.0.0
1448 silly placeDep ROOT util-deprecate@1.0.2 OK for: postcss-selector-parser@6.1.2 want: ^1.0.2
1449 silly placeDep ROOT pify@2.3.0 OK for: read-cache@1.0.0 want: ^2.3.0
1450 silly placeDep ROOT is-core-module@2.16.1 OK for: resolve@1.22.11 want: ^2.16.1
1451 silly placeDep ROOT path-parse@1.0.7 OK for: resolve@1.22.11 want: ^1.0.7
1452 silly placeDep ROOT supports-preserve-symlinks-flag@1.0.0 OK for: resolve@1.22.11 want: ^1.0.0
1453 silly fetch manifest hasown@^2.0.2
1454 silly packumentCache full:https://registry.npmjs.org/hasown cache-miss
1455 http fetch GET 200 https://registry.npmjs.org/hasown 90ms (cache miss)
1456 silly packumentCache full:https://registry.npmjs.org/hasown set size:undefined disposed:false
1457 silly placeDep ROOT hasown@2.0.2 OK for: is-core-module@2.16.1 want: ^2.0.2
1458 silly fetch manifest function-bind@^1.1.2
1459 silly packumentCache full:https://registry.npmjs.org/function-bind cache-miss
1460 http fetch GET 200 https://registry.npmjs.org/function-bind 92ms (cache miss)
1461 silly packumentCache full:https://registry.npmjs.org/function-bind set size:undefined disposed:false
1462 silly placeDep ROOT function-bind@1.1.2 OK for: hasown@2.0.2 want: ^1.1.2
1463 silly placeDep ROOT queue-microtask@1.2.3 OK for: run-parallel@1.2.0 want: ^1.2.2
1464 silly placeDep ROOT commander@4.1.1 OK for: sucrase@3.35.1 want: ^4.0.0
1465 silly placeDep ROOT lines-and-columns@1.2.4 OK for: sucrase@3.35.1 want: ^1.1.6
1466 silly placeDep ROOT mz@2.7.0 OK for: sucrase@3.35.1 want: ^2.7.0
1467 silly placeDep ROOT pirates@4.0.7 OK for: sucrase@3.35.1 want: ^4.0.1
1468 silly placeDep ROOT tinyglobby@0.2.15 OK for: sucrase@3.35.1 want: ^0.2.11
1469 silly placeDep ROOT ts-interface-checker@0.1.13 OK for: sucrase@3.35.1 want: ^0.1.9
1470 silly fetch manifest any-promise@^1.0.0
1471 silly packumentCache full:https://registry.npmjs.org/any-promise cache-miss
1472 silly fetch manifest object-assign@^4.0.1
1473 silly packumentCache full:https://registry.npmjs.org/object-assign cache-miss
1474 silly fetch manifest thenify-all@^1.0.0
1475 silly packumentCache full:https://registry.npmjs.org/thenify-all cache-miss
1476 http fetch GET 200 https://registry.npmjs.org/object-assign 91ms (cache miss)
1477 silly packumentCache full:https://registry.npmjs.org/object-assign set size:undefined disposed:false
1478 http fetch GET 200 https://registry.npmjs.org/any-promise 96ms (cache miss)
1479 silly packumentCache full:https://registry.npmjs.org/any-promise set size:undefined disposed:false
1480 http fetch GET 200 https://registry.npmjs.org/thenify-all 151ms (cache miss)
1481 silly packumentCache full:https://registry.npmjs.org/thenify-all set size:undefined disposed:false
1482 silly placeDep ROOT any-promise@1.3.0 OK for: mz@2.7.0 want: ^1.0.0
1483 silly placeDep ROOT object-assign@4.1.1 OK for: mz@2.7.0 want: ^4.0.1
1484 silly placeDep ROOT thenify-all@1.6.0 OK for: mz@2.7.0 want: ^1.0.0
1485 silly fetch manifest thenify@>= 3.1.0 < 4
1486 silly packumentCache full:https://registry.npmjs.org/thenify cache-miss
1487 http fetch GET 200 https://registry.npmjs.org/thenify 81ms (cache miss)
1488 silly packumentCache full:https://registry.npmjs.org/thenify set size:undefined disposed:false
1489 silly placeDep ROOT thenify@3.3.1 OK for: thenify-all@1.6.0 want: >= 3.1.0 < 4
1490 silly placeDep node_modules/tinyglobby fdir@6.5.0 OK for: tinyglobby@0.2.15 want: ^6.5.0
1491 silly placeDep node_modules/tinyglobby picomatch@4.0.3 OK for: fdir@6.5.0 want: ^3 || ^4
1492 silly placeDep ROOT is-number@7.0.0 OK for: to-regex-range@5.0.1 want: ^7.0.0
1493 silly fetch manifest eslint@^8.57.0 || ^9.0.0
1494 silly packumentCache full:https://registry.npmjs.org/eslint cache-miss
1495 http cache https://registry.npmjs.org/eslint 7ms (cache hit)
1496 silly packumentCache full:https://registry.npmjs.org/eslint set size:1929113 disposed:false
1497 silly fetch manifest typescript@>=4.8.4 <6.0.0
1498 silly packumentCache full:https://registry.npmjs.org/typescript cache-miss
1499 http cache https://registry.npmjs.org/typescript 34ms (cache hit)
1500 silly packumentCache full:https://registry.npmjs.org/typescript set size:15246325 disposed:false
1501 silly placeDep ROOT @typescript-eslint/eslint-plugin@8.55.0 OK for: typescript-eslint@8.55.0 want: 8.55.0
1502 silly placeDep ROOT @typescript-eslint/parser@8.55.0 OK for: @typescript-eslint/eslint-plugin@8.55.0 want: ^8.55.0
1503 silly placeDep ROOT @typescript-eslint/typescript-estree@8.55.0 OK for: typescript-eslint@8.55.0 want: 8.55.0
1504 silly placeDep ROOT @typescript-eslint/utils@8.55.0 OK for: typescript-eslint@8.55.0 want: 8.55.0
1505 silly fetch manifest ignore@^7.0.5
1506 silly packumentCache full:https://registry.npmjs.org/ignore cache-miss
1507 silly fetch manifest ts-api-utils@^2.4.0
1508 silly packumentCache full:https://registry.npmjs.org/ts-api-utils cache-miss
1509 silly fetch manifest @typescript-eslint/type-utils@8.55.0
1510 silly packumentCache full:https://registry.npmjs.org/@typescript-eslint%2ftype-utils cache-miss
1511 silly fetch manifest @typescript-eslint/visitor-keys@8.55.0
1512 silly packumentCache full:https://registry.npmjs.org/@typescript-eslint%2fvisitor-keys cache-miss
1513 silly fetch manifest @typescript-eslint/scope-manager@8.55.0
1514 silly packumentCache full:https://registry.npmjs.org/@typescript-eslint%2fscope-manager cache-miss
1515 silly fetch manifest @typescript-eslint/types@8.55.0
1516 silly packumentCache full:https://registry.npmjs.org/@typescript-eslint%2ftypes cache-miss
1517 silly fetch manifest @typescript-eslint/visitor-keys@8.55.0
1518 silly packumentCache full:https://registry.npmjs.org/@typescript-eslint%2fvisitor-keys cache-miss
1519 http cache https://registry.npmjs.org/ignore 9ms (cache hit)
1520 silly packumentCache full:https://registry.npmjs.org/ignore set size:237380 disposed:false
1521 silly fetch manifest @typescript-eslint/scope-manager@8.55.0
1522 silly packumentCache full:https://registry.npmjs.org/@typescript-eslint%2fscope-manager cache-miss
1523 http fetch GET 200 https://registry.npmjs.org/ts-api-utils 205ms (cache miss)
1524 silly packumentCache full:https://registry.npmjs.org/ts-api-utils set size:undefined disposed:false
1525 silly fetch manifest semver@^7.7.3
1526 silly packumentCache full:https://registry.npmjs.org/semver cache-miss
1527 http cache https://registry.npmjs.org/semver 5ms (cache hit)
1528 silly packumentCache full:https://registry.npmjs.org/semver set size:229678 disposed:false
1529 silly fetch manifest minimatch@^9.0.5
1530 silly packumentCache full:https://registry.npmjs.org/minimatch cache-miss
1531 http cache https://registry.npmjs.org/minimatch 8ms (cache hit)
1532 silly packumentCache full:https://registry.npmjs.org/minimatch set size:310964 disposed:false
1533 silly fetch manifest @typescript-eslint/types@8.55.0
1534 silly packumentCache full:https://registry.npmjs.org/@typescript-eslint%2ftypes cache-miss
1535 http fetch GET 200 https://registry.npmjs.org/@typescript-eslint%2fvisitor-keys 807ms (cache miss)
1536 silly packumentCache full:https://registry.npmjs.org/@typescript-eslint%2fvisitor-keys set size:undefined disposed:false
1537 silly fetch manifest @typescript-eslint/tsconfig-utils@8.55.0
1538 silly packumentCache full:https://registry.npmjs.org/@typescript-eslint%2ftsconfig-utils cache-miss
1539 http fetch GET 200 https://registry.npmjs.org/@typescript-eslint%2fvisitor-keys 936ms (cache miss)
1540 silly packumentCache full:https://registry.npmjs.org/@typescript-eslint%2fvisitor-keys set size:undefined disposed:false
1541 silly fetch manifest @typescript-eslint/project-service@8.55.0
1542 silly packumentCache full:https://registry.npmjs.org/@typescript-eslint%2fproject-service cache-miss
1543 http fetch GET 200 https://registry.npmjs.org/@typescript-eslint%2ftype-utils 987ms (cache miss)
1544 silly packumentCache full:https://registry.npmjs.org/@typescript-eslint%2ftype-utils set size:undefined disposed:false
1545 silly fetch manifest @typescript-eslint/types@8.55.0
1546 silly packumentCache full:https://registry.npmjs.org/@typescript-eslint%2ftypes cache-miss
1547 http fetch GET 200 https://registry.npmjs.org/@typescript-eslint%2ftsconfig-utils 218ms (cache miss)
1548 silly packumentCache full:https://registry.npmjs.org/@typescript-eslint%2ftsconfig-utils set size:undefined disposed:false
1549 silly fetch manifest @typescript-eslint/scope-manager@8.55.0
1550 silly packumentCache full:https://registry.npmjs.org/@typescript-eslint%2fscope-manager cache-miss
1551 http fetch GET 200 https://registry.npmjs.org/@typescript-eslint%2ftypes 1111ms (cache miss)
1552 silly packumentCache full:https://registry.npmjs.org/@typescript-eslint%2ftypes set size:undefined disposed:false
1553 http fetch GET 200 https://registry.npmjs.org/@typescript-eslint%2fproject-service 215ms (cache miss)
1554 silly packumentCache full:https://registry.npmjs.org/@typescript-eslint%2fproject-service set size:undefined disposed:false
1555 http fetch GET 200 https://registry.npmjs.org/@typescript-eslint%2fscope-manager 1221ms (cache miss)
1556 silly packumentCache full:https://registry.npmjs.org/@typescript-eslint%2fscope-manager set size:undefined disposed:false
1557 http fetch GET 200 https://registry.npmjs.org/@typescript-eslint%2ftypes 1088ms (cache miss)
1558 silly packumentCache full:https://registry.npmjs.org/@typescript-eslint%2ftypes set size:undefined disposed:false
1559 http fetch GET 200 https://registry.npmjs.org/@typescript-eslint%2fscope-manager 1489ms (cache miss)
1560 silly packumentCache full:https://registry.npmjs.org/@typescript-eslint%2fscope-manager set size:undefined disposed:false
1561 http fetch GET 200 https://registry.npmjs.org/@typescript-eslint%2fscope-manager 626ms (cache miss)
1562 silly packumentCache full:https://registry.npmjs.org/@typescript-eslint%2fscope-manager set size:undefined disposed:false
1563 http fetch GET 200 https://registry.npmjs.org/@typescript-eslint%2ftypes 711ms (cache miss)
1564 silly packumentCache full:https://registry.npmjs.org/@typescript-eslint%2ftypes set size:undefined disposed:false
1565 silly placeDep ROOT @typescript-eslint/scope-manager@8.55.0 OK for: @typescript-eslint/eslint-plugin@8.55.0 want: 8.55.0
1566 silly placeDep ROOT @typescript-eslint/type-utils@8.55.0 OK for: @typescript-eslint/eslint-plugin@8.55.0 want: 8.55.0
1567 silly placeDep ROOT @typescript-eslint/visitor-keys@8.55.0 OK for: @typescript-eslint/eslint-plugin@8.55.0 want: 8.55.0
1568 silly placeDep node_modules/@typescript-eslint/eslint-plugin ignore@7.0.5 OK for: @typescript-eslint/eslint-plugin@8.55.0 want: ^7.0.5
1569 silly placeDep ROOT ts-api-utils@2.4.0 OK for: @typescript-eslint/eslint-plugin@8.55.0 want: ^2.4.0
1570 silly placeDep ROOT @typescript-eslint/types@8.55.0 OK for: @typescript-eslint/parser@8.55.0 want: 8.55.0
1571 silly placeDep ROOT @typescript-eslint/project-service@8.55.0 OK for: @typescript-eslint/typescript-estree@8.55.0 want: 8.55.0
1572 silly placeDep ROOT @typescript-eslint/tsconfig-utils@8.55.0 OK for: @typescript-eslint/typescript-estree@8.55.0 want: 8.55.0
1573 silly placeDep node_modules/@typescript-eslint/typescript-estree minimatch@9.0.5 OK for: @typescript-eslint/typescript-estree@8.55.0 want: ^9.0.5
1574 silly placeDep node_modules/@typescript-eslint/typescript-estree semver@7.7.4 OK for: @typescript-eslint/typescript-estree@8.55.0 want: ^7.7.3
1575 silly fetch manifest @typescript-eslint/tsconfig-utils@^8.55.0
1576 silly packumentCache full:https://registry.npmjs.org/@typescript-eslint%2ftsconfig-utils cache-miss
1577 silly fetch manifest brace-expansion@^2.0.1
1578 silly packumentCache full:https://registry.npmjs.org/brace-expansion cache-miss
1579 http cache https://registry.npmjs.org/brace-expansion 7ms (cache hit)
1580 silly packumentCache full:https://registry.npmjs.org/brace-expansion set size:51042 disposed:false
1581 http cache https://registry.npmjs.org/@typescript-eslint%2ftsconfig-utils 11ms (cache hit)
1582 silly packumentCache full:https://registry.npmjs.org/@typescript-eslint%2ftsconfig-utils set size:885624 disposed:false
1583 silly placeDep ROOT escalade@3.2.0 OK for: update-browserslist-db@1.2.3 want: ^3.2.0
1584 silly placeDep ROOT punycode@2.3.1 OK for: uri-js@4.4.1 want: ^2.1.0
1585 silly placeDep ROOT esbuild@0.27.3 OK for: vite@7.3.1 want: ^0.27.0
1586 silly placeDep node_modules/vite fdir@6.5.0 OK for: vite@7.3.1 want: ^6.5.0
1587 silly placeDep node_modules/vite picomatch@4.0.3 OK for: fdir@6.5.0 want: ^3 || ^4
1588 silly placeDep ROOT rollup@4.57.1 OK for: vite@7.3.1 want: ^4.43.0
1589 silly fetch manifest @esbuild/aix-ppc64@0.27.3
1590 silly packumentCache full:https://registry.npmjs.org/@esbuild%2faix-ppc64 cache-miss
1591 silly fetch manifest @esbuild/android-arm@0.27.3
1592 silly packumentCache full:https://registry.npmjs.org/@esbuild%2fandroid-arm cache-miss
1593 silly fetch manifest @esbuild/android-arm64@0.27.3
1594 silly packumentCache full:https://registry.npmjs.org/@esbuild%2fandroid-arm64 cache-miss
1595 silly fetch manifest @esbuild/android-x64@0.27.3
1596 silly packumentCache full:https://registry.npmjs.org/@esbuild%2fandroid-x64 cache-miss
1597 silly fetch manifest @esbuild/darwin-arm64@0.27.3
1598 silly packumentCache full:https://registry.npmjs.org/@esbuild%2fdarwin-arm64 cache-miss
1599 silly fetch manifest @esbuild/darwin-x64@0.27.3
1600 silly packumentCache full:https://registry.npmjs.org/@esbuild%2fdarwin-x64 cache-miss
1601 silly fetch manifest @esbuild/freebsd-arm64@0.27.3
1602 silly packumentCache full:https://registry.npmjs.org/@esbuild%2ffreebsd-arm64 cache-miss
1603 http fetch GET 200 https://registry.npmjs.org/@esbuild%2fandroid-arm64 111ms (cache miss)
1604 silly packumentCache full:https://registry.npmjs.org/@esbuild%2fandroid-arm64 set size:undefined disposed:false
1605 silly fetch manifest @esbuild/freebsd-x64@0.27.3
1606 silly packumentCache full:https://registry.npmjs.org/@esbuild%2ffreebsd-x64 cache-miss
1607 http fetch GET 200 https://registry.npmjs.org/@esbuild%2faix-ppc64 114ms (cache miss)
1608 silly packumentCache full:https://registry.npmjs.org/@esbuild%2faix-ppc64 set size:undefined disposed:false
1609 silly fetch manifest @esbuild/linux-arm@0.27.3
1610 silly packumentCache full:https://registry.npmjs.org/@esbuild%2flinux-arm cache-miss
1611 http fetch GET 200 https://registry.npmjs.org/@esbuild%2fdarwin-arm64 119ms (cache miss)
1612 silly packumentCache full:https://registry.npmjs.org/@esbuild%2fdarwin-arm64 set size:undefined disposed:false
1613 silly fetch manifest @esbuild/linux-arm64@0.27.3
1614 silly packumentCache full:https://registry.npmjs.org/@esbuild%2flinux-arm64 cache-miss
1615 http fetch GET 200 https://registry.npmjs.org/@esbuild%2fandroid-x64 128ms (cache miss)
1616 silly packumentCache full:https://registry.npmjs.org/@esbuild%2fandroid-x64 set size:undefined disposed:false
1617 silly fetch manifest @esbuild/linux-ia32@0.27.3
1618 silly packumentCache full:https://registry.npmjs.org/@esbuild%2flinux-ia32 cache-miss
1619 http fetch GET 200 https://registry.npmjs.org/@esbuild%2ffreebsd-arm64 131ms (cache miss)
1620 silly packumentCache full:https://registry.npmjs.org/@esbuild%2ffreebsd-arm64 set size:undefined disposed:false
1621 silly fetch manifest @esbuild/linux-loong64@0.27.3
1622 silly packumentCache full:https://registry.npmjs.org/@esbuild%2flinux-loong64 cache-miss
1623 http fetch GET 200 https://registry.npmjs.org/@esbuild%2fdarwin-x64 135ms (cache miss)
1624 silly packumentCache full:https://registry.npmjs.org/@esbuild%2fdarwin-x64 set size:undefined disposed:false
1625 silly fetch manifest @esbuild/linux-mips64el@0.27.3
1626 silly packumentCache full:https://registry.npmjs.org/@esbuild%2flinux-mips64el cache-miss
1627 http fetch GET 200 https://registry.npmjs.org/@esbuild%2fandroid-arm 141ms (cache miss)
1628 silly packumentCache full:https://registry.npmjs.org/@esbuild%2fandroid-arm set size:undefined disposed:false
1629 silly fetch manifest @esbuild/linux-ppc64@0.27.3
1630 silly packumentCache full:https://registry.npmjs.org/@esbuild%2flinux-ppc64 cache-miss
1631 http fetch GET 200 https://registry.npmjs.org/@esbuild%2ffreebsd-x64 106ms (cache miss)
1632 silly packumentCache full:https://registry.npmjs.org/@esbuild%2ffreebsd-x64 set size:undefined disposed:false
1633 silly fetch manifest @esbuild/linux-riscv64@0.27.3
1634 silly packumentCache full:https://registry.npmjs.org/@esbuild%2flinux-riscv64 cache-miss
1635 http fetch GET 200 https://registry.npmjs.org/@esbuild%2flinux-arm 110ms (cache miss)
1636 silly packumentCache full:https://registry.npmjs.org/@esbuild%2flinux-arm set size:undefined disposed:false
1637 silly fetch manifest @esbuild/linux-s390x@0.27.3
1638 silly packumentCache full:https://registry.npmjs.org/@esbuild%2flinux-s390x cache-miss
1639 http fetch GET 200 https://registry.npmjs.org/@esbuild%2flinux-arm64 109ms (cache miss)
1640 silly packumentCache full:https://registry.npmjs.org/@esbuild%2flinux-arm64 set size:undefined disposed:false
1641 silly fetch manifest @esbuild/linux-x64@0.27.3
1642 silly packumentCache full:https://registry.npmjs.org/@esbuild%2flinux-x64 cache-miss
1643 http fetch GET 200 https://registry.npmjs.org/@esbuild%2flinux-ia32 107ms (cache miss)
1644 silly packumentCache full:https://registry.npmjs.org/@esbuild%2flinux-ia32 set size:undefined disposed:false
1645 silly fetch manifest @esbuild/netbsd-arm64@0.27.3
1646 silly packumentCache full:https://registry.npmjs.org/@esbuild%2fnetbsd-arm64 cache-miss
1647 http fetch GET 200 https://registry.npmjs.org/@esbuild%2flinux-loong64 113ms (cache miss)
1648 silly packumentCache full:https://registry.npmjs.org/@esbuild%2flinux-loong64 set size:undefined disposed:false
1649 silly fetch manifest @esbuild/netbsd-x64@0.27.3
1650 silly packumentCache full:https://registry.npmjs.org/@esbuild%2fnetbsd-x64 cache-miss
1651 http fetch GET 200 https://registry.npmjs.org/@esbuild%2flinux-ppc64 107ms (cache miss)
1652 silly packumentCache full:https://registry.npmjs.org/@esbuild%2flinux-ppc64 set size:undefined disposed:false
1653 silly fetch manifest @esbuild/openbsd-arm64@0.27.3
1654 silly packumentCache full:https://registry.npmjs.org/@esbuild%2fopenbsd-arm64 cache-miss
1655 http fetch GET 200 https://registry.npmjs.org/@esbuild%2flinux-riscv64 96ms (cache miss)
1656 silly packumentCache full:https://registry.npmjs.org/@esbuild%2flinux-riscv64 set size:undefined disposed:false
1657 silly fetch manifest @esbuild/openbsd-x64@0.27.3
1658 silly packumentCache full:https://registry.npmjs.org/@esbuild%2fopenbsd-x64 cache-miss
1659 http fetch GET 200 https://registry.npmjs.org/@esbuild%2flinux-s390x 103ms (cache miss)
1660 silly packumentCache full:https://registry.npmjs.org/@esbuild%2flinux-s390x set size:undefined disposed:false
1661 silly fetch manifest @esbuild/openharmony-arm64@0.27.3
1662 silly packumentCache full:https://registry.npmjs.org/@esbuild%2fopenharmony-arm64 cache-miss
1663 http fetch GET 200 https://registry.npmjs.org/@esbuild%2flinux-x64 102ms (cache miss)
1664 silly packumentCache full:https://registry.npmjs.org/@esbuild%2flinux-x64 set size:undefined disposed:false
1665 silly fetch manifest @esbuild/sunos-x64@0.27.3
1666 silly packumentCache full:https://registry.npmjs.org/@esbuild%2fsunos-x64 cache-miss
1667 http fetch GET 200 https://registry.npmjs.org/@esbuild%2fnetbsd-arm64 100ms (cache miss)
1668 silly packumentCache full:https://registry.npmjs.org/@esbuild%2fnetbsd-arm64 set size:undefined disposed:false
1669 silly fetch manifest @esbuild/win32-arm64@0.27.3
1670 silly packumentCache full:https://registry.npmjs.org/@esbuild%2fwin32-arm64 cache-miss
1671 http fetch GET 200 https://registry.npmjs.org/@esbuild%2fnetbsd-x64 98ms (cache miss)
1672 silly packumentCache full:https://registry.npmjs.org/@esbuild%2fnetbsd-x64 set size:undefined disposed:false
1673 silly fetch manifest @esbuild/win32-ia32@0.27.3
1674 silly packumentCache full:https://registry.npmjs.org/@esbuild%2fwin32-ia32 cache-miss
1675 http fetch GET 200 https://registry.npmjs.org/@esbuild%2fopenbsd-arm64 102ms (cache miss)
1676 silly packumentCache full:https://registry.npmjs.org/@esbuild%2fopenbsd-arm64 set size:undefined disposed:false
1677 silly fetch manifest @esbuild/win32-x64@0.27.3
1678 silly packumentCache full:https://registry.npmjs.org/@esbuild%2fwin32-x64 cache-miss
1679 http fetch GET 200 https://registry.npmjs.org/@esbuild%2fopenbsd-x64 101ms (cache miss)
1680 silly packumentCache full:https://registry.npmjs.org/@esbuild%2fopenbsd-x64 set size:undefined disposed:false
1681 silly fetch manifest @rollup/rollup-darwin-arm64@4.57.1
1682 silly packumentCache full:https://registry.npmjs.org/@rollup%2frollup-darwin-arm64 cache-miss
1683 http fetch GET 200 https://registry.npmjs.org/@esbuild%2flinux-mips64el 285ms (cache miss)
1684 silly packumentCache full:https://registry.npmjs.org/@esbuild%2flinux-mips64el set size:undefined disposed:false
1685 silly fetch manifest @rollup/rollup-android-arm64@4.57.1
1686 silly packumentCache full:https://registry.npmjs.org/@rollup%2frollup-android-arm64 cache-miss
1687 http fetch GET 200 https://registry.npmjs.org/@esbuild%2fopenharmony-arm64 100ms (cache miss)
1688 silly packumentCache full:https://registry.npmjs.org/@esbuild%2fopenharmony-arm64 set size:undefined disposed:false
1689 silly fetch manifest @rollup/rollup-win32-arm64-msvc@4.57.1
1690 silly packumentCache full:https://registry.npmjs.org/@rollup%2frollup-win32-arm64-msvc cache-miss
1691 http fetch GET 200 https://registry.npmjs.org/@esbuild%2fwin32-arm64 104ms (cache miss)
1692 silly packumentCache full:https://registry.npmjs.org/@esbuild%2fwin32-arm64 set size:undefined disposed:false
1693 silly fetch manifest @rollup/rollup-freebsd-arm64@4.57.1
1694 silly packumentCache full:https://registry.npmjs.org/@rollup%2frollup-freebsd-arm64 cache-miss
1695 http fetch GET 200 https://registry.npmjs.org/@esbuild%2fsunos-x64 117ms (cache miss)
1696 silly packumentCache full:https://registry.npmjs.org/@esbuild%2fsunos-x64 set size:undefined disposed:false
1697 silly fetch manifest @rollup/rollup-linux-arm64-gnu@4.57.1
1698 silly packumentCache full:https://registry.npmjs.org/@rollup%2frollup-linux-arm64-gnu cache-miss
1699 http fetch GET 200 https://registry.npmjs.org/@esbuild%2fwin32-ia32 114ms (cache miss)
1700 silly packumentCache full:https://registry.npmjs.org/@esbuild%2fwin32-ia32 set size:undefined disposed:false
1701 silly fetch manifest @rollup/rollup-linux-arm64-musl@4.57.1
1702 silly packumentCache full:https://registry.npmjs.org/@rollup%2frollup-linux-arm64-musl cache-miss
1703 http fetch GET 200 https://registry.npmjs.org/@esbuild%2fwin32-x64 113ms (cache miss)
1704 silly packumentCache full:https://registry.npmjs.org/@esbuild%2fwin32-x64 set size:undefined disposed:false
1705 silly fetch manifest @rollup/rollup-android-arm-eabi@4.57.1
1706 silly packumentCache full:https://registry.npmjs.org/@rollup%2frollup-android-arm-eabi cache-miss
1707 http fetch GET 200 https://registry.npmjs.org/@rollup%2frollup-darwin-arm64 100ms (cache miss)
1708 silly packumentCache full:https://registry.npmjs.org/@rollup%2frollup-darwin-arm64 set size:undefined disposed:false
1709 silly fetch manifest @rollup/rollup-linux-arm-gnueabihf@4.57.1
1710 silly packumentCache full:https://registry.npmjs.org/@rollup%2frollup-linux-arm-gnueabihf cache-miss
1711 http fetch GET 200 https://registry.npmjs.org/@rollup%2frollup-android-arm64 105ms (cache miss)
1712 silly packumentCache full:https://registry.npmjs.org/@rollup%2frollup-android-arm64 set size:undefined disposed:false
1713 silly fetch manifest @rollup/rollup-linux-arm-musleabihf@4.57.1
1714 silly packumentCache full:https://registry.npmjs.org/@rollup%2frollup-linux-arm-musleabihf cache-miss
1715 http fetch GET 200 https://registry.npmjs.org/@rollup%2frollup-freebsd-arm64 101ms (cache miss)
1716 silly packumentCache full:https://registry.npmjs.org/@rollup%2frollup-freebsd-arm64 set size:undefined disposed:false
1717 silly fetch manifest @rollup/rollup-win32-ia32-msvc@4.57.1
1718 silly packumentCache full:https://registry.npmjs.org/@rollup%2frollup-win32-ia32-msvc cache-miss
1719 http fetch GET 200 https://registry.npmjs.org/@rollup%2frollup-win32-arm64-msvc 120ms (cache miss)
1720 silly packumentCache full:https://registry.npmjs.org/@rollup%2frollup-win32-arm64-msvc set size:undefined disposed:false
1721 silly fetch manifest @rollup/rollup-linux-loong64-gnu@4.57.1
1722 silly packumentCache full:https://registry.npmjs.org/@rollup%2frollup-linux-loong64-gnu cache-miss
1723 http fetch GET 200 https://registry.npmjs.org/@rollup%2frollup-linux-arm64-gnu 109ms (cache miss)
1724 silly packumentCache full:https://registry.npmjs.org/@rollup%2frollup-linux-arm64-gnu set size:undefined disposed:false
1725 silly fetch manifest @rollup/rollup-linux-loong64-musl@4.57.1
1726 silly packumentCache full:https://registry.npmjs.org/@rollup%2frollup-linux-loong64-musl cache-miss
1727 http fetch GET 200 https://registry.npmjs.org/@rollup%2frollup-linux-arm64-musl 104ms (cache miss)
1728 silly packumentCache full:https://registry.npmjs.org/@rollup%2frollup-linux-arm64-musl set size:undefined disposed:false
1729 silly fetch manifest @rollup/rollup-linux-riscv64-gnu@4.57.1
1730 silly packumentCache full:https://registry.npmjs.org/@rollup%2frollup-linux-riscv64-gnu cache-miss
1731 http fetch GET 200 https://registry.npmjs.org/@rollup%2frollup-android-arm-eabi 109ms (cache miss)
1732 silly packumentCache full:https://registry.npmjs.org/@rollup%2frollup-android-arm-eabi set size:undefined disposed:false
1733 silly fetch manifest @rollup/rollup-linux-riscv64-musl@4.57.1
1734 silly packumentCache full:https://registry.npmjs.org/@rollup%2frollup-linux-riscv64-musl cache-miss
1735 http fetch GET 200 https://registry.npmjs.org/@rollup%2frollup-linux-arm-gnueabihf 100ms (cache miss)
1736 silly packumentCache full:https://registry.npmjs.org/@rollup%2frollup-linux-arm-gnueabihf set size:undefined disposed:false
1737 silly fetch manifest @rollup/rollup-linux-ppc64-gnu@4.57.1
1738 silly packumentCache full:https://registry.npmjs.org/@rollup%2frollup-linux-ppc64-gnu cache-miss
1739 http fetch GET 200 https://registry.npmjs.org/@rollup%2frollup-linux-arm-musleabihf 99ms (cache miss)
1740 silly packumentCache full:https://registry.npmjs.org/@rollup%2frollup-linux-arm-musleabihf set size:undefined disposed:false
1741 silly fetch manifest @rollup/rollup-linux-ppc64-musl@4.57.1
1742 silly packumentCache full:https://registry.npmjs.org/@rollup%2frollup-linux-ppc64-musl cache-miss
1743 http fetch GET 200 https://registry.npmjs.org/@rollup%2frollup-win32-ia32-msvc 97ms (cache miss)
1744 silly packumentCache full:https://registry.npmjs.org/@rollup%2frollup-win32-ia32-msvc set size:undefined disposed:false
1745 silly fetch manifest @rollup/rollup-linux-s390x-gnu@4.57.1
1746 silly packumentCache full:https://registry.npmjs.org/@rollup%2frollup-linux-s390x-gnu cache-miss
1747 http fetch GET 200 https://registry.npmjs.org/@rollup%2frollup-linux-loong64-gnu 97ms (cache miss)
1748 silly packumentCache full:https://registry.npmjs.org/@rollup%2frollup-linux-loong64-gnu set size:undefined disposed:false
1749 silly fetch manifest @rollup/rollup-darwin-x64@4.57.1
1750 silly packumentCache full:https://registry.npmjs.org/@rollup%2frollup-darwin-x64 cache-miss
1751 http fetch GET 200 https://registry.npmjs.org/@rollup%2frollup-linux-loong64-musl 101ms (cache miss)
1752 silly packumentCache full:https://registry.npmjs.org/@rollup%2frollup-linux-loong64-musl set size:undefined disposed:false
1753 silly fetch manifest @rollup/rollup-win32-x64-gnu@4.57.1
1754 silly packumentCache full:https://registry.npmjs.org/@rollup%2frollup-win32-x64-gnu cache-miss
1755 http fetch GET 200 https://registry.npmjs.org/@rollup%2frollup-linux-riscv64-gnu 100ms (cache miss)
1756 silly packumentCache full:https://registry.npmjs.org/@rollup%2frollup-linux-riscv64-gnu set size:undefined disposed:false
1757 silly fetch manifest @rollup/rollup-win32-x64-msvc@4.57.1
1758 silly packumentCache full:https://registry.npmjs.org/@rollup%2frollup-win32-x64-msvc cache-miss
1759 http fetch GET 200 https://registry.npmjs.org/@rollup%2frollup-linux-riscv64-musl 106ms (cache miss)
1760 silly packumentCache full:https://registry.npmjs.org/@rollup%2frollup-linux-riscv64-musl set size:undefined disposed:false
1761 silly fetch manifest @rollup/rollup-freebsd-x64@4.57.1
1762 silly packumentCache full:https://registry.npmjs.org/@rollup%2frollup-freebsd-x64 cache-miss
1763 http fetch GET 200 https://registry.npmjs.org/@rollup%2frollup-linux-ppc64-gnu 95ms (cache miss)
1764 silly packumentCache full:https://registry.npmjs.org/@rollup%2frollup-linux-ppc64-gnu set size:undefined disposed:false
1765 silly fetch manifest @rollup/rollup-linux-x64-gnu@4.57.1
1766 silly packumentCache full:https://registry.npmjs.org/@rollup%2frollup-linux-x64-gnu cache-miss
1767 http fetch GET 200 https://registry.npmjs.org/@rollup%2frollup-linux-ppc64-musl 94ms (cache miss)
1768 silly packumentCache full:https://registry.npmjs.org/@rollup%2frollup-linux-ppc64-musl set size:undefined disposed:false
1769 silly fetch manifest @rollup/rollup-linux-x64-musl@4.57.1
1770 silly packumentCache full:https://registry.npmjs.org/@rollup%2frollup-linux-x64-musl cache-miss
1771 http fetch GET 200 https://registry.npmjs.org/@rollup%2frollup-linux-s390x-gnu 107ms (cache miss)
1772 silly packumentCache full:https://registry.npmjs.org/@rollup%2frollup-linux-s390x-gnu set size:undefined disposed:false
1773 silly fetch manifest @rollup/rollup-openbsd-x64@4.57.1
1774 silly packumentCache full:https://registry.npmjs.org/@rollup%2frollup-openbsd-x64 cache-miss
1775 http fetch GET 200 https://registry.npmjs.org/@rollup%2frollup-darwin-x64 111ms (cache miss)
1776 silly packumentCache full:https://registry.npmjs.org/@rollup%2frollup-darwin-x64 set size:undefined disposed:false
1777 silly fetch manifest @rollup/rollup-openharmony-arm64@4.57.1
1778 silly packumentCache full:https://registry.npmjs.org/@rollup%2frollup-openharmony-arm64 cache-miss
1779 http fetch GET 200 https://registry.npmjs.org/@rollup%2frollup-win32-x64-gnu 100ms (cache miss)
1780 silly packumentCache full:https://registry.npmjs.org/@rollup%2frollup-win32-x64-gnu set size:undefined disposed:false
1781 http fetch GET 200 https://registry.npmjs.org/@rollup%2frollup-win32-x64-msvc 108ms (cache miss)
1782 silly packumentCache full:https://registry.npmjs.org/@rollup%2frollup-win32-x64-msvc set size:undefined disposed:false
1783 http fetch GET 200 https://registry.npmjs.org/@rollup%2frollup-freebsd-x64 107ms (cache miss)
1784 silly packumentCache full:https://registry.npmjs.org/@rollup%2frollup-freebsd-x64 set size:undefined disposed:false
1785 http fetch GET 200 https://registry.npmjs.org/@rollup%2frollup-linux-x64-gnu 101ms (cache miss)
1786 silly packumentCache full:https://registry.npmjs.org/@rollup%2frollup-linux-x64-gnu set size:undefined disposed:false
1787 http fetch GET 200 https://registry.npmjs.org/@rollup%2frollup-linux-x64-musl 101ms (cache miss)
1788 silly packumentCache full:https://registry.npmjs.org/@rollup%2frollup-linux-x64-musl set size:undefined disposed:false
1789 http fetch GET 200 https://registry.npmjs.org/@rollup%2frollup-openbsd-x64 101ms (cache miss)
1790 silly packumentCache full:https://registry.npmjs.org/@rollup%2frollup-openbsd-x64 set size:undefined disposed:false
1791 http fetch GET 200 https://registry.npmjs.org/@rollup%2frollup-openharmony-arm64 138ms (cache miss)
1792 silly packumentCache full:https://registry.npmjs.org/@rollup%2frollup-openharmony-arm64 set size:undefined disposed:false
1793 silly placeDep ROOT @esbuild/aix-ppc64@0.27.3 OK for: esbuild@0.27.3 want: 0.27.3
1794 silly placeDep ROOT @esbuild/android-arm@0.27.3 OK for: esbuild@0.27.3 want: 0.27.3
1795 silly placeDep ROOT @esbuild/android-arm64@0.27.3 OK for: esbuild@0.27.3 want: 0.27.3
1796 silly placeDep ROOT @esbuild/android-x64@0.27.3 OK for: esbuild@0.27.3 want: 0.27.3
1797 silly placeDep ROOT @esbuild/darwin-arm64@0.27.3 OK for: esbuild@0.27.3 want: 0.27.3
1798 silly placeDep ROOT @esbuild/darwin-x64@0.27.3 OK for: esbuild@0.27.3 want: 0.27.3
1799 silly placeDep ROOT @esbuild/freebsd-arm64@0.27.3 OK for: esbuild@0.27.3 want: 0.27.3
1800 silly placeDep ROOT @esbuild/freebsd-x64@0.27.3 OK for: esbuild@0.27.3 want: 0.27.3
1801 silly placeDep ROOT @esbuild/linux-arm@0.27.3 OK for: esbuild@0.27.3 want: 0.27.3
1802 silly placeDep ROOT @esbuild/linux-arm64@0.27.3 OK for: esbuild@0.27.3 want: 0.27.3
1803 silly placeDep ROOT @esbuild/linux-ia32@0.27.3 OK for: esbuild@0.27.3 want: 0.27.3
1804 silly placeDep ROOT @esbuild/linux-loong64@0.27.3 OK for: esbuild@0.27.3 want: 0.27.3
1805 silly placeDep ROOT @esbuild/linux-mips64el@0.27.3 OK for: esbuild@0.27.3 want: 0.27.3
1806 silly placeDep ROOT @esbuild/linux-ppc64@0.27.3 OK for: esbuild@0.27.3 want: 0.27.3
1807 silly placeDep ROOT @esbuild/linux-riscv64@0.27.3 OK for: esbuild@0.27.3 want: 0.27.3
1808 silly placeDep ROOT @esbuild/linux-s390x@0.27.3 OK for: esbuild@0.27.3 want: 0.27.3
1809 silly placeDep ROOT @esbuild/linux-x64@0.27.3 OK for: esbuild@0.27.3 want: 0.27.3
1810 silly placeDep ROOT @esbuild/netbsd-arm64@0.27.3 OK for: esbuild@0.27.3 want: 0.27.3
1811 silly placeDep ROOT @esbuild/netbsd-x64@0.27.3 OK for: esbuild@0.27.3 want: 0.27.3
1812 silly placeDep ROOT @esbuild/openbsd-arm64@0.27.3 OK for: esbuild@0.27.3 want: 0.27.3
1813 silly placeDep ROOT @esbuild/openbsd-x64@0.27.3 OK for: esbuild@0.27.3 want: 0.27.3
1814 silly placeDep ROOT @esbuild/openharmony-arm64@0.27.3 OK for: esbuild@0.27.3 want: 0.27.3
1815 silly placeDep ROOT @esbuild/sunos-x64@0.27.3 OK for: esbuild@0.27.3 want: 0.27.3
1816 silly placeDep ROOT @esbuild/win32-arm64@0.27.3 OK for: esbuild@0.27.3 want: 0.27.3
1817 silly placeDep ROOT @esbuild/win32-ia32@0.27.3 OK for: esbuild@0.27.3 want: 0.27.3
1818 silly placeDep ROOT @esbuild/win32-x64@0.27.3 OK for: esbuild@0.27.3 want: 0.27.3
1819 silly placeDep ROOT @rollup/rollup-android-arm-eabi@4.57.1 OK for: rollup@4.57.1 want: 4.57.1
1820 silly placeDep ROOT @rollup/rollup-android-arm64@4.57.1 OK for: rollup@4.57.1 want: 4.57.1
1821 silly placeDep ROOT @rollup/rollup-darwin-arm64@4.57.1 OK for: rollup@4.57.1 want: 4.57.1
1822 silly placeDep ROOT @rollup/rollup-darwin-x64@4.57.1 OK for: rollup@4.57.1 want: 4.57.1
1823 silly placeDep ROOT @rollup/rollup-freebsd-arm64@4.57.1 OK for: rollup@4.57.1 want: 4.57.1
1824 silly placeDep ROOT @rollup/rollup-freebsd-x64@4.57.1 OK for: rollup@4.57.1 want: 4.57.1
1825 silly placeDep ROOT @rollup/rollup-linux-arm-gnueabihf@4.57.1 OK for: rollup@4.57.1 want: 4.57.1
1826 silly placeDep ROOT @rollup/rollup-linux-arm-musleabihf@4.57.1 OK for: rollup@4.57.1 want: 4.57.1
1827 silly placeDep ROOT @rollup/rollup-linux-arm64-gnu@4.57.1 OK for: rollup@4.57.1 want: 4.57.1
1828 silly placeDep ROOT @rollup/rollup-linux-arm64-musl@4.57.1 OK for: rollup@4.57.1 want: 4.57.1
1829 silly placeDep ROOT @rollup/rollup-linux-loong64-gnu@4.57.1 OK for: rollup@4.57.1 want: 4.57.1
1830 silly placeDep ROOT @rollup/rollup-linux-loong64-musl@4.57.1 OK for: rollup@4.57.1 want: 4.57.1
1831 silly placeDep ROOT @rollup/rollup-linux-ppc64-gnu@4.57.1 OK for: rollup@4.57.1 want: 4.57.1
1832 silly placeDep ROOT @rollup/rollup-linux-ppc64-musl@4.57.1 OK for: rollup@4.57.1 want: 4.57.1
1833 silly placeDep ROOT @rollup/rollup-linux-riscv64-gnu@4.57.1 OK for: rollup@4.57.1 want: 4.57.1
1834 silly placeDep ROOT @rollup/rollup-linux-riscv64-musl@4.57.1 OK for: rollup@4.57.1 want: 4.57.1
1835 silly placeDep ROOT @rollup/rollup-linux-s390x-gnu@4.57.1 OK for: rollup@4.57.1 want: 4.57.1
1836 silly placeDep ROOT @rollup/rollup-linux-x64-gnu@4.57.1 OK for: rollup@4.57.1 want: 4.57.1
1837 silly placeDep ROOT @rollup/rollup-linux-x64-musl@4.57.1 OK for: rollup@4.57.1 want: 4.57.1
1838 silly placeDep ROOT @rollup/rollup-openbsd-x64@4.57.1 OK for: rollup@4.57.1 want: 4.57.1
1839 silly placeDep ROOT @rollup/rollup-openharmony-arm64@4.57.1 OK for: rollup@4.57.1 want: 4.57.1
1840 silly placeDep ROOT @rollup/rollup-win32-arm64-msvc@4.57.1 OK for: rollup@4.57.1 want: 4.57.1
1841 silly placeDep ROOT @rollup/rollup-win32-ia32-msvc@4.57.1 OK for: rollup@4.57.1 want: 4.57.1
1842 silly placeDep ROOT @rollup/rollup-win32-x64-gnu@4.57.1 OK for: rollup@4.57.1 want: 4.57.1
1843 silly placeDep ROOT @rollup/rollup-win32-x64-msvc@4.57.1 OK for: rollup@4.57.1 want: 4.57.1
1844 silly placeDep ROOT isexe@2.0.0 OK for: which@2.0.2 want: ^2.0.0
1845 silly placeDep node_modules/@typescript-eslint/typescript-estree brace-expansion@2.0.2 OK for: minimatch@9.0.5 want: ^2.0.1
1846 silly reify moves {}
1847 silly audit bulk request {
1847 silly audit   '@eslint/js': [ '9.39.2' ],
1847 silly audit   '@tailwindcss/vite': [ '4.1.18' ],
1847 silly audit   vite: [ '7.3.1' ],
1847 silly audit   '@types/node': [ '24.10.13' ],
1847 silly audit   '@types/react': [ '19.2.14' ],
1847 silly audit   '@types/react-dom': [ '19.2.3' ],
1847 silly audit   '@vitejs/plugin-react': [ '5.1.4' ],
1847 silly audit   autoprefixer: [ '10.4.24' ],
1847 silly audit   eslint: [ '9.39.2' ],
1847 silly audit   'eslint-plugin-react-hooks': [ '7.0.1' ],
1847 silly audit   'eslint-plugin-react-refresh': [ '0.4.26' ],
1847 silly audit   globals: [ '16.5.0', '14.0.0' ],
1847 silly audit   postcss: [ '8.5.6' ],
1847 silly audit   react: [ '19.2.4' ],
1847 silly audit   'react-dom': [ '19.2.4' ],
1847 silly audit   'react-icons': [ '5.5.0' ],
1847 silly audit   'react-router-dom': [ '7.13.0' ],
1847 silly audit   'react-toastify': [ '11.0.5' ],
1847 silly audit   tailwindcss: [ '3.4.19', '4.1.18' ],
1847 silly audit   typescript: [ '5.9.3' ],
1847 silly audit   'typescript-eslint': [ '8.55.0' ],
1847 silly audit   '@tailwindcss/node': [ '4.1.18' ],
1847 silly audit   '@tailwindcss/oxide': [ '4.1.18' ],
1847 silly audit   '@jridgewell/remapping': [ '2.3.5' ],
1847 silly audit   'enhanced-resolve': [ '5.19.0' ],
1847 silly audit   jiti: [ '2.6.1', '1.21.7' ],
1847 silly audit   lightningcss: [ '1.30.2' ],
1847 silly audit   'magic-string': [ '0.30.21' ],
1847 silly audit   'source-map-js': [ '1.2.1' ],
1847 silly audit   '@jridgewell/gen-mapping': [ '0.3.13' ],
1847 silly audit   '@jridgewell/trace-mapping': [ '0.3.31' ],
1847 silly audit   '@jridgewell/sourcemap-codec': [ '1.5.5' ],
1847 silly audit   '@jridgewell/resolve-uri': [ '3.1.2' ],
1847 silly audit   '@tailwindcss/oxide-android-arm64': [ '4.1.18' ],
1847 silly audit   '@tailwindcss/oxide-darwin-arm64': [ '4.1.18' ],
1847 silly audit   '@tailwindcss/oxide-darwin-x64': [ '4.1.18' ],
1847 silly audit   '@tailwindcss/oxide-freebsd-x64': [ '4.1.18' ],
1847 silly audit   '@tailwindcss/oxide-linux-arm-gnueabihf': [ '4.1.18' ],
1847 silly audit   '@tailwindcss/oxide-linux-arm64-gnu': [ '4.1.18' ],
1847 silly audit   '@tailwindcss/oxide-linux-arm64-musl': [ '4.1.18' ],
1847 silly audit   '@tailwindcss/oxide-linux-x64-gnu': [ '4.1.18' ],
1847 silly audit   '@tailwindcss/oxide-linux-x64-musl': [ '4.1.18' ],
1847 silly audit   '@tailwindcss/oxide-wasm32-wasi': [ '4.1.18' ],
1847 silly audit   '@tailwindcss/oxide-win32-arm64-msvc': [ '4.1.18' ],
1847 silly audit   '@tailwindcss/oxide-win32-x64-msvc': [ '4.1.18' ],
1847 silly audit   'undici-types': [ '7.16.0' ],
1847 silly audit   csstype: [ '3.2.3' ],
1847 silly audit   '@babel/core': [ '7.29.0' ],
1847 silly audit   '@babel/plugin-transform-react-jsx-self': [ '7.27.1' ],
1847 silly audit   '@babel/plugin-transform-react-jsx-source': [ '7.27.1' ],
1847 silly audit   '@rolldown/pluginutils': [ '1.0.0-rc.3' ],
1847 silly audit   '@types/babel__core': [ '7.20.5' ],
1847 silly audit   'react-refresh': [ '0.18.0' ],
1847 silly audit   '@babel/code-frame': [ '7.29.0' ],
1847 silly audit   '@babel/generator': [ '7.29.1' ],
1847 silly audit   '@babel/helper-compilation-targets': [ '7.28.6' ],
1847 silly audit   '@babel/helper-module-transforms': [ '7.28.6' ],
1847 silly audit   '@babel/helpers': [ '7.28.6' ],
1847 silly audit   '@babel/parser': [ '7.29.0' ],
1847 silly audit   '@babel/template': [ '7.28.6' ],
1847 silly audit   '@babel/traverse': [ '7.29.0' ],
1847 silly audit   '@babel/types': [ '7.29.0' ],
1847 silly audit   'convert-source-map': [ '2.0.0' ],
1847 silly audit   debug: [ '4.4.3' ],
1847 silly audit   gensync: [ '1.0.0-beta.2' ],
1847 silly audit   json5: [ '2.2.3' ],
1847 silly audit   semver: [ '6.3.1', '7.7.4' ],
1847 silly audit   '@babel/helper-validator-identifier': [ '7.28.5' ],
1847 silly audit   'js-tokens': [ '4.0.0' ],
1847 silly audit   picocolors: [ '1.1.1' ],
1847 silly audit   jsesc: [ '3.1.0' ],
1847 silly audit   '@babel/compat-data': [ '7.29.0' ],
1847 silly audit   '@babel/helper-validator-option': [ '7.27.1' ],
1847 silly audit   browserslist: [ '4.28.1' ],
1847 silly audit   'lru-cache': [ '5.1.1' ],
1847 silly audit   '@babel/helper-module-imports': [ '7.28.6' ],
1847 silly audit   '@babel/helper-plugin-utils': [ '7.28.6' ],
1847 silly audit   '@babel/helper-globals': [ '7.28.0' ],
1847 silly audit   '@babel/helper-string-parser': [ '7.27.1' ],
1847 silly audit   '@types/babel__generator': [ '7.27.0' ],
1847 silly audit   '@types/babel__template': [ '7.4.4' ],
1847 silly audit   '@types/babel__traverse': [ '7.28.0' ],
1847 silly audit   'caniuse-lite': [ '1.0.30001769' ],
1847 silly audit   'fraction.js': [ '5.3.4' ],
1847 silly audit   'postcss-value-parser': [ '4.2.0' ],
1847 silly audit   'baseline-browser-mapping': [ '2.9.19' ],
1847 silly audit   'electron-to-chromium': [ '1.5.286' ],
1847 silly audit   'node-releases': [ '2.0.27' ],
1847 silly audit   'update-browserslist-db': [ '1.2.3' ],
1847 silly audit   ms: [ '2.1.3' ],
1847 silly audit   'graceful-fs': [ '4.2.11' ],
1847 silly audit   tapable: [ '2.3.0' ],
1847 silly audit   '@eslint-community/eslint-utils': [ '4.9.1' ],
1847 silly audit   '@eslint-community/regexpp': [ '4.12.2' ],
1847 silly audit   '@eslint/config-array': [ '0.21.1' ],
1847 silly audit   '@eslint/config-helpers': [ '0.4.2' ],
1847 silly audit   '@eslint/core': [ '0.17.0' ],
1847 silly audit   '@eslint/eslintrc': [ '3.3.3' ],
1847 silly audit   '@eslint/plugin-kit': [ '0.4.1' ],
1847 silly audit   '@humanfs/node': [ '0.16.7' ],
1847 silly audit   '@humanwhocodes/module-importer': [ '1.0.1' ],
1847 silly audit   '@humanwhocodes/retry': [ '0.4.3' ],
1847 silly audit   '@types/estree': [ '1.0.8' ],
1847 silly audit   ajv: [ '6.12.6' ],
1847 silly audit   chalk: [ '4.1.2' ],
1847 silly audit   'cross-spawn': [ '7.0.6' ],
1847 silly audit   'escape-string-regexp': [ '4.0.0' ],
1847 silly audit   'eslint-scope': [ '8.4.0' ],
1847 silly audit   'eslint-visitor-keys': [ '4.2.1', '3.4.3' ],
1847 silly audit   espree: [ '10.4.0' ],
1847 silly audit   esquery: [ '1.7.0' ],
1847 silly audit   esutils: [ '2.0.3' ],
1847 silly audit   'fast-deep-equal': [ '3.1.3' ],
1847 silly audit   'file-entry-cache': [ '8.0.0' ],
1847 silly audit   'find-up': [ '5.0.0' ],
1847 silly audit   'glob-parent': [ '6.0.2', '5.1.2' ],
1847 silly audit   ignore: [ '5.3.2', '7.0.5' ],
1847 silly audit   imurmurhash: [ '0.1.4' ],
1847 silly audit   'is-glob': [ '4.0.3' ],
1847 silly audit   'json-stable-stringify-without-jsonify': [ '1.0.1' ],
1847 silly audit   'lodash.merge': [ '4.6.2' ],
1847 silly audit   minimatch: [ '3.1.2', '9.0.5' ],
1847 silly audit   'natural-compare': [ '1.4.0' ],
1847 silly audit   optionator: [ '0.9.4' ],
1847 silly audit   '@eslint/object-schema': [ '2.1.7' ],
1847 silly audit   '@types/json-schema': [ '7.0.15' ],
1847 silly audit   'import-fresh': [ '3.3.1' ],
1847 silly audit   'js-yaml': [ '4.1.1' ],
1847 silly audit   'strip-json-comments': [ '3.1.1' ],
1847 silly audit   levn: [ '0.4.1' ],
1847 silly audit   '@humanfs/core': [ '0.19.1' ],
1847 silly audit   'fast-json-stable-stringify': [ '2.1.0' ],
1847 silly audit   'json-schema-traverse': [ '0.4.1' ],
1847 silly audit   'uri-js': [ '4.4.1' ],
1847 silly audit   'ansi-styles': [ '4.3.0' ],
1847 silly audit   'supports-color': [ '7.2.0' ],
1847 silly audit   'color-convert': [ '2.0.1' ],
1847 silly audit   'color-name': [ '1.1.4' ],
1847 silly audit   'path-key': [ '3.1.1' ],
1847 silly audit   'shebang-command': [ '2.0.0' ],
1847 silly audit   which: [ '2.0.2' ],
1847 silly audit   'hermes-parser': [ '0.25.1' ],
1847 silly audit   zod: [ '4.3.6' ],
1847 silly audit   'zod-validation-error': [ '4.0.2' ],
1847 silly audit   esrecurse: [ '4.3.0' ],
1847 silly audit   estraverse: [ '5.3.0' ],
1847 silly audit   acorn: [ '8.15.0' ],
1847 silly audit   'acorn-jsx': [ '5.3.2' ],
1847 silly audit   'flat-cache': [ '4.0.1' ],
1847 silly audit   'locate-path': [ '6.0.0' ],
1847 silly audit   'path-exists': [ '4.0.0' ],
1847 silly audit   flatted: [ '3.3.3' ],
1847 silly audit   keyv: [ '4.5.4' ],
1847 silly audit   'hermes-estree': [ '0.25.1' ],
1847 silly audit   'parent-module': [ '1.0.1' ],
1847 silly audit   'resolve-from': [ '4.0.0' ],
1847 silly audit   'is-extglob': [ '2.1.1' ],
1847 silly audit   argparse: [ '2.0.1' ],
1847 silly audit   'json-buffer': [ '3.0.1' ],
1847 silly audit   'prelude-ls': [ '1.2.1' ],
1847 silly audit   'type-check': [ '0.4.0' ],
1847 silly audit   'detect-libc': [ '2.1.2' ],
1847 silly audit   'lightningcss-android-arm64': [ '1.30.2' ],
1847 silly audit   'lightningcss-darwin-arm64': [ '1.30.2' ],
1847 silly audit   'lightningcss-darwin-x64': [ '1.30.2' ],
1847 silly audit   'lightningcss-freebsd-x64': [ '1.30.2' ],
1847 silly audit   'lightningcss-linux-arm-gnueabihf': [ '1.30.2' ],
1847 silly audit   'lightningcss-linux-arm64-gnu': [ '1.30.2' ],
1847 silly audit   'lightningcss-linux-arm64-musl': [ '1.30.2' ],
1847 silly audit   'lightningcss-linux-x64-gnu': [ '1.30.2' ],
1847 silly audit   'lightningcss-linux-x64-musl': [ '1.30.2' ],
1847 silly audit   'lightningcss-win32-arm64-msvc': [ '1.30.2' ],
1847 silly audit   'lightningcss-win32-x64-msvc': [ '1.30.2' ],
1847 silly audit   'p-locate': [ '5.0.0' ],
1847 silly audit   yallist: [ '3.1.1' ],
1847 silly audit   'brace-expansion': [ '1.1.12', '2.0.2' ],
1847 silly audit   'balanced-match': [ '1.0.2' ],
1847 silly audit   'concat-map': [ '0.0.1' ],
1847 silly audit   'deep-is': [ '0.1.4' ],
1847 silly audit   'fast-levenshtein': [ '2.0.6' ],
1847 silly audit   'word-wrap': [ '1.2.5' ],
1847 silly audit   'p-limit': [ '3.1.0' ],
1847 silly audit   'yocto-queue': [ '0.1.0' ],
1847 silly audit   callsites: [ '3.1.0' ],
1847 silly audit   nanoid: [ '3.3.11' ],
1847 silly audit   scheduler: [ '0.27.0' ],
1847 silly audit   'react-router': [ '7.13.0' ],
1847 silly audit   cookie: [ '1.1.1' ],
1847 silly audit   'set-cookie-parser': [ '2.7.2' ],
1847 silly audit   clsx: [ '2.1.1' ],
1847 silly audit   'shebang-regex': [ '3.0.0' ],
1847 silly audit   'has-flag': [ '4.0.0' ],
1847 silly audit   '@alloc/quick-lru': [ '5.2.0' ],
1847 silly audit   arg: [ '5.0.2' ],
1847 silly audit   chokidar: [ '3.6.0' ],
1847 silly audit   didyoumean: [ '1.2.2' ],
1847 silly audit   dlv: [ '1.1.3' ],
1847 silly audit   'fast-glob': [ '3.3.3' ],
1847 silly audit   lilconfig: [ '3.1.3' ],
1847 silly audit   micromatch: [ '4.0.8' ],
1847 silly audit   'normalize-path': [ '3.0.0' ],
1847 silly audit   'object-hash': [ '3.0.0' ],
1847 silly audit   'postcss-import': [ '15.1.0' ],
1847 silly audit   'postcss-js': [ '4.1.0' ],
1847 silly audit   'postcss-load-config': [ '6.0.1' ],
1847 silly audit   'postcss-nested': [ '6.2.0' ],
1847 silly audit   'postcss-selector-parser': [ '6.1.2' ],
1847 silly audit   resolve: [ '1.22.11' ],
1847 silly audit   sucrase: [ '3.35.1' ],
1847 silly audit   anymatch: [ '3.1.3' ],
1847 silly audit   braces: [ '3.0.3' ],
1847 silly audit   fsevents: [ '2.3.3' ],
1847 silly audit   'is-binary-path': [ '2.1.0' ],
1847 silly audit   readdirp: [ '3.6.0' ],
1847 silly audit   picomatch: [ '2.3.1', '4.0.3' ],
1847 silly audit   'fill-range': [ '7.1.1' ],
1847 silly audit   '@nodelib/fs.stat': [ '2.0.5' ],
1847 silly audit   '@nodelib/fs.walk': [ '1.2.8' ],
1847 silly audit   merge2: [ '1.4.1' ],
1847 silly audit   '@nodelib/fs.scandir': [ '2.1.5' ],
1847 silly audit   fastq: [ '1.20.1' ],
1847 silly audit   'run-parallel': [ '1.2.0' ],
1847 silly audit   reusify: [ '1.1.0' ],
1847 silly audit   'to-regex-range': [ '5.0.1' ],
1847 silly audit   'binary-extensions': [ '2.3.0' ],
1847 silly audit   'read-cache': [ '1.0.0' ],
1847 silly audit   'camelcase-css': [ '2.0.1' ],
1847 silly audit   cssesc: [ '3.0.0' ],
1847 silly audit   'util-deprecate': [ '1.0.2' ],
1847 silly audit   pify: [ '2.3.0' ],
1847 silly audit   'is-core-module': [ '2.16.1' ],
1847 silly audit   'path-parse': [ '1.0.7' ],
1847 silly audit   'supports-preserve-symlinks-flag': [ '1.0.0' ],
1847 silly audit   hasown: [ '2.0.2' ],
1847 silly audit   'function-bind': [ '1.1.2' ],
1847 silly audit   'queue-microtask': [ '1.2.3' ],
1847 silly audit   commander: [ '4.1.1' ],
1847 silly audit   'lines-and-columns': [ '1.2.4' ],
1847 silly audit   mz: [ '2.7.0' ],
1847 silly audit   pirates: [ '4.0.7' ],
1847 silly audit   tinyglobby: [ '0.2.15' ],
1847 silly audit   'ts-interface-checker': [ '0.1.13' ],
1847 silly audit   'any-promise': [ '1.3.0' ],
1847 silly audit   'object-assign': [ '4.1.1' ],
1847 silly audit   'thenify-all': [ '1.6.0' ],
1847 silly audit   thenify: [ '3.3.1' ],
1847 silly audit   fdir: [ '6.5.0' ],
1847 silly audit   'is-number': [ '7.0.0' ],
1847 silly audit   '@typescript-eslint/eslint-plugin': [ '8.55.0' ],
1847 silly audit   '@typescript-eslint/parser': [ '8.55.0' ],
1847 silly audit   '@typescript-eslint/typescript-estree': [ '8.55.0' ],
1847 silly audit   '@typescript-eslint/utils': [ '8.55.0' ],
1847 silly audit   '@typescript-eslint/scope-manager': [ '8.55.0' ],
1847 silly audit   '@typescript-eslint/type-utils': [ '8.55.0' ],
1847 silly audit   '@typescript-eslint/visitor-keys': [ '8.55.0' ],
1847 silly audit   'ts-api-utils': [ '2.4.0' ],
1847 silly audit   '@typescript-eslint/types': [ '8.55.0' ],
1847 silly audit   '@typescript-eslint/project-service': [ '8.55.0' ],
1847 silly audit   '@typescript-eslint/tsconfig-utils': [ '8.55.0' ],
1847 silly audit   escalade: [ '3.2.0' ],
1847 silly audit   punycode: [ '2.3.1' ],
1847 silly audit   esbuild: [ '0.27.3' ],
1847 silly audit   rollup: [ '4.57.1' ],
1847 silly audit   '@esbuild/aix-ppc64': [ '0.27.3' ],
1847 silly audit   '@esbuild/android-arm': [ '0.27.3' ],
1847 silly audit   '@esbuild/android-arm64': [ '0.27.3' ],
1847 silly audit   '@esbuild/android-x64': [ '0.27.3' ],
1847 silly audit   '@esbuild/darwin-arm64': [ '0.27.3' ],
1847 silly audit   '@esbuild/darwin-x64': [ '0.27.3' ],
1847 silly audit   '@esbuild/freebsd-arm64': [ '0.27.3' ],
1847 silly audit   '@esbuild/freebsd-x64': [ '0.27.3' ],
1847 silly audit   '@esbuild/linux-arm': [ '0.27.3' ],
1847 silly audit   '@esbuild/linux-arm64': [ '0.27.3' ],
1847 silly audit   '@esbuild/linux-ia32': [ '0.27.3' ],
1847 silly audit   '@esbuild/linux-loong64': [ '0.27.3' ],
1847 silly audit   '@esbuild/linux-mips64el': [ '0.27.3' ],
1847 silly audit   '@esbuild/linux-ppc64': [ '0.27.3' ],
1847 silly audit   '@esbuild/linux-riscv64': [ '0.27.3' ],
1847 silly audit   '@esbuild/linux-s390x': [ '0.27.3' ],
1847 silly audit   '@esbuild/linux-x64': [ '0.27.3' ],
1847 silly audit   '@esbuild/netbsd-arm64': [ '0.27.3' ],
1847 silly audit   '@esbuild/netbsd-x64': [ '0.27.3' ],
1847 silly audit   '@esbuild/openbsd-arm64': [ '0.27.3' ],
1847 silly audit   '@esbuild/openbsd-x64': [ '0.27.3' ],
1847 silly audit   '@esbuild/openharmony-arm64': [ '0.27.3' ],
1847 silly audit   '@esbuild/sunos-x64': [ '0.27.3' ],
1847 silly audit   '@esbuild/win32-arm64': [ '0.27.3' ],
1847 silly audit   '@esbuild/win32-ia32': [ '0.27.3' ],
1847 silly audit   '@esbuild/win32-x64': [ '0.27.3' ],
1847 silly audit   '@rollup/rollup-android-arm-eabi': [ '4.57.1' ],
1847 silly audit   '@rollup/rollup-android-arm64': [ '4.57.1' ],
1847 silly audit   '@rollup/rollup-darwin-arm64': [ '4.57.1' ],
1847 silly audit   '@rollup/rollup-darwin-x64': [ '4.57.1' ],
1847 silly audit   '@rollup/rollup-freebsd-arm64': [ '4.57.1' ],
1847 silly audit   '@rollup/rollup-freebsd-x64': [ '4.57.1' ],
1847 silly audit   '@rollup/rollup-linux-arm-gnueabihf': [ '4.57.1' ],
1847 silly audit   '@rollup/rollup-linux-arm-musleabihf': [ '4.57.1' ],
1847 silly audit   '@rollup/rollup-linux-arm64-gnu': [ '4.57.1' ],
1847 silly audit   '@rollup/rollup-linux-arm64-musl': [ '4.57.1' ],
1847 silly audit   '@rollup/rollup-linux-loong64-gnu': [ '4.57.1' ],
1847 silly audit   '@rollup/rollup-linux-loong64-musl': [ '4.57.1' ],
1847 silly audit   '@rollup/rollup-linux-ppc64-gnu': [ '4.57.1' ],
1847 silly audit   '@rollup/rollup-linux-ppc64-musl': [ '4.57.1' ],
1847 silly audit   '@rollup/rollup-linux-riscv64-gnu': [ '4.57.1' ],
1847 silly audit   '@rollup/rollup-linux-riscv64-musl': [ '4.57.1' ],
1847 silly audit   '@rollup/rollup-linux-s390x-gnu': [ '4.57.1' ],
1847 silly audit   '@rollup/rollup-linux-x64-gnu': [ '4.57.1' ],
1847 silly audit   '@rollup/rollup-linux-x64-musl': [ '4.57.1' ],
1847 silly audit   '@rollup/rollup-openbsd-x64': [ '4.57.1' ],
1847 silly audit   '@rollup/rollup-openharmony-arm64': [ '4.57.1' ],
1847 silly audit   '@rollup/rollup-win32-arm64-msvc': [ '4.57.1' ],
1847 silly audit   '@rollup/rollup-win32-ia32-msvc': [ '4.57.1' ],
1847 silly audit   '@rollup/rollup-win32-x64-gnu': [ '4.57.1' ],
1847 silly audit   '@rollup/rollup-win32-x64-msvc': [ '4.57.1' ],
1847 silly audit   isexe: [ '2.0.0' ]
1847 silly audit }
1848 http cache @rollup/rollup-win32-x64-msvc@https://registry.npmjs.org/@rollup/rollup-win32-x64-msvc/-/rollup-win32-x64-msvc-4.57.1.tgz 0ms (cache hit)
1849 http cache isexe@https://registry.npmjs.org/isexe/-/isexe-2.0.0.tgz 0ms (cache hit)
1850 http cache @esbuild/win32-x64@https://registry.npmjs.org/@esbuild/win32-x64/-/win32-x64-0.27.3.tgz 0ms (cache hit)
1851 http cache @rollup/rollup-win32-x64-gnu@https://registry.npmjs.org/@rollup/rollup-win32-x64-gnu/-/rollup-win32-x64-gnu-4.57.1.tgz 0ms (cache hit)
1852 http cache punycode@https://registry.npmjs.org/punycode/-/punycode-2.3.1.tgz 0ms (cache hit)
1853 http cache rollup@https://registry.npmjs.org/rollup/-/rollup-4.57.1.tgz 0ms (cache hit)
1854 http cache esbuild@https://registry.npmjs.org/esbuild/-/esbuild-0.27.3.tgz 0ms (cache hit)
1855 http cache escalade@https://registry.npmjs.org/escalade/-/escalade-3.2.0.tgz 0ms (cache hit)
1856 http cache @typescript-eslint/project-service@https://registry.npmjs.org/@typescript-eslint/project-service/-/project-service-8.55.0.tgz 0ms (cache hit)
1857 http cache @typescript-eslint/tsconfig-utils@https://registry.npmjs.org/@typescript-eslint/tsconfig-utils/-/tsconfig-utils-8.55.0.tgz 0ms (cache hit)
1858 http cache ts-api-utils@https://registry.npmjs.org/ts-api-utils/-/ts-api-utils-2.4.0.tgz 0ms (cache hit)
1859 http cache @typescript-eslint/types@https://registry.npmjs.org/@typescript-eslint/types/-/types-8.55.0.tgz 0ms (cache hit)
1860 http cache @typescript-eslint/type-utils@https://registry.npmjs.org/@typescript-eslint/type-utils/-/type-utils-8.55.0.tgz 0ms (cache hit)
1861 http cache @typescript-eslint/scope-manager@https://registry.npmjs.org/@typescript-eslint/scope-manager/-/scope-manager-8.55.0.tgz 0ms (cache hit)
1862 http cache @typescript-eslint/utils@https://registry.npmjs.org/@typescript-eslint/utils/-/utils-8.55.0.tgz 0ms (cache hit)
1863 http cache @typescript-eslint/visitor-keys@https://registry.npmjs.org/@typescript-eslint/visitor-keys/-/visitor-keys-8.55.0.tgz 0ms (cache hit)
1864 http cache @typescript-eslint/typescript-estree@https://registry.npmjs.org/@typescript-eslint/typescript-estree/-/typescript-estree-8.55.0.tgz 0ms (cache hit)
1865 http cache is-number@https://registry.npmjs.org/is-number/-/is-number-7.0.0.tgz 0ms (cache hit)
1866 http cache @typescript-eslint/eslint-plugin@https://registry.npmjs.org/@typescript-eslint/eslint-plugin/-/eslint-plugin-8.55.0.tgz 0ms (cache hit)
1867 http cache thenify-all@https://registry.npmjs.org/thenify-all/-/thenify-all-1.6.0.tgz 0ms (cache hit)
1868 http cache @typescript-eslint/parser@https://registry.npmjs.org/@typescript-eslint/parser/-/parser-8.55.0.tgz 0ms (cache hit)
1869 http cache thenify@https://registry.npmjs.org/thenify/-/thenify-3.3.1.tgz 0ms (cache hit)
1870 http cache any-promise@https://registry.npmjs.org/any-promise/-/any-promise-1.3.0.tgz 0ms (cache hit)
1871 http cache tinyglobby@https://registry.npmjs.org/tinyglobby/-/tinyglobby-0.2.15.tgz 0ms (cache hit)
1872 http cache pirates@https://registry.npmjs.org/pirates/-/pirates-4.0.7.tgz 0ms (cache hit)
1873 http cache ts-interface-checker@https://registry.npmjs.org/ts-interface-checker/-/ts-interface-checker-0.1.13.tgz 0ms (cache hit)
1874 http cache object-assign@https://registry.npmjs.org/object-assign/-/object-assign-4.1.1.tgz 0ms (cache hit)
1875 http cache lines-and-columns@https://registry.npmjs.org/lines-and-columns/-/lines-and-columns-1.2.4.tgz 0ms (cache hit)
1876 http cache mz@https://registry.npmjs.org/mz/-/mz-2.7.0.tgz 0ms (cache hit)
1877 http cache commander@https://registry.npmjs.org/commander/-/commander-4.1.1.tgz 0ms (cache hit)
1878 http cache queue-microtask@https://registry.npmjs.org/queue-microtask/-/queue-microtask-1.2.3.tgz 0ms (cache hit)
1879 http cache function-bind@https://registry.npmjs.org/function-bind/-/function-bind-1.1.2.tgz 0ms (cache hit)
1880 http cache path-parse@https://registry.npmjs.org/path-parse/-/path-parse-1.0.7.tgz 0ms (cache hit)
1881 http cache supports-preserve-symlinks-flag@https://registry.npmjs.org/supports-preserve-symlinks-flag/-/supports-preserve-symlinks-flag-1.0.0.tgz 0ms (cache hit)
1882 http cache is-core-module@https://registry.npmjs.org/is-core-module/-/is-core-module-2.16.1.tgz 0ms (cache hit)
1883 http cache hasown@https://registry.npmjs.org/hasown/-/hasown-2.0.2.tgz 0ms (cache hit)
1884 http cache pify@https://registry.npmjs.org/pify/-/pify-2.3.0.tgz 0ms (cache hit)
1885 http cache util-deprecate@https://registry.npmjs.org/util-deprecate/-/util-deprecate-1.0.2.tgz 0ms (cache hit)
1886 http cache read-cache@https://registry.npmjs.org/read-cache/-/read-cache-1.0.0.tgz 0ms (cache hit)
1887 http cache camelcase-css@https://registry.npmjs.org/camelcase-css/-/camelcase-css-2.0.1.tgz 0ms (cache hit)
1888 http cache cssesc@https://registry.npmjs.org/cssesc/-/cssesc-3.0.0.tgz 0ms (cache hit)
1889 http cache binary-extensions@https://registry.npmjs.org/binary-extensions/-/binary-extensions-2.3.0.tgz 0ms (cache hit)
1890 http cache fastq@https://registry.npmjs.org/fastq/-/fastq-1.20.1.tgz 0ms (cache hit)
1891 http cache to-regex-range@https://registry.npmjs.org/to-regex-range/-/to-regex-range-5.0.1.tgz 0ms (cache hit)
1892 http cache run-parallel@https://registry.npmjs.org/run-parallel/-/run-parallel-1.2.0.tgz 0ms (cache hit)
1893 http cache merge2@https://registry.npmjs.org/merge2/-/merge2-1.4.1.tgz 0ms (cache hit)
1894 http cache fill-range@https://registry.npmjs.org/fill-range/-/fill-range-7.1.1.tgz 0ms (cache hit)
1895 http cache reusify@https://registry.npmjs.org/reusify/-/reusify-1.1.0.tgz 0ms (cache hit)
1896 http cache @nodelib/fs.scandir@https://registry.npmjs.org/@nodelib/fs.scandir/-/fs.scandir-2.1.5.tgz 0ms (cache hit)
1897 http cache @nodelib/fs.walk@https://registry.npmjs.org/@nodelib/fs.walk/-/fs.walk-1.2.8.tgz 0ms (cache hit)
1898 http cache @nodelib/fs.stat@https://registry.npmjs.org/@nodelib/fs.stat/-/fs.stat-2.0.5.tgz 0ms (cache hit)
1899 http cache is-binary-path@https://registry.npmjs.org/is-binary-path/-/is-binary-path-2.1.0.tgz 0ms (cache hit)
1900 http cache readdirp@https://registry.npmjs.org/readdirp/-/readdirp-3.6.0.tgz 0ms (cache hit)
1901 http cache braces@https://registry.npmjs.org/braces/-/braces-3.0.3.tgz 0ms (cache hit)
1902 http cache anymatch@https://registry.npmjs.org/anymatch/-/anymatch-3.1.3.tgz 0ms (cache hit)
1903 http cache picomatch@https://registry.npmjs.org/picomatch/-/picomatch-2.3.1.tgz 0ms (cache hit)
1904 http cache postcss-selector-parser@https://registry.npmjs.org/postcss-selector-parser/-/postcss-selector-parser-6.1.2.tgz 0ms (cache hit)
1905 http cache postcss-nested@https://registry.npmjs.org/postcss-nested/-/postcss-nested-6.2.0.tgz 0ms (cache hit)
1906 http cache sucrase@https://registry.npmjs.org/sucrase/-/sucrase-3.35.1.tgz 0ms (cache hit)
1907 http cache resolve@https://registry.npmjs.org/resolve/-/resolve-1.22.11.tgz 0ms (cache hit)
1908 http cache postcss-import@https://registry.npmjs.org/postcss-import/-/postcss-import-15.1.0.tgz 0ms (cache hit)
1909 http cache object-hash@https://registry.npmjs.org/object-hash/-/object-hash-3.0.0.tgz 0ms (cache hit)
1910 http cache postcss-js@https://registry.npmjs.org/postcss-js/-/postcss-js-4.1.0.tgz 0ms (cache hit)
1911 http cache postcss-load-config@https://registry.npmjs.org/postcss-load-config/-/postcss-load-config-6.0.1.tgz 0ms (cache hit)
1912 http cache micromatch@https://registry.npmjs.org/micromatch/-/micromatch-4.0.8.tgz 0ms (cache hit)
1913 http cache lilconfig@https://registry.npmjs.org/lilconfig/-/lilconfig-3.1.3.tgz 0ms (cache hit)
1914 http cache dlv@https://registry.npmjs.org/dlv/-/dlv-1.1.3.tgz 0ms (cache hit)
1915 http cache fast-glob@https://registry.npmjs.org/fast-glob/-/fast-glob-3.3.3.tgz 0ms (cache hit)
1916 http cache normalize-path@https://registry.npmjs.org/normalize-path/-/normalize-path-3.0.0.tgz 0ms (cache hit)
1917 http cache chokidar@https://registry.npmjs.org/chokidar/-/chokidar-3.6.0.tgz 0ms (cache hit)
1918 http cache didyoumean@https://registry.npmjs.org/didyoumean/-/didyoumean-1.2.2.tgz 0ms (cache hit)
1919 http cache arg@https://registry.npmjs.org/arg/-/arg-5.0.2.tgz 0ms (cache hit)
1920 http cache shebang-regex@https://registry.npmjs.org/shebang-regex/-/shebang-regex-3.0.0.tgz 0ms (cache hit)
1921 http cache has-flag@https://registry.npmjs.org/has-flag/-/has-flag-4.0.0.tgz 0ms (cache hit)
1922 http cache clsx@https://registry.npmjs.org/clsx/-/clsx-2.1.1.tgz 0ms (cache hit)
1923 http cache set-cookie-parser@https://registry.npmjs.org/set-cookie-parser/-/set-cookie-parser-2.7.2.tgz 0ms (cache hit)
1924 http cache @alloc/quick-lru@https://registry.npmjs.org/@alloc/quick-lru/-/quick-lru-5.2.0.tgz 0ms (cache hit)
1925 http cache cookie@https://registry.npmjs.org/cookie/-/cookie-1.1.1.tgz 0ms (cache hit)
1926 http cache react-router@https://registry.npmjs.org/react-router/-/react-router-7.13.0.tgz 0ms (cache hit)
1927 http cache nanoid@https://registry.npmjs.org/nanoid/-/nanoid-3.3.11.tgz 0ms (cache hit)
1928 http cache callsites@https://registry.npmjs.org/callsites/-/callsites-3.1.0.tgz 0ms (cache hit)
1929 http cache yocto-queue@https://registry.npmjs.org/yocto-queue/-/yocto-queue-0.1.0.tgz 0ms (cache hit)
1930 http cache scheduler@https://registry.npmjs.org/scheduler/-/scheduler-0.27.0.tgz 0ms (cache hit)
1931 http cache p-limit@https://registry.npmjs.org/p-limit/-/p-limit-3.1.0.tgz 0ms (cache hit)
1932 http cache fast-levenshtein@https://registry.npmjs.org/fast-levenshtein/-/fast-levenshtein-2.0.6.tgz 0ms (cache hit)
1933 http cache word-wrap@https://registry.npmjs.org/word-wrap/-/word-wrap-1.2.5.tgz 0ms (cache hit)
1934 http cache deep-is@https://registry.npmjs.org/deep-is/-/deep-is-0.1.4.tgz 0ms (cache hit)
1935 http cache concat-map@https://registry.npmjs.org/concat-map/-/concat-map-0.0.1.tgz 0ms (cache hit)
1936 http cache balanced-match@https://registry.npmjs.org/balanced-match/-/balanced-match-1.0.2.tgz 0ms (cache hit)
1937 http cache yallist@https://registry.npmjs.org/yallist/-/yallist-3.1.1.tgz 0ms (cache hit)
1938 http cache brace-expansion@https://registry.npmjs.org/brace-expansion/-/brace-expansion-1.1.12.tgz 0ms (cache hit)
1939 http cache lightningcss-win32-x64-msvc@https://registry.npmjs.org/lightningcss-win32-x64-msvc/-/lightningcss-win32-x64-msvc-1.30.2.tgz 0ms (cache hit)
1940 http cache p-locate@https://registry.npmjs.org/p-locate/-/p-locate-5.0.0.tgz 0ms (cache hit)
1941 http cache detect-libc@https://registry.npmjs.org/detect-libc/-/detect-libc-2.1.2.tgz 0ms (cache hit)
1942 http cache prelude-ls@https://registry.npmjs.org/prelude-ls/-/prelude-ls-1.2.1.tgz 0ms (cache hit)
1943 http cache type-check@https://registry.npmjs.org/type-check/-/type-check-0.4.0.tgz 0ms (cache hit)
1944 http cache is-extglob@https://registry.npmjs.org/is-extglob/-/is-extglob-2.1.1.tgz 0ms (cache hit)
1945 http cache argparse@https://registry.npmjs.org/argparse/-/argparse-2.0.1.tgz 0ms (cache hit)
1946 http cache resolve-from@https://registry.npmjs.org/resolve-from/-/resolve-from-4.0.0.tgz 0ms (cache hit)
1947 http cache json-buffer@https://registry.npmjs.org/json-buffer/-/json-buffer-3.0.1.tgz 0ms (cache hit)
1948 http cache hermes-estree@https://registry.npmjs.org/hermes-estree/-/hermes-estree-0.25.1.tgz 0ms (cache hit)
1949 http cache parent-module@https://registry.npmjs.org/parent-module/-/parent-module-1.0.1.tgz 0ms (cache hit)
1950 http cache keyv@https://registry.npmjs.org/keyv/-/keyv-4.5.4.tgz 0ms (cache hit)
1951 http cache flatted@https://registry.npmjs.org/flatted/-/flatted-3.3.3.tgz 0ms (cache hit)
1952 http cache path-exists@https://registry.npmjs.org/path-exists/-/path-exists-4.0.0.tgz 0ms (cache hit)
1953 http cache locate-path@https://registry.npmjs.org/locate-path/-/locate-path-6.0.0.tgz 0ms (cache hit)
1954 http cache acorn@https://registry.npmjs.org/acorn/-/acorn-8.15.0.tgz 0ms (cache hit)
1955 http cache flat-cache@https://registry.npmjs.org/flat-cache/-/flat-cache-4.0.1.tgz 0ms (cache hit)
1956 http cache estraverse@https://registry.npmjs.org/estraverse/-/estraverse-5.3.0.tgz 0ms (cache hit)
1957 http cache acorn-jsx@https://registry.npmjs.org/acorn-jsx/-/acorn-jsx-5.3.2.tgz 0ms (cache hit)
1958 http cache esrecurse@https://registry.npmjs.org/esrecurse/-/esrecurse-4.3.0.tgz 0ms (cache hit)
1959 http cache zod-validation-error@https://registry.npmjs.org/zod-validation-error/-/zod-validation-error-4.0.2.tgz 0ms (cache hit)
1960 http cache which@https://registry.npmjs.org/which/-/which-2.0.2.tgz 0ms (cache hit)
1961 http cache hermes-parser@https://registry.npmjs.org/hermes-parser/-/hermes-parser-0.25.1.tgz 0ms (cache hit)
1962 http cache shebang-command@https://registry.npmjs.org/shebang-command/-/shebang-command-2.0.0.tgz 0ms (cache hit)
1963 http cache zod@https://registry.npmjs.org/zod/-/zod-4.3.6.tgz 0ms (cache hit)
1964 http cache color-name@https://registry.npmjs.org/color-name/-/color-name-1.1.4.tgz 0ms (cache hit)
1965 http cache path-key@https://registry.npmjs.org/path-key/-/path-key-3.1.1.tgz 0ms (cache hit)
1966 http cache supports-color@https://registry.npmjs.org/supports-color/-/supports-color-7.2.0.tgz 0ms (cache hit)
1967 http cache ansi-styles@https://registry.npmjs.org/ansi-styles/-/ansi-styles-4.3.0.tgz 0ms (cache hit)
1968 http cache @humanfs/core@https://registry.npmjs.org/@humanfs/core/-/core-0.19.1.tgz 0ms (cache hit)
1969 http cache json-schema-traverse@https://registry.npmjs.org/json-schema-traverse/-/json-schema-traverse-0.4.1.tgz 0ms (cache hit)
1970 http cache uri-js@https://registry.npmjs.org/uri-js/-/uri-js-4.4.1.tgz 0ms (cache hit)
1971 http cache color-convert@https://registry.npmjs.org/color-convert/-/color-convert-2.0.1.tgz 0ms (cache hit)
1972 http cache fast-json-stable-stringify@https://registry.npmjs.org/fast-json-stable-stringify/-/fast-json-stable-stringify-2.1.0.tgz 0ms (cache hit)
1973 http cache strip-json-comments@https://registry.npmjs.org/strip-json-comments/-/strip-json-comments-3.1.1.tgz 0ms (cache hit)
1974 http cache levn@https://registry.npmjs.org/levn/-/levn-0.4.1.tgz 0ms (cache hit)
1975 http cache js-yaml@https://registry.npmjs.org/js-yaml/-/js-yaml-4.1.1.tgz 0ms (cache hit)
1976 http cache @types/json-schema@https://registry.npmjs.org/@types/json-schema/-/json-schema-7.0.15.tgz 0ms (cache hit)
1977 http cache @eslint/object-schema@https://registry.npmjs.org/@eslint/object-schema/-/object-schema-2.1.7.tgz 0ms (cache hit)
1978 http cache optionator@https://registry.npmjs.org/optionator/-/optionator-0.9.4.tgz 0ms (cache hit)
1979 http cache import-fresh@https://registry.npmjs.org/import-fresh/-/import-fresh-3.3.1.tgz 0ms (cache hit)
1980 http cache natural-compare@https://registry.npmjs.org/natural-compare/-/natural-compare-1.4.0.tgz 0ms (cache hit)
1981 http cache minimatch@https://registry.npmjs.org/minimatch/-/minimatch-3.1.2.tgz 0ms (cache hit)
1982 http cache lodash.merge@https://registry.npmjs.org/lodash.merge/-/lodash.merge-4.6.2.tgz 0ms (cache hit)
1983 http cache is-glob@https://registry.npmjs.org/is-glob/-/is-glob-4.0.3.tgz 0ms (cache hit)
1984 http cache json-stable-stringify-without-jsonify@https://registry.npmjs.org/json-stable-stringify-without-jsonify/-/json-stable-stringify-without-jsonify-1.0.1.tgz 0ms (cache hit)
1985 http cache ignore@https://registry.npmjs.org/ignore/-/ignore-5.3.2.tgz 0ms (cache hit)
1986 http cache imurmurhash@https://registry.npmjs.org/imurmurhash/-/imurmurhash-0.1.4.tgz 0ms (cache hit)
1987 http cache glob-parent@https://registry.npmjs.org/glob-parent/-/glob-parent-6.0.2.tgz 0ms (cache hit)
1988 http cache fast-deep-equal@https://registry.npmjs.org/fast-deep-equal/-/fast-deep-equal-3.1.3.tgz 0ms (cache hit)
1989 http cache find-up@https://registry.npmjs.org/find-up/-/find-up-5.0.0.tgz 0ms (cache hit)
1990 http cache file-entry-cache@https://registry.npmjs.org/file-entry-cache/-/file-entry-cache-8.0.0.tgz 0ms (cache hit)
1991 http cache esutils@https://registry.npmjs.org/esutils/-/esutils-2.0.3.tgz 0ms (cache hit)
1992 http cache esquery@https://registry.npmjs.org/esquery/-/esquery-1.7.0.tgz 0ms (cache hit)
1993 http cache espree@https://registry.npmjs.org/espree/-/espree-10.4.0.tgz 0ms (cache hit)
1994 http cache eslint-visitor-keys@https://registry.npmjs.org/eslint-visitor-keys/-/eslint-visitor-keys-4.2.1.tgz 0ms (cache hit)
1995 http cache eslint-scope@https://registry.npmjs.org/eslint-scope/-/eslint-scope-8.4.0.tgz 0ms (cache hit)
1996 http cache escape-string-regexp@https://registry.npmjs.org/escape-string-regexp/-/escape-string-regexp-4.0.0.tgz 0ms (cache hit)
1997 http cache ajv@https://registry.npmjs.org/ajv/-/ajv-6.12.6.tgz 0ms (cache hit)
1998 http cache @types/estree@https://registry.npmjs.org/@types/estree/-/estree-1.0.8.tgz 0ms (cache hit)
1999 http cache chalk@https://registry.npmjs.org/chalk/-/chalk-4.1.2.tgz 0ms (cache hit)
2000 http cache cross-spawn@https://registry.npmjs.org/cross-spawn/-/cross-spawn-7.0.6.tgz 0ms (cache hit)
2001 http cache @humanwhocodes/retry@https://registry.npmjs.org/@humanwhocodes/retry/-/retry-0.4.3.tgz 0ms (cache hit)
2002 http cache @eslint/plugin-kit@https://registry.npmjs.org/@eslint/plugin-kit/-/plugin-kit-0.4.1.tgz 0ms (cache hit)
2003 http cache @humanfs/node@https://registry.npmjs.org/@humanfs/node/-/node-0.16.7.tgz 0ms (cache hit)
2004 http cache @eslint/eslintrc@https://registry.npmjs.org/@eslint/eslintrc/-/eslintrc-3.3.3.tgz 0ms (cache hit)
2005 http cache @humanwhocodes/module-importer@https://registry.npmjs.org/@humanwhocodes/module-importer/-/module-importer-1.0.1.tgz 0ms (cache hit)
2006 http cache @eslint/core@https://registry.npmjs.org/@eslint/core/-/core-0.17.0.tgz 0ms (cache hit)
2007 http cache @eslint/config-array@https://registry.npmjs.org/@eslint/config-array/-/config-array-0.21.1.tgz 0ms (cache hit)
2008 http cache tapable@https://registry.npmjs.org/tapable/-/tapable-2.3.0.tgz 0ms (cache hit)
2009 http cache @eslint-community/regexpp@https://registry.npmjs.org/@eslint-community/regexpp/-/regexpp-4.12.2.tgz 0ms (cache hit)
2010 http cache @eslint/config-helpers@https://registry.npmjs.org/@eslint/config-helpers/-/config-helpers-0.4.2.tgz 0ms (cache hit)
2011 http cache @eslint-community/eslint-utils@https://registry.npmjs.org/@eslint-community/eslint-utils/-/eslint-utils-4.9.1.tgz 0ms (cache hit)
2012 http cache graceful-fs@https://registry.npmjs.org/graceful-fs/-/graceful-fs-4.2.11.tgz 0ms (cache hit)
2013 http cache electron-to-chromium@https://registry.npmjs.org/electron-to-chromium/-/electron-to-chromium-1.5.286.tgz 0ms (cache hit)
2014 http cache node-releases@https://registry.npmjs.org/node-releases/-/node-releases-2.0.27.tgz 0ms (cache hit)
2015 http cache update-browserslist-db@https://registry.npmjs.org/update-browserslist-db/-/update-browserslist-db-1.2.3.tgz 0ms (cache hit)
2016 http cache ms@https://registry.npmjs.org/ms/-/ms-2.1.3.tgz 0ms (cache hit)
2017 http cache baseline-browser-mapping@https://registry.npmjs.org/baseline-browser-mapping/-/baseline-browser-mapping-2.9.19.tgz 0ms (cache hit)
2018 http cache fraction.js@https://registry.npmjs.org/fraction.js/-/fraction.js-5.3.4.tgz 0ms (cache hit)
2019 http cache postcss-value-parser@https://registry.npmjs.org/postcss-value-parser/-/postcss-value-parser-4.2.0.tgz 0ms (cache hit)
2020 http cache @types/babel__traverse@https://registry.npmjs.org/@types/babel__traverse/-/babel__traverse-7.28.0.tgz 0ms (cache hit)
2021 http cache caniuse-lite@https://registry.npmjs.org/caniuse-lite/-/caniuse-lite-1.0.30001769.tgz 0ms (cache hit)
2022 http cache @types/babel__template@https://registry.npmjs.org/@types/babel__template/-/babel__template-7.4.4.tgz 0ms (cache hit)
2023 http cache @types/babel__generator@https://registry.npmjs.org/@types/babel__generator/-/babel__generator-7.27.0.tgz 0ms (cache hit)
2024 http cache @babel/helper-globals@https://registry.npmjs.org/@babel/helper-globals/-/helper-globals-7.28.0.tgz 0ms (cache hit)
2025 http cache lru-cache@https://registry.npmjs.org/lru-cache/-/lru-cache-5.1.1.tgz 0ms (cache hit)
2026 http cache browserslist@https://registry.npmjs.org/browserslist/-/browserslist-4.28.1.tgz 0ms (cache hit)
2027 http cache @babel/helper-plugin-utils@https://registry.npmjs.org/@babel/helper-plugin-utils/-/helper-plugin-utils-7.28.6.tgz 0ms (cache hit)
2028 http cache @babel/helper-module-imports@https://registry.npmjs.org/@babel/helper-module-imports/-/helper-module-imports-7.28.6.tgz 0ms (cache hit)
2029 http cache @babel/helper-validator-option@https://registry.npmjs.org/@babel/helper-validator-option/-/helper-validator-option-7.27.1.tgz 0ms (cache hit)
2030 http cache @babel/compat-data@https://registry.npmjs.org/@babel/compat-data/-/compat-data-7.29.0.tgz 0ms (cache hit)
2031 http cache jsesc@https://registry.npmjs.org/jsesc/-/jsesc-3.1.0.tgz 0ms (cache hit)
2032 http cache picocolors@https://registry.npmjs.org/picocolors/-/picocolors-1.1.1.tgz 0ms (cache hit)
2033 http cache @babel/helper-string-parser@https://registry.npmjs.org/@babel/helper-string-parser/-/helper-string-parser-7.27.1.tgz 0ms (cache hit)
2034 http cache @babel/helper-validator-identifier@https://registry.npmjs.org/@babel/helper-validator-identifier/-/helper-validator-identifier-7.28.5.tgz 0ms (cache hit)
2035 http cache js-tokens@https://registry.npmjs.org/js-tokens/-/js-tokens-4.0.0.tgz 0ms (cache hit)
2036 http cache semver@https://registry.npmjs.org/semver/-/semver-6.3.1.tgz 0ms (cache hit)
2037 http cache gensync@https://registry.npmjs.org/gensync/-/gensync-1.0.0-beta.2.tgz 0ms (cache hit)
2038 http cache @babel/types@https://registry.npmjs.org/@babel/types/-/types-7.29.0.tgz 0ms (cache hit)
2039 http cache debug@https://registry.npmjs.org/debug/-/debug-4.4.3.tgz 0ms (cache hit)
2040 http cache convert-source-map@https://registry.npmjs.org/convert-source-map/-/convert-source-map-2.0.0.tgz 0ms (cache hit)
2041 http cache json5@https://registry.npmjs.org/json5/-/json5-2.2.3.tgz 0ms (cache hit)
2042 http cache @babel/traverse@https://registry.npmjs.org/@babel/traverse/-/traverse-7.29.0.tgz 0ms (cache hit)
2043 http cache @babel/template@https://registry.npmjs.org/@babel/template/-/template-7.28.6.tgz 0ms (cache hit)
2044 http cache @babel/helpers@https://registry.npmjs.org/@babel/helpers/-/helpers-7.28.6.tgz 0ms (cache hit)
2045 http cache @babel/parser@https://registry.npmjs.org/@babel/parser/-/parser-7.29.0.tgz 0ms (cache hit)
2046 http cache @babel/helper-module-transforms@https://registry.npmjs.org/@babel/helper-module-transforms/-/helper-module-transforms-7.28.6.tgz 0ms (cache hit)
2047 http cache @babel/code-frame@https://registry.npmjs.org/@babel/code-frame/-/code-frame-7.29.0.tgz 0ms (cache hit)
2048 http cache @babel/helper-compilation-targets@https://registry.npmjs.org/@babel/helper-compilation-targets/-/helper-compilation-targets-7.28.6.tgz 0ms (cache hit)
2049 http cache @babel/generator@https://registry.npmjs.org/@babel/generator/-/generator-7.29.1.tgz 0ms (cache hit)
2050 http cache @types/babel__core@https://registry.npmjs.org/@types/babel__core/-/babel__core-7.20.5.tgz 0ms (cache hit)
2051 http cache react-refresh@https://registry.npmjs.org/react-refresh/-/react-refresh-0.18.0.tgz 0ms (cache hit)
2052 http cache csstype@https://registry.npmjs.org/csstype/-/csstype-3.2.3.tgz 0ms (cache hit)
2053 http cache @babel/plugin-transform-react-jsx-source@https://registry.npmjs.org/@babel/plugin-transform-react-jsx-source/-/plugin-transform-react-jsx-source-7.27.1.tgz 0ms (cache hit)
2054 http cache @rolldown/pluginutils@https://registry.npmjs.org/@rolldown/pluginutils/-/pluginutils-1.0.0-rc.3.tgz 0ms (cache hit)
2055 http cache @babel/plugin-transform-react-jsx-self@https://registry.npmjs.org/@babel/plugin-transform-react-jsx-self/-/plugin-transform-react-jsx-self-7.27.1.tgz 0ms (cache hit)
2056 http cache @babel/core@https://registry.npmjs.org/@babel/core/-/core-7.29.0.tgz 0ms (cache hit)
2057 http cache undici-types@https://registry.npmjs.org/undici-types/-/undici-types-7.16.0.tgz 0ms (cache hit)
2058 http cache @tailwindcss/oxide-win32-x64-msvc@https://registry.npmjs.org/@tailwindcss/oxide-win32-x64-msvc/-/oxide-win32-x64-msvc-4.1.18.tgz 0ms (cache hit)
2059 http cache @jridgewell/sourcemap-codec@https://registry.npmjs.org/@jridgewell/sourcemap-codec/-/sourcemap-codec-1.5.5.tgz 0ms (cache hit)
2060 http cache source-map-js@https://registry.npmjs.org/source-map-js/-/source-map-js-1.2.1.tgz 0ms (cache hit)
2061 http cache @jridgewell/gen-mapping@https://registry.npmjs.org/@jridgewell/gen-mapping/-/gen-mapping-0.3.13.tgz 0ms (cache hit)
2062 http cache @jridgewell/trace-mapping@https://registry.npmjs.org/@jridgewell/trace-mapping/-/trace-mapping-0.3.31.tgz 0ms (cache hit)
2063 http cache magic-string@https://registry.npmjs.org/magic-string/-/magic-string-0.30.21.tgz 0ms (cache hit)
2064 http cache @jridgewell/resolve-uri@https://registry.npmjs.org/@jridgewell/resolve-uri/-/resolve-uri-3.1.2.tgz 0ms (cache hit)
2065 http cache lightningcss@https://registry.npmjs.org/lightningcss/-/lightningcss-1.30.2.tgz 0ms (cache hit)
2066 http cache enhanced-resolve@https://registry.npmjs.org/enhanced-resolve/-/enhanced-resolve-5.19.0.tgz 0ms (cache hit)
2067 http cache jiti@https://registry.npmjs.org/jiti/-/jiti-2.6.1.tgz 0ms (cache hit)
2068 http cache @tailwindcss/oxide@https://registry.npmjs.org/@tailwindcss/oxide/-/oxide-4.1.18.tgz 0ms (cache hit)
2069 http cache @tailwindcss/node@https://registry.npmjs.org/@tailwindcss/node/-/node-4.1.18.tgz 0ms (cache hit)
2070 http cache @jridgewell/remapping@https://registry.npmjs.org/@jridgewell/remapping/-/remapping-2.3.5.tgz 0ms (cache hit)
2071 http cache typescript@https://registry.npmjs.org/typescript/-/typescript-5.9.3.tgz 0ms (cache hit)
2072 http cache typescript-eslint@https://registry.npmjs.org/typescript-eslint/-/typescript-eslint-8.55.0.tgz 0ms (cache hit)
2073 http cache tailwindcss@https://registry.npmjs.org/tailwindcss/-/tailwindcss-3.4.19.tgz 0ms (cache hit)
2074 http cache react-router-dom@https://registry.npmjs.org/react-router-dom/-/react-router-dom-7.13.0.tgz 0ms (cache hit)
2075 http cache react-toastify@https://registry.npmjs.org/react-toastify/-/react-toastify-11.0.5.tgz 0ms (cache hit)
2076 http cache react-dom@https://registry.npmjs.org/react-dom/-/react-dom-19.2.4.tgz 0ms (cache hit)
2077 http cache react-icons@https://registry.npmjs.org/react-icons/-/react-icons-5.5.0.tgz 0ms (cache hit)
2078 http cache react@https://registry.npmjs.org/react/-/react-19.2.4.tgz 0ms (cache hit)
2079 http cache globals@https://registry.npmjs.org/globals/-/globals-16.5.0.tgz 0ms (cache hit)
2080 http cache postcss@https://registry.npmjs.org/postcss/-/postcss-8.5.6.tgz 0ms (cache hit)
2081 http cache eslint-plugin-react-refresh@https://registry.npmjs.org/eslint-plugin-react-refresh/-/eslint-plugin-react-refresh-0.4.26.tgz 0ms (cache hit)
2082 http cache eslint@https://registry.npmjs.org/eslint/-/eslint-9.39.2.tgz 0ms (cache hit)
2083 http cache eslint-plugin-react-hooks@https://registry.npmjs.org/eslint-plugin-react-hooks/-/eslint-plugin-react-hooks-7.0.1.tgz 0ms (cache hit)
2084 http cache autoprefixer@https://registry.npmjs.org/autoprefixer/-/autoprefixer-10.4.24.tgz 0ms (cache hit)
2085 http cache @types/react-dom@https://registry.npmjs.org/@types/react-dom/-/react-dom-19.2.3.tgz 0ms (cache hit)
2086 http cache @vitejs/plugin-react@https://registry.npmjs.org/@vitejs/plugin-react/-/plugin-react-5.1.4.tgz 0ms (cache hit)
2087 http cache vite@https://registry.npmjs.org/vite/-/vite-7.3.1.tgz 0ms (cache hit)
2088 http cache @tailwindcss/vite@https://registry.npmjs.org/@tailwindcss/vite/-/vite-4.1.18.tgz 0ms (cache hit)
2089 http cache @eslint/js@https://registry.npmjs.org/@eslint/js/-/js-9.39.2.tgz 0ms (cache hit)
2090 http cache @types/react@https://registry.npmjs.org/@types/react/-/react-19.2.14.tgz 0ms (cache hit)
2091 http cache @types/node@https://registry.npmjs.org/@types/node/-/node-24.10.13.tgz 0ms (cache hit)
2092 http cache picomatch@https://registry.npmjs.org/picomatch/-/picomatch-4.0.3.tgz 0ms (cache hit)
2093 http cache fdir@https://registry.npmjs.org/fdir/-/fdir-6.5.0.tgz 0ms (cache hit)
2094 http cache ignore@https://registry.npmjs.org/ignore/-/ignore-7.0.5.tgz 0ms (cache hit)
2095 http cache minimatch@https://registry.npmjs.org/minimatch/-/minimatch-9.0.5.tgz 0ms (cache hit)
2096 http cache brace-expansion@https://registry.npmjs.org/brace-expansion/-/brace-expansion-2.0.2.tgz 0ms (cache hit)
2097 http cache glob-parent@https://registry.npmjs.org/glob-parent/-/glob-parent-5.1.2.tgz 0ms (cache hit)
2098 http cache globals@https://registry.npmjs.org/globals/-/globals-14.0.0.tgz 0ms (cache hit)
2099 http cache semver@https://registry.npmjs.org/semver/-/semver-7.7.4.tgz 0ms (cache hit)
2100 http cache glob-parent@https://registry.npmjs.org/glob-parent/-/glob-parent-5.1.2.tgz 0ms (cache hit)
2101 http cache jiti@https://registry.npmjs.org/jiti/-/jiti-1.21.7.tgz 0ms (cache hit)
2102 http cache eslint-visitor-keys@https://registry.npmjs.org/eslint-visitor-keys/-/eslint-visitor-keys-3.4.3.tgz 0ms (cache hit)
2103 http cache tailwindcss@https://registry.npmjs.org/tailwindcss/-/tailwindcss-4.1.18.tgz 0ms (cache hit)
2104 http cache tailwindcss@https://registry.npmjs.org/tailwindcss/-/tailwindcss-4.1.18.tgz 0ms (cache hit)
2105 silly tarball no local data for @rollup/rollup-win32-x64-msvc@https://registry.npmjs.org/@rollup/rollup-win32-x64-msvc/-/rollup-win32-x64-msvc-4.57.1.tgz. Extracting by manifest.
2106 http cache picomatch@https://registry.npmjs.org/picomatch/-/picomatch-4.0.3.tgz 0ms (cache hit)
2107 silly tarball no local data for isexe@https://registry.npmjs.org/isexe/-/isexe-2.0.0.tgz. Extracting by manifest.
2108 silly tarball no local data for @esbuild/win32-x64@https://registry.npmjs.org/@esbuild/win32-x64/-/win32-x64-0.27.3.tgz. Extracting by manifest.
2109 silly tarball no local data for @rollup/rollup-win32-x64-gnu@https://registry.npmjs.org/@rollup/rollup-win32-x64-gnu/-/rollup-win32-x64-gnu-4.57.1.tgz. Extracting by manifest.
2110 silly tarball no local data for punycode@https://registry.npmjs.org/punycode/-/punycode-2.3.1.tgz. Extracting by manifest.
2111 silly tarball no local data for rollup@https://registry.npmjs.org/rollup/-/rollup-4.57.1.tgz. Extracting by manifest.
2112 http cache fdir@https://registry.npmjs.org/fdir/-/fdir-6.5.0.tgz 0ms (cache hit)
2113 silly tarball no local data for esbuild@https://registry.npmjs.org/esbuild/-/esbuild-0.27.3.tgz. Extracting by manifest.
2114 silly tarball no local data for escalade@https://registry.npmjs.org/escalade/-/escalade-3.2.0.tgz. Extracting by manifest.
2115 silly tarball no local data for @typescript-eslint/project-service@https://registry.npmjs.org/@typescript-eslint/project-service/-/project-service-8.55.0.tgz. Extracting by manifest.
2116 silly tarball no local data for @typescript-eslint/tsconfig-utils@https://registry.npmjs.org/@typescript-eslint/tsconfig-utils/-/tsconfig-utils-8.55.0.tgz. Extracting by manifest.
2117 silly tarball no local data for ts-api-utils@https://registry.npmjs.org/ts-api-utils/-/ts-api-utils-2.4.0.tgz. Extracting by manifest.
2118 silly tarball no local data for @typescript-eslint/types@https://registry.npmjs.org/@typescript-eslint/types/-/types-8.55.0.tgz. Extracting by manifest.
2119 silly tarball no local data for @typescript-eslint/type-utils@https://registry.npmjs.org/@typescript-eslint/type-utils/-/type-utils-8.55.0.tgz. Extracting by manifest.
2120 silly tarball no local data for @typescript-eslint/scope-manager@https://registry.npmjs.org/@typescript-eslint/scope-manager/-/scope-manager-8.55.0.tgz. Extracting by manifest.
2121 silly tarball no local data for @typescript-eslint/utils@https://registry.npmjs.org/@typescript-eslint/utils/-/utils-8.55.0.tgz. Extracting by manifest.
2122 silly tarball no local data for @typescript-eslint/visitor-keys@https://registry.npmjs.org/@typescript-eslint/visitor-keys/-/visitor-keys-8.55.0.tgz. Extracting by manifest.
2123 silly tarball no local data for @typescript-eslint/typescript-estree@https://registry.npmjs.org/@typescript-eslint/typescript-estree/-/typescript-estree-8.55.0.tgz. Extracting by manifest.
2124 silly tarball no local data for is-number@https://registry.npmjs.org/is-number/-/is-number-7.0.0.tgz. Extracting by manifest.
2125 silly tarball no local data for @typescript-eslint/eslint-plugin@https://registry.npmjs.org/@typescript-eslint/eslint-plugin/-/eslint-plugin-8.55.0.tgz. Extracting by manifest.
2126 silly tarball no local data for thenify-all@https://registry.npmjs.org/thenify-all/-/thenify-all-1.6.0.tgz. Extracting by manifest.
2127 silly tarball no local data for @typescript-eslint/parser@https://registry.npmjs.org/@typescript-eslint/parser/-/parser-8.55.0.tgz. Extracting by manifest.
2128 silly tarball no local data for thenify@https://registry.npmjs.org/thenify/-/thenify-3.3.1.tgz. Extracting by manifest.
2129 silly tarball no local data for any-promise@https://registry.npmjs.org/any-promise/-/any-promise-1.3.0.tgz. Extracting by manifest.
2130 silly tarball no local data for tinyglobby@https://registry.npmjs.org/tinyglobby/-/tinyglobby-0.2.15.tgz. Extracting by manifest.
2131 silly tarball no local data for pirates@https://registry.npmjs.org/pirates/-/pirates-4.0.7.tgz. Extracting by manifest.
2132 silly tarball no local data for ts-interface-checker@https://registry.npmjs.org/ts-interface-checker/-/ts-interface-checker-0.1.13.tgz. Extracting by manifest.
2133 silly tarball no local data for object-assign@https://registry.npmjs.org/object-assign/-/object-assign-4.1.1.tgz. Extracting by manifest.
2134 silly tarball no local data for lines-and-columns@https://registry.npmjs.org/lines-and-columns/-/lines-and-columns-1.2.4.tgz. Extracting by manifest.
2135 silly tarball no local data for mz@https://registry.npmjs.org/mz/-/mz-2.7.0.tgz. Extracting by manifest.
2136 silly tarball no local data for commander@https://registry.npmjs.org/commander/-/commander-4.1.1.tgz. Extracting by manifest.
2137 silly tarball no local data for queue-microtask@https://registry.npmjs.org/queue-microtask/-/queue-microtask-1.2.3.tgz. Extracting by manifest.
2138 silly tarball no local data for function-bind@https://registry.npmjs.org/function-bind/-/function-bind-1.1.2.tgz. Extracting by manifest.
2139 silly tarball no local data for path-parse@https://registry.npmjs.org/path-parse/-/path-parse-1.0.7.tgz. Extracting by manifest.
2140 silly tarball no local data for supports-preserve-symlinks-flag@https://registry.npmjs.org/supports-preserve-symlinks-flag/-/supports-preserve-symlinks-flag-1.0.0.tgz. Extracting by manifest.
2141 silly tarball no local data for is-core-module@https://registry.npmjs.org/is-core-module/-/is-core-module-2.16.1.tgz. Extracting by manifest.
2142 silly tarball no local data for hasown@https://registry.npmjs.org/hasown/-/hasown-2.0.2.tgz. Extracting by manifest.
2143 silly tarball no local data for pify@https://registry.npmjs.org/pify/-/pify-2.3.0.tgz. Extracting by manifest.
2144 silly tarball no local data for util-deprecate@https://registry.npmjs.org/util-deprecate/-/util-deprecate-1.0.2.tgz. Extracting by manifest.
2145 silly tarball no local data for read-cache@https://registry.npmjs.org/read-cache/-/read-cache-1.0.0.tgz. Extracting by manifest.
2146 silly tarball no local data for camelcase-css@https://registry.npmjs.org/camelcase-css/-/camelcase-css-2.0.1.tgz. Extracting by manifest.
2147 silly tarball no local data for cssesc@https://registry.npmjs.org/cssesc/-/cssesc-3.0.0.tgz. Extracting by manifest.
2148 silly tarball no local data for binary-extensions@https://registry.npmjs.org/binary-extensions/-/binary-extensions-2.3.0.tgz. Extracting by manifest.
2149 silly tarball no local data for fastq@https://registry.npmjs.org/fastq/-/fastq-1.20.1.tgz. Extracting by manifest.
2150 silly tarball no local data for to-regex-range@https://registry.npmjs.org/to-regex-range/-/to-regex-range-5.0.1.tgz. Extracting by manifest.
2151 silly tarball no local data for run-parallel@https://registry.npmjs.org/run-parallel/-/run-parallel-1.2.0.tgz. Extracting by manifest.
2152 silly tarball no local data for merge2@https://registry.npmjs.org/merge2/-/merge2-1.4.1.tgz. Extracting by manifest.
2153 silly tarball no local data for fill-range@https://registry.npmjs.org/fill-range/-/fill-range-7.1.1.tgz. Extracting by manifest.
2154 silly tarball no local data for reusify@https://registry.npmjs.org/reusify/-/reusify-1.1.0.tgz. Extracting by manifest.
2155 silly tarball no local data for @nodelib/fs.scandir@https://registry.npmjs.org/@nodelib/fs.scandir/-/fs.scandir-2.1.5.tgz. Extracting by manifest.
2156 silly tarball no local data for @nodelib/fs.walk@https://registry.npmjs.org/@nodelib/fs.walk/-/fs.walk-1.2.8.tgz. Extracting by manifest.
2157 silly tarball no local data for @nodelib/fs.stat@https://registry.npmjs.org/@nodelib/fs.stat/-/fs.stat-2.0.5.tgz. Extracting by manifest.
2158 silly tarball no local data for is-binary-path@https://registry.npmjs.org/is-binary-path/-/is-binary-path-2.1.0.tgz. Extracting by manifest.
2159 silly tarball no local data for readdirp@https://registry.npmjs.org/readdirp/-/readdirp-3.6.0.tgz. Extracting by manifest.
2160 silly tarball no local data for braces@https://registry.npmjs.org/braces/-/braces-3.0.3.tgz. Extracting by manifest.
2161 silly tarball no local data for anymatch@https://registry.npmjs.org/anymatch/-/anymatch-3.1.3.tgz. Extracting by manifest.
2162 silly tarball no local data for picomatch@https://registry.npmjs.org/picomatch/-/picomatch-2.3.1.tgz. Extracting by manifest.
2163 silly tarball no local data for postcss-selector-parser@https://registry.npmjs.org/postcss-selector-parser/-/postcss-selector-parser-6.1.2.tgz. Extracting by manifest.
2164 silly tarball no local data for postcss-nested@https://registry.npmjs.org/postcss-nested/-/postcss-nested-6.2.0.tgz. Extracting by manifest.
2165 silly tarball no local data for sucrase@https://registry.npmjs.org/sucrase/-/sucrase-3.35.1.tgz. Extracting by manifest.
2166 silly tarball no local data for resolve@https://registry.npmjs.org/resolve/-/resolve-1.22.11.tgz. Extracting by manifest.
2167 silly tarball no local data for postcss-import@https://registry.npmjs.org/postcss-import/-/postcss-import-15.1.0.tgz. Extracting by manifest.
2168 silly tarball no local data for object-hash@https://registry.npmjs.org/object-hash/-/object-hash-3.0.0.tgz. Extracting by manifest.
2169 silly tarball no local data for postcss-js@https://registry.npmjs.org/postcss-js/-/postcss-js-4.1.0.tgz. Extracting by manifest.
2170 silly tarball no local data for postcss-load-config@https://registry.npmjs.org/postcss-load-config/-/postcss-load-config-6.0.1.tgz. Extracting by manifest.
2171 silly tarball no local data for micromatch@https://registry.npmjs.org/micromatch/-/micromatch-4.0.8.tgz. Extracting by manifest.
2172 silly tarball no local data for lilconfig@https://registry.npmjs.org/lilconfig/-/lilconfig-3.1.3.tgz. Extracting by manifest.
2173 silly tarball no local data for dlv@https://registry.npmjs.org/dlv/-/dlv-1.1.3.tgz. Extracting by manifest.
2174 silly tarball no local data for fast-glob@https://registry.npmjs.org/fast-glob/-/fast-glob-3.3.3.tgz. Extracting by manifest.
2175 silly tarball no local data for normalize-path@https://registry.npmjs.org/normalize-path/-/normalize-path-3.0.0.tgz. Extracting by manifest.
2176 silly tarball no local data for chokidar@https://registry.npmjs.org/chokidar/-/chokidar-3.6.0.tgz. Extracting by manifest.
2177 silly tarball no local data for didyoumean@https://registry.npmjs.org/didyoumean/-/didyoumean-1.2.2.tgz. Extracting by manifest.
2178 silly tarball no local data for arg@https://registry.npmjs.org/arg/-/arg-5.0.2.tgz. Extracting by manifest.
2179 silly tarball no local data for shebang-regex@https://registry.npmjs.org/shebang-regex/-/shebang-regex-3.0.0.tgz. Extracting by manifest.
2180 silly tarball no local data for has-flag@https://registry.npmjs.org/has-flag/-/has-flag-4.0.0.tgz. Extracting by manifest.
2181 silly tarball no local data for clsx@https://registry.npmjs.org/clsx/-/clsx-2.1.1.tgz. Extracting by manifest.
2182 silly tarball no local data for set-cookie-parser@https://registry.npmjs.org/set-cookie-parser/-/set-cookie-parser-2.7.2.tgz. Extracting by manifest.
2183 silly tarball no local data for @alloc/quick-lru@https://registry.npmjs.org/@alloc/quick-lru/-/quick-lru-5.2.0.tgz. Extracting by manifest.
2184 silly tarball no local data for cookie@https://registry.npmjs.org/cookie/-/cookie-1.1.1.tgz. Extracting by manifest.
2185 silly tarball no local data for react-router@https://registry.npmjs.org/react-router/-/react-router-7.13.0.tgz. Extracting by manifest.
2186 silly tarball no local data for nanoid@https://registry.npmjs.org/nanoid/-/nanoid-3.3.11.tgz. Extracting by manifest.
2187 silly tarball no local data for callsites@https://registry.npmjs.org/callsites/-/callsites-3.1.0.tgz. Extracting by manifest.
2188 silly tarball no local data for yocto-queue@https://registry.npmjs.org/yocto-queue/-/yocto-queue-0.1.0.tgz. Extracting by manifest.
2189 silly tarball no local data for scheduler@https://registry.npmjs.org/scheduler/-/scheduler-0.27.0.tgz. Extracting by manifest.
2190 silly tarball no local data for p-limit@https://registry.npmjs.org/p-limit/-/p-limit-3.1.0.tgz. Extracting by manifest.
2191 silly tarball no local data for fast-levenshtein@https://registry.npmjs.org/fast-levenshtein/-/fast-levenshtein-2.0.6.tgz. Extracting by manifest.
2192 silly tarball no local data for word-wrap@https://registry.npmjs.org/word-wrap/-/word-wrap-1.2.5.tgz. Extracting by manifest.
2193 silly tarball no local data for deep-is@https://registry.npmjs.org/deep-is/-/deep-is-0.1.4.tgz. Extracting by manifest.
2194 silly tarball no local data for concat-map@https://registry.npmjs.org/concat-map/-/concat-map-0.0.1.tgz. Extracting by manifest.
2195 silly tarball no local data for balanced-match@https://registry.npmjs.org/balanced-match/-/balanced-match-1.0.2.tgz. Extracting by manifest.
2196 silly tarball no local data for yallist@https://registry.npmjs.org/yallist/-/yallist-3.1.1.tgz. Extracting by manifest.
2197 silly tarball no local data for brace-expansion@https://registry.npmjs.org/brace-expansion/-/brace-expansion-1.1.12.tgz. Extracting by manifest.
2198 silly tarball no local data for lightningcss-win32-x64-msvc@https://registry.npmjs.org/lightningcss-win32-x64-msvc/-/lightningcss-win32-x64-msvc-1.30.2.tgz. Extracting by manifest.
2199 silly tarball no local data for p-locate@https://registry.npmjs.org/p-locate/-/p-locate-5.0.0.tgz. Extracting by manifest.
2200 silly tarball no local data for detect-libc@https://registry.npmjs.org/detect-libc/-/detect-libc-2.1.2.tgz. Extracting by manifest.
2201 silly tarball no local data for prelude-ls@https://registry.npmjs.org/prelude-ls/-/prelude-ls-1.2.1.tgz. Extracting by manifest.
2202 silly tarball no local data for type-check@https://registry.npmjs.org/type-check/-/type-check-0.4.0.tgz. Extracting by manifest.
2203 silly tarball no local data for is-extglob@https://registry.npmjs.org/is-extglob/-/is-extglob-2.1.1.tgz. Extracting by manifest.
2204 silly tarball no local data for argparse@https://registry.npmjs.org/argparse/-/argparse-2.0.1.tgz. Extracting by manifest.
2205 silly tarball no local data for resolve-from@https://registry.npmjs.org/resolve-from/-/resolve-from-4.0.0.tgz. Extracting by manifest.
2206 silly tarball no local data for json-buffer@https://registry.npmjs.org/json-buffer/-/json-buffer-3.0.1.tgz. Extracting by manifest.
2207 silly tarball no local data for hermes-estree@https://registry.npmjs.org/hermes-estree/-/hermes-estree-0.25.1.tgz. Extracting by manifest.
2208 silly tarball no local data for parent-module@https://registry.npmjs.org/parent-module/-/parent-module-1.0.1.tgz. Extracting by manifest.
2209 silly tarball no local data for keyv@https://registry.npmjs.org/keyv/-/keyv-4.5.4.tgz. Extracting by manifest.
2210 silly tarball no local data for flatted@https://registry.npmjs.org/flatted/-/flatted-3.3.3.tgz. Extracting by manifest.
2211 silly tarball no local data for path-exists@https://registry.npmjs.org/path-exists/-/path-exists-4.0.0.tgz. Extracting by manifest.
2212 silly tarball no local data for locate-path@https://registry.npmjs.org/locate-path/-/locate-path-6.0.0.tgz. Extracting by manifest.
2213 silly tarball no local data for acorn@https://registry.npmjs.org/acorn/-/acorn-8.15.0.tgz. Extracting by manifest.
2214 silly tarball no local data for flat-cache@https://registry.npmjs.org/flat-cache/-/flat-cache-4.0.1.tgz. Extracting by manifest.
2215 silly tarball no local data for estraverse@https://registry.npmjs.org/estraverse/-/estraverse-5.3.0.tgz. Extracting by manifest.
2216 silly tarball no local data for acorn-jsx@https://registry.npmjs.org/acorn-jsx/-/acorn-jsx-5.3.2.tgz. Extracting by manifest.
2217 silly tarball no local data for esrecurse@https://registry.npmjs.org/esrecurse/-/esrecurse-4.3.0.tgz. Extracting by manifest.
2218 silly tarball no local data for zod-validation-error@https://registry.npmjs.org/zod-validation-error/-/zod-validation-error-4.0.2.tgz. Extracting by manifest.
2219 silly tarball no local data for which@https://registry.npmjs.org/which/-/which-2.0.2.tgz. Extracting by manifest.
2220 silly tarball no local data for hermes-parser@https://registry.npmjs.org/hermes-parser/-/hermes-parser-0.25.1.tgz. Extracting by manifest.
2221 silly tarball no local data for shebang-command@https://registry.npmjs.org/shebang-command/-/shebang-command-2.0.0.tgz. Extracting by manifest.
2222 silly tarball no local data for zod@https://registry.npmjs.org/zod/-/zod-4.3.6.tgz. Extracting by manifest.
2223 silly tarball no local data for color-name@https://registry.npmjs.org/color-name/-/color-name-1.1.4.tgz. Extracting by manifest.
2224 silly tarball no local data for path-key@https://registry.npmjs.org/path-key/-/path-key-3.1.1.tgz. Extracting by manifest.
2225 silly tarball no local data for supports-color@https://registry.npmjs.org/supports-color/-/supports-color-7.2.0.tgz. Extracting by manifest.
2226 silly tarball no local data for ansi-styles@https://registry.npmjs.org/ansi-styles/-/ansi-styles-4.3.0.tgz. Extracting by manifest.
2227 silly tarball no local data for @humanfs/core@https://registry.npmjs.org/@humanfs/core/-/core-0.19.1.tgz. Extracting by manifest.
2228 silly tarball no local data for json-schema-traverse@https://registry.npmjs.org/json-schema-traverse/-/json-schema-traverse-0.4.1.tgz. Extracting by manifest.
2229 silly tarball no local data for uri-js@https://registry.npmjs.org/uri-js/-/uri-js-4.4.1.tgz. Extracting by manifest.
2230 silly tarball no local data for color-convert@https://registry.npmjs.org/color-convert/-/color-convert-2.0.1.tgz. Extracting by manifest.
2231 silly tarball no local data for fast-json-stable-stringify@https://registry.npmjs.org/fast-json-stable-stringify/-/fast-json-stable-stringify-2.1.0.tgz. Extracting by manifest.
2232 silly tarball no local data for strip-json-comments@https://registry.npmjs.org/strip-json-comments/-/strip-json-comments-3.1.1.tgz. Extracting by manifest.
2233 silly tarball no local data for levn@https://registry.npmjs.org/levn/-/levn-0.4.1.tgz. Extracting by manifest.
2234 silly tarball no local data for js-yaml@https://registry.npmjs.org/js-yaml/-/js-yaml-4.1.1.tgz. Extracting by manifest.
2235 silly tarball no local data for @types/json-schema@https://registry.npmjs.org/@types/json-schema/-/json-schema-7.0.15.tgz. Extracting by manifest.
2236 silly tarball no local data for @eslint/object-schema@https://registry.npmjs.org/@eslint/object-schema/-/object-schema-2.1.7.tgz. Extracting by manifest.
2237 silly tarball no local data for optionator@https://registry.npmjs.org/optionator/-/optionator-0.9.4.tgz. Extracting by manifest.
2238 silly tarball no local data for import-fresh@https://registry.npmjs.org/import-fresh/-/import-fresh-3.3.1.tgz. Extracting by manifest.
2239 silly tarball no local data for natural-compare@https://registry.npmjs.org/natural-compare/-/natural-compare-1.4.0.tgz. Extracting by manifest.
2240 silly tarball no local data for minimatch@https://registry.npmjs.org/minimatch/-/minimatch-3.1.2.tgz. Extracting by manifest.
2241 silly tarball no local data for lodash.merge@https://registry.npmjs.org/lodash.merge/-/lodash.merge-4.6.2.tgz. Extracting by manifest.
2242 silly tarball no local data for is-glob@https://registry.npmjs.org/is-glob/-/is-glob-4.0.3.tgz. Extracting by manifest.
2243 silly tarball no local data for json-stable-stringify-without-jsonify@https://registry.npmjs.org/json-stable-stringify-without-jsonify/-/json-stable-stringify-without-jsonify-1.0.1.tgz. Extracting by manifest.
2244 silly tarball no local data for ignore@https://registry.npmjs.org/ignore/-/ignore-5.3.2.tgz. Extracting by manifest.
2245 silly tarball no local data for imurmurhash@https://registry.npmjs.org/imurmurhash/-/imurmurhash-0.1.4.tgz. Extracting by manifest.
2246 silly tarball no local data for glob-parent@https://registry.npmjs.org/glob-parent/-/glob-parent-6.0.2.tgz. Extracting by manifest.
2247 silly tarball no local data for fast-deep-equal@https://registry.npmjs.org/fast-deep-equal/-/fast-deep-equal-3.1.3.tgz. Extracting by manifest.
2248 silly tarball no local data for find-up@https://registry.npmjs.org/find-up/-/find-up-5.0.0.tgz. Extracting by manifest.
2249 silly tarball no local data for file-entry-cache@https://registry.npmjs.org/file-entry-cache/-/file-entry-cache-8.0.0.tgz. Extracting by manifest.
2250 silly tarball no local data for esutils@https://registry.npmjs.org/esutils/-/esutils-2.0.3.tgz. Extracting by manifest.
2251 silly tarball no local data for esquery@https://registry.npmjs.org/esquery/-/esquery-1.7.0.tgz. Extracting by manifest.
2252 silly tarball no local data for espree@https://registry.npmjs.org/espree/-/espree-10.4.0.tgz. Extracting by manifest.
2253 silly tarball no local data for eslint-visitor-keys@https://registry.npmjs.org/eslint-visitor-keys/-/eslint-visitor-keys-4.2.1.tgz. Extracting by manifest.
2254 silly tarball no local data for eslint-scope@https://registry.npmjs.org/eslint-scope/-/eslint-scope-8.4.0.tgz. Extracting by manifest.
2255 silly tarball no local data for escape-string-regexp@https://registry.npmjs.org/escape-string-regexp/-/escape-string-regexp-4.0.0.tgz. Extracting by manifest.
2256 silly tarball no local data for ajv@https://registry.npmjs.org/ajv/-/ajv-6.12.6.tgz. Extracting by manifest.
2257 silly tarball no local data for @types/estree@https://registry.npmjs.org/@types/estree/-/estree-1.0.8.tgz. Extracting by manifest.
2258 silly tarball no local data for chalk@https://registry.npmjs.org/chalk/-/chalk-4.1.2.tgz. Extracting by manifest.
2259 silly tarball no local data for cross-spawn@https://registry.npmjs.org/cross-spawn/-/cross-spawn-7.0.6.tgz. Extracting by manifest.
2260 silly tarball no local data for @humanwhocodes/retry@https://registry.npmjs.org/@humanwhocodes/retry/-/retry-0.4.3.tgz. Extracting by manifest.
2261 silly tarball no local data for @eslint/plugin-kit@https://registry.npmjs.org/@eslint/plugin-kit/-/plugin-kit-0.4.1.tgz. Extracting by manifest.
2262 silly tarball no local data for @humanfs/node@https://registry.npmjs.org/@humanfs/node/-/node-0.16.7.tgz. Extracting by manifest.
2263 silly tarball no local data for @eslint/eslintrc@https://registry.npmjs.org/@eslint/eslintrc/-/eslintrc-3.3.3.tgz. Extracting by manifest.
2264 silly tarball no local data for @humanwhocodes/module-importer@https://registry.npmjs.org/@humanwhocodes/module-importer/-/module-importer-1.0.1.tgz. Extracting by manifest.
2265 silly tarball no local data for @eslint/core@https://registry.npmjs.org/@eslint/core/-/core-0.17.0.tgz. Extracting by manifest.
2266 silly tarball no local data for @eslint/config-array@https://registry.npmjs.org/@eslint/config-array/-/config-array-0.21.1.tgz. Extracting by manifest.
2267 silly tarball no local data for tapable@https://registry.npmjs.org/tapable/-/tapable-2.3.0.tgz. Extracting by manifest.
2268 silly tarball no local data for @eslint-community/regexpp@https://registry.npmjs.org/@eslint-community/regexpp/-/regexpp-4.12.2.tgz. Extracting by manifest.
2269 silly tarball no local data for @eslint/config-helpers@https://registry.npmjs.org/@eslint/config-helpers/-/config-helpers-0.4.2.tgz. Extracting by manifest.
2270 silly tarball no local data for @eslint-community/eslint-utils@https://registry.npmjs.org/@eslint-community/eslint-utils/-/eslint-utils-4.9.1.tgz. Extracting by manifest.
2271 silly tarball no local data for graceful-fs@https://registry.npmjs.org/graceful-fs/-/graceful-fs-4.2.11.tgz. Extracting by manifest.
2272 silly tarball no local data for electron-to-chromium@https://registry.npmjs.org/electron-to-chromium/-/electron-to-chromium-1.5.286.tgz. Extracting by manifest.
2273 silly tarball no local data for node-releases@https://registry.npmjs.org/node-releases/-/node-releases-2.0.27.tgz. Extracting by manifest.
2274 silly tarball no local data for update-browserslist-db@https://registry.npmjs.org/update-browserslist-db/-/update-browserslist-db-1.2.3.tgz. Extracting by manifest.
2275 silly tarball no local data for ms@https://registry.npmjs.org/ms/-/ms-2.1.3.tgz. Extracting by manifest.
2276 silly tarball no local data for baseline-browser-mapping@https://registry.npmjs.org/baseline-browser-mapping/-/baseline-browser-mapping-2.9.19.tgz. Extracting by manifest.
2277 silly tarball no local data for fraction.js@https://registry.npmjs.org/fraction.js/-/fraction.js-5.3.4.tgz. Extracting by manifest.
2278 silly tarball no local data for postcss-value-parser@https://registry.npmjs.org/postcss-value-parser/-/postcss-value-parser-4.2.0.tgz. Extracting by manifest.
2279 silly tarball no local data for @types/babel__traverse@https://registry.npmjs.org/@types/babel__traverse/-/babel__traverse-7.28.0.tgz. Extracting by manifest.
2280 silly tarball no local data for caniuse-lite@https://registry.npmjs.org/caniuse-lite/-/caniuse-lite-1.0.30001769.tgz. Extracting by manifest.
2281 silly tarball no local data for @types/babel__template@https://registry.npmjs.org/@types/babel__template/-/babel__template-7.4.4.tgz. Extracting by manifest.
2282 silly tarball no local data for @types/babel__generator@https://registry.npmjs.org/@types/babel__generator/-/babel__generator-7.27.0.tgz. Extracting by manifest.
2283 silly tarball no local data for @babel/helper-globals@https://registry.npmjs.org/@babel/helper-globals/-/helper-globals-7.28.0.tgz. Extracting by manifest.
2284 silly tarball no local data for lru-cache@https://registry.npmjs.org/lru-cache/-/lru-cache-5.1.1.tgz. Extracting by manifest.
2285 silly tarball no local data for browserslist@https://registry.npmjs.org/browserslist/-/browserslist-4.28.1.tgz. Extracting by manifest.
2286 silly tarball no local data for @babel/helper-plugin-utils@https://registry.npmjs.org/@babel/helper-plugin-utils/-/helper-plugin-utils-7.28.6.tgz. Extracting by manifest.
2287 silly tarball no local data for @babel/helper-module-imports@https://registry.npmjs.org/@babel/helper-module-imports/-/helper-module-imports-7.28.6.tgz. Extracting by manifest.
2288 silly tarball no local data for @babel/helper-validator-option@https://registry.npmjs.org/@babel/helper-validator-option/-/helper-validator-option-7.27.1.tgz. Extracting by manifest.
2289 silly tarball no local data for @babel/compat-data@https://registry.npmjs.org/@babel/compat-data/-/compat-data-7.29.0.tgz. Extracting by manifest.
2290 silly tarball no local data for jsesc@https://registry.npmjs.org/jsesc/-/jsesc-3.1.0.tgz. Extracting by manifest.
2291 silly tarball no local data for picocolors@https://registry.npmjs.org/picocolors/-/picocolors-1.1.1.tgz. Extracting by manifest.
2292 silly tarball no local data for @babel/helper-string-parser@https://registry.npmjs.org/@babel/helper-string-parser/-/helper-string-parser-7.27.1.tgz. Extracting by manifest.
2293 silly tarball no local data for @babel/helper-validator-identifier@https://registry.npmjs.org/@babel/helper-validator-identifier/-/helper-validator-identifier-7.28.5.tgz. Extracting by manifest.
2294 silly tarball no local data for js-tokens@https://registry.npmjs.org/js-tokens/-/js-tokens-4.0.0.tgz. Extracting by manifest.
2295 silly tarball no local data for semver@https://registry.npmjs.org/semver/-/semver-6.3.1.tgz. Extracting by manifest.
2296 silly tarball no local data for gensync@https://registry.npmjs.org/gensync/-/gensync-1.0.0-beta.2.tgz. Extracting by manifest.
2297 silly tarball no local data for @babel/types@https://registry.npmjs.org/@babel/types/-/types-7.29.0.tgz. Extracting by manifest.
2298 silly tarball no local data for debug@https://registry.npmjs.org/debug/-/debug-4.4.3.tgz. Extracting by manifest.
2299 silly tarball no local data for convert-source-map@https://registry.npmjs.org/convert-source-map/-/convert-source-map-2.0.0.tgz. Extracting by manifest.
2300 silly tarball no local data for json5@https://registry.npmjs.org/json5/-/json5-2.2.3.tgz. Extracting by manifest.
2301 silly tarball no local data for @babel/traverse@https://registry.npmjs.org/@babel/traverse/-/traverse-7.29.0.tgz. Extracting by manifest.
2302 silly tarball no local data for @babel/template@https://registry.npmjs.org/@babel/template/-/template-7.28.6.tgz. Extracting by manifest.
2303 silly tarball no local data for @babel/helpers@https://registry.npmjs.org/@babel/helpers/-/helpers-7.28.6.tgz. Extracting by manifest.
2304 silly tarball no local data for @babel/parser@https://registry.npmjs.org/@babel/parser/-/parser-7.29.0.tgz. Extracting by manifest.
2305 silly tarball no local data for @babel/helper-module-transforms@https://registry.npmjs.org/@babel/helper-module-transforms/-/helper-module-transforms-7.28.6.tgz. Extracting by manifest.
2306 silly tarball no local data for @babel/code-frame@https://registry.npmjs.org/@babel/code-frame/-/code-frame-7.29.0.tgz. Extracting by manifest.
2307 silly tarball no local data for @babel/helper-compilation-targets@https://registry.npmjs.org/@babel/helper-compilation-targets/-/helper-compilation-targets-7.28.6.tgz. Extracting by manifest.
2308 silly tarball no local data for @babel/generator@https://registry.npmjs.org/@babel/generator/-/generator-7.29.1.tgz. Extracting by manifest.
2309 silly tarball no local data for @types/babel__core@https://registry.npmjs.org/@types/babel__core/-/babel__core-7.20.5.tgz. Extracting by manifest.
2310 silly tarball no local data for react-refresh@https://registry.npmjs.org/react-refresh/-/react-refresh-0.18.0.tgz. Extracting by manifest.
2311 silly tarball no local data for csstype@https://registry.npmjs.org/csstype/-/csstype-3.2.3.tgz. Extracting by manifest.
2312 silly tarball no local data for @babel/plugin-transform-react-jsx-source@https://registry.npmjs.org/@babel/plugin-transform-react-jsx-source/-/plugin-transform-react-jsx-source-7.27.1.tgz. Extracting by manifest.
2313 silly tarball no local data for @rolldown/pluginutils@https://registry.npmjs.org/@rolldown/pluginutils/-/pluginutils-1.0.0-rc.3.tgz. Extracting by manifest.
2314 silly tarball no local data for @babel/plugin-transform-react-jsx-self@https://registry.npmjs.org/@babel/plugin-transform-react-jsx-self/-/plugin-transform-react-jsx-self-7.27.1.tgz. Extracting by manifest.
2315 silly tarball no local data for @babel/core@https://registry.npmjs.org/@babel/core/-/core-7.29.0.tgz. Extracting by manifest.
2316 silly tarball no local data for undici-types@https://registry.npmjs.org/undici-types/-/undici-types-7.16.0.tgz. Extracting by manifest.
2317 silly tarball no local data for @tailwindcss/oxide-win32-x64-msvc@https://registry.npmjs.org/@tailwindcss/oxide-win32-x64-msvc/-/oxide-win32-x64-msvc-4.1.18.tgz. Extracting by manifest.
2318 silly tarball no local data for @jridgewell/sourcemap-codec@https://registry.npmjs.org/@jridgewell/sourcemap-codec/-/sourcemap-codec-1.5.5.tgz. Extracting by manifest.
2319 silly tarball no local data for source-map-js@https://registry.npmjs.org/source-map-js/-/source-map-js-1.2.1.tgz. Extracting by manifest.
2320 silly tarball no local data for @jridgewell/gen-mapping@https://registry.npmjs.org/@jridgewell/gen-mapping/-/gen-mapping-0.3.13.tgz. Extracting by manifest.
2321 silly tarball no local data for @jridgewell/trace-mapping@https://registry.npmjs.org/@jridgewell/trace-mapping/-/trace-mapping-0.3.31.tgz. Extracting by manifest.
2322 silly tarball no local data for magic-string@https://registry.npmjs.org/magic-string/-/magic-string-0.30.21.tgz. Extracting by manifest.
2323 silly tarball no local data for @jridgewell/resolve-uri@https://registry.npmjs.org/@jridgewell/resolve-uri/-/resolve-uri-3.1.2.tgz. Extracting by manifest.
2324 silly tarball no local data for lightningcss@https://registry.npmjs.org/lightningcss/-/lightningcss-1.30.2.tgz. Extracting by manifest.
2325 silly tarball no local data for enhanced-resolve@https://registry.npmjs.org/enhanced-resolve/-/enhanced-resolve-5.19.0.tgz. Extracting by manifest.
2326 silly tarball no local data for jiti@https://registry.npmjs.org/jiti/-/jiti-2.6.1.tgz. Extracting by manifest.
2327 silly tarball no local data for @tailwindcss/oxide@https://registry.npmjs.org/@tailwindcss/oxide/-/oxide-4.1.18.tgz. Extracting by manifest.
2328 silly tarball no local data for @tailwindcss/node@https://registry.npmjs.org/@tailwindcss/node/-/node-4.1.18.tgz. Extracting by manifest.
2329 silly tarball no local data for @jridgewell/remapping@https://registry.npmjs.org/@jridgewell/remapping/-/remapping-2.3.5.tgz. Extracting by manifest.
2330 silly tarball no local data for typescript@https://registry.npmjs.org/typescript/-/typescript-5.9.3.tgz. Extracting by manifest.
2331 silly tarball no local data for typescript-eslint@https://registry.npmjs.org/typescript-eslint/-/typescript-eslint-8.55.0.tgz. Extracting by manifest.
2332 silly tarball no local data for tailwindcss@https://registry.npmjs.org/tailwindcss/-/tailwindcss-3.4.19.tgz. Extracting by manifest.
2333 silly tarball no local data for react-router-dom@https://registry.npmjs.org/react-router-dom/-/react-router-dom-7.13.0.tgz. Extracting by manifest.
2334 silly tarball no local data for react-toastify@https://registry.npmjs.org/react-toastify/-/react-toastify-11.0.5.tgz. Extracting by manifest.
2335 silly tarball no local data for react-dom@https://registry.npmjs.org/react-dom/-/react-dom-19.2.4.tgz. Extracting by manifest.
2336 silly tarball no local data for react@https://registry.npmjs.org/react/-/react-19.2.4.tgz. Extracting by manifest.
2337 silly tarball no local data for globals@https://registry.npmjs.org/globals/-/globals-16.5.0.tgz. Extracting by manifest.
2338 silly tarball no local data for postcss@https://registry.npmjs.org/postcss/-/postcss-8.5.6.tgz. Extracting by manifest.
2339 silly tarball no local data for eslint-plugin-react-refresh@https://registry.npmjs.org/eslint-plugin-react-refresh/-/eslint-plugin-react-refresh-0.4.26.tgz. Extracting by manifest.
2340 silly tarball no local data for eslint@https://registry.npmjs.org/eslint/-/eslint-9.39.2.tgz. Extracting by manifest.
2341 silly tarball no local data for eslint-plugin-react-hooks@https://registry.npmjs.org/eslint-plugin-react-hooks/-/eslint-plugin-react-hooks-7.0.1.tgz. Extracting by manifest.
2342 silly tarball no local data for autoprefixer@https://registry.npmjs.org/autoprefixer/-/autoprefixer-10.4.24.tgz. Extracting by manifest.
2343 silly tarball no local data for @types/react-dom@https://registry.npmjs.org/@types/react-dom/-/react-dom-19.2.3.tgz. Extracting by manifest.
2344 silly tarball no local data for @vitejs/plugin-react@https://registry.npmjs.org/@vitejs/plugin-react/-/plugin-react-5.1.4.tgz. Extracting by manifest.
2345 silly tarball no local data for vite@https://registry.npmjs.org/vite/-/vite-7.3.1.tgz. Extracting by manifest.
2346 silly tarball no local data for @tailwindcss/vite@https://registry.npmjs.org/@tailwindcss/vite/-/vite-4.1.18.tgz. Extracting by manifest.
2347 silly tarball no local data for @eslint/js@https://registry.npmjs.org/@eslint/js/-/js-9.39.2.tgz. Extracting by manifest.
2348 silly tarball no local data for @types/react@https://registry.npmjs.org/@types/react/-/react-19.2.14.tgz. Extracting by manifest.
2349 silly tarball no local data for @types/node@https://registry.npmjs.org/@types/node/-/node-24.10.13.tgz. Extracting by manifest.
2350 silly tarball no local data for picomatch@https://registry.npmjs.org/picomatch/-/picomatch-4.0.3.tgz. Extracting by manifest.
2351 silly tarball no local data for fdir@https://registry.npmjs.org/fdir/-/fdir-6.5.0.tgz. Extracting by manifest.
2352 silly tarball no local data for ignore@https://registry.npmjs.org/ignore/-/ignore-7.0.5.tgz. Extracting by manifest.
2353 silly tarball no local data for minimatch@https://registry.npmjs.org/minimatch/-/minimatch-9.0.5.tgz. Extracting by manifest.
2354 silly tarball no local data for brace-expansion@https://registry.npmjs.org/brace-expansion/-/brace-expansion-2.0.2.tgz. Extracting by manifest.
2355 silly tarball no local data for glob-parent@https://registry.npmjs.org/glob-parent/-/glob-parent-5.1.2.tgz. Extracting by manifest.
2356 silly tarball no local data for globals@https://registry.npmjs.org/globals/-/globals-14.0.0.tgz. Extracting by manifest.
2357 silly tarball no local data for semver@https://registry.npmjs.org/semver/-/semver-7.7.4.tgz. Extracting by manifest.
2358 silly tarball no local data for glob-parent@https://registry.npmjs.org/glob-parent/-/glob-parent-5.1.2.tgz. Extracting by manifest.
2359 silly tarball no local data for jiti@https://registry.npmjs.org/jiti/-/jiti-1.21.7.tgz. Extracting by manifest.
2360 silly tarball no local data for eslint-visitor-keys@https://registry.npmjs.org/eslint-visitor-keys/-/eslint-visitor-keys-3.4.3.tgz. Extracting by manifest.
2361 silly tarball no local data for tailwindcss@https://registry.npmjs.org/tailwindcss/-/tailwindcss-4.1.18.tgz. Extracting by manifest.
2362 silly tarball no local data for tailwindcss@https://registry.npmjs.org/tailwindcss/-/tailwindcss-4.1.18.tgz. Extracting by manifest.
2363 silly tarball no local data for picomatch@https://registry.npmjs.org/picomatch/-/picomatch-4.0.3.tgz. Extracting by manifest.
2364 silly tarball no local data for fdir@https://registry.npmjs.org/fdir/-/fdir-6.5.0.tgz. Extracting by manifest.
2365 http fetch POST 200 https://registry.npmjs.org/-/npm/v1/security/advisories/bulk 250ms
2366 silly audit report {}
2367 http fetch GET 200 https://registry.npmjs.org/isexe/-/isexe-2.0.0.tgz 522ms (cache miss)
2368 http fetch GET 200 https://registry.npmjs.org/punycode/-/punycode-2.3.1.tgz 525ms (cache miss)
2369 http fetch GET 200 https://registry.npmjs.org/@typescript-eslint/visitor-keys/-/visitor-keys-8.55.0.tgz 566ms (cache miss)
2370 http fetch GET 200 https://registry.npmjs.org/is-number/-/is-number-7.0.0.tgz 581ms (cache miss)
2371 http fetch GET 200 https://registry.npmjs.org/thenify-all/-/thenify-all-1.6.0.tgz 693ms (cache miss)
2372 http fetch GET 200 https://registry.npmjs.org/thenify/-/thenify-3.3.1.tgz 710ms (cache miss)
2373 http fetch GET 200 https://registry.npmjs.org/@rollup/rollup-win32-x64-gnu/-/rollup-win32-x64-gnu-4.57.1.tgz 750ms (cache miss)
2374 http fetch GET 200 https://registry.npmjs.org/escalade/-/escalade-3.2.0.tgz 775ms (cache miss)
2375 http fetch GET 200 https://registry.npmjs.org/esbuild/-/esbuild-0.27.3.tgz 778ms (cache miss)
2376 http fetch GET 200 https://registry.npmjs.org/pirates/-/pirates-4.0.7.tgz 795ms (cache miss)
2377 http fetch GET 200 https://registry.npmjs.org/object-assign/-/object-assign-4.1.1.tgz 814ms (cache miss)
2378 http fetch GET 200 https://registry.npmjs.org/@typescript-eslint/parser/-/parser-8.55.0.tgz 817ms (cache miss)
2379 http fetch GET 200 https://registry.npmjs.org/queue-microtask/-/queue-microtask-1.2.3.tgz 825ms (cache miss)
2380 http fetch GET 200 https://registry.npmjs.org/ts-api-utils/-/ts-api-utils-2.4.0.tgz 837ms (cache miss)
2381 http fetch GET 200 https://registry.npmjs.org/lines-and-columns/-/lines-and-columns-1.2.4.tgz 832ms (cache miss)
2382 http fetch GET 200 https://registry.npmjs.org/@typescript-eslint/project-service/-/project-service-8.55.0.tgz 888ms (cache miss)
2383 http fetch GET 200 https://registry.npmjs.org/@typescript-eslint/tsconfig-utils/-/tsconfig-utils-8.55.0.tgz 903ms (cache miss)
2384 http fetch GET 200 https://registry.npmjs.org/path-parse/-/path-parse-1.0.7.tgz 930ms (cache miss)
2385 http fetch GET 200 https://registry.npmjs.org/tinyglobby/-/tinyglobby-0.2.15.tgz 950ms (cache miss)
2386 http fetch GET 200 https://registry.npmjs.org/is-core-module/-/is-core-module-2.16.1.tgz 949ms (cache miss)
2387 http fetch GET 200 https://registry.npmjs.org/pify/-/pify-2.3.0.tgz 1078ms (cache miss)
2388 http fetch GET 200 https://registry.npmjs.org/read-cache/-/read-cache-1.0.0.tgz 1122ms (cache miss)
2389 http fetch GET 200 https://registry.npmjs.org/cssesc/-/cssesc-3.0.0.tgz 1123ms (cache miss)
2390 http fetch GET 200 https://registry.npmjs.org/to-regex-range/-/to-regex-range-5.0.1.tgz 1422ms (cache miss)
2391 http fetch GET 200 https://registry.npmjs.org/run-parallel/-/run-parallel-1.2.0.tgz 1456ms (cache miss)
2392 http fetch GET 200 https://registry.npmjs.org/camelcase-css/-/camelcase-css-2.0.1.tgz 1877ms (cache miss)
2393 http fetch GET 200 https://registry.npmjs.org/util-deprecate/-/util-deprecate-1.0.2.tgz 2095ms (cache miss)
2394 http fetch GET 200 https://registry.npmjs.org/commander/-/commander-4.1.1.tgz 2306ms (cache miss)
2395 http fetch GET 200 https://registry.npmjs.org/merge2/-/merge2-1.4.1.tgz 2302ms (cache miss)
2396 http fetch GET 200 https://registry.npmjs.org/fill-range/-/fill-range-7.1.1.tgz 2438ms (cache miss)
2397 http fetch GET 200 https://registry.npmjs.org/reusify/-/reusify-1.1.0.tgz 2588ms (cache miss)
2398 http fetch GET 200 https://registry.npmjs.org/mz/-/mz-2.7.0.tgz 2632ms (cache miss)
2399 http fetch GET 200 https://registry.npmjs.org/braces/-/braces-3.0.3.tgz 2649ms (cache miss)
2400 http fetch GET 200 https://registry.npmjs.org/postcss-nested/-/postcss-nested-6.2.0.tgz 2667ms (cache miss)
2401 http fetch GET 200 https://registry.npmjs.org/ts-interface-checker/-/ts-interface-checker-0.1.13.tgz 2696ms (cache miss)
2402 http fetch GET 200 https://registry.npmjs.org/is-binary-path/-/is-binary-path-2.1.0.tgz 2698ms (cache miss)
2403 http fetch GET 200 https://registry.npmjs.org/dlv/-/dlv-1.1.3.tgz 2696ms (cache miss)
2404 http fetch GET 200 https://registry.npmjs.org/normalize-path/-/normalize-path-3.0.0.tgz 2696ms (cache miss)
2405 http fetch GET 200 https://registry.npmjs.org/binary-extensions/-/binary-extensions-2.3.0.tgz 2736ms (cache miss)
2406 http fetch GET 200 https://registry.npmjs.org/anymatch/-/anymatch-3.1.3.tgz 2755ms (cache miss)
2407 http fetch GET 200 https://registry.npmjs.org/arg/-/arg-5.0.2.tgz 2750ms (cache miss)
2408 http fetch GET 200 https://registry.npmjs.org/shebang-regex/-/shebang-regex-3.0.0.tgz 2751ms (cache miss)
2409 http fetch GET 200 https://registry.npmjs.org/clsx/-/clsx-2.1.1.tgz 2751ms (cache miss)
2410 http fetch GET 200 https://registry.npmjs.org/readdirp/-/readdirp-3.6.0.tgz 2775ms (cache miss)
2411 http fetch GET 200 https://registry.npmjs.org/didyoumean/-/didyoumean-1.2.2.tgz 2770ms (cache miss)
2412 http fetch GET 200 https://registry.npmjs.org/nanoid/-/nanoid-3.3.11.tgz 2767ms (cache miss)
2413 http fetch GET 200 https://registry.npmjs.org/fast-levenshtein/-/fast-levenshtein-2.0.6.tgz 2766ms (cache miss)
2414 http fetch GET 200 https://registry.npmjs.org/callsites/-/callsites-3.1.0.tgz 2768ms (cache miss)
2415 http fetch GET 200 https://registry.npmjs.org/p-limit/-/p-limit-3.1.0.tgz 2768ms (cache miss)
2416 http fetch GET 200 https://registry.npmjs.org/yocto-queue/-/yocto-queue-0.1.0.tgz 2770ms (cache miss)
2417 http fetch GET 200 https://registry.npmjs.org/supports-preserve-symlinks-flag/-/supports-preserve-symlinks-flag-1.0.0.tgz 2801ms (cache miss)
2418 http fetch GET 200 https://registry.npmjs.org/has-flag/-/has-flag-4.0.0.tgz 2787ms (cache miss)
2419 http fetch GET 200 https://registry.npmjs.org/deep-is/-/deep-is-0.1.4.tgz 2783ms (cache miss)
2420 http fetch GET 200 https://registry.npmjs.org/concat-map/-/concat-map-0.0.1.tgz 2784ms (cache miss)
2421 http fetch GET 200 https://registry.npmjs.org/balanced-match/-/balanced-match-1.0.2.tgz 2784ms (cache miss)
2422 http fetch GET 200 https://registry.npmjs.org/is-extglob/-/is-extglob-2.1.1.tgz 2800ms (cache miss)
2423 http fetch GET 200 https://registry.npmjs.org/resolve-from/-/resolve-from-4.0.0.tgz 2806ms (cache miss)
2424 http fetch GET 200 https://registry.npmjs.org/object-hash/-/object-hash-3.0.0.tgz 2825ms (cache miss)
2425 http fetch GET 200 https://registry.npmjs.org/word-wrap/-/word-wrap-1.2.5.tgz 2819ms (cache miss)
2426 http fetch GET 200 https://registry.npmjs.org/detect-libc/-/detect-libc-2.1.2.tgz 2820ms (cache miss)
2427 http fetch GET 200 https://registry.npmjs.org/p-locate/-/p-locate-5.0.0.tgz 2822ms (cache miss)
2428 http fetch GET 200 https://registry.npmjs.org/path-exists/-/path-exists-4.0.0.tgz 2822ms (cache miss)
2429 http fetch GET 200 https://registry.npmjs.org/parent-module/-/parent-module-1.0.1.tgz 2823ms (cache miss)
2430 http fetch GET 200 https://registry.npmjs.org/@alloc/quick-lru/-/quick-lru-5.2.0.tgz 2837ms (cache miss)
2431 http fetch GET 200 https://registry.npmjs.org/brace-expansion/-/brace-expansion-1.1.12.tgz 2833ms (cache miss)
2432 http fetch GET 200 https://registry.npmjs.org/lilconfig/-/lilconfig-3.1.3.tgz 2856ms (cache miss)
2433 http fetch GET 200 https://registry.npmjs.org/json-buffer/-/json-buffer-3.0.1.tgz 2846ms (cache miss)
2434 http fetch GET 200 https://registry.npmjs.org/path-key/-/path-key-3.1.1.tgz 2847ms (cache miss)
2435 http fetch GET 200 https://registry.npmjs.org/hasown/-/hasown-2.0.2.tgz 2886ms (cache miss)
2436 http fetch GET 200 https://registry.npmjs.org/yallist/-/yallist-3.1.1.tgz 2886ms (cache miss)
2437 http fetch GET 200 https://registry.npmjs.org/shebang-command/-/shebang-command-2.0.0.tgz 2885ms (cache miss)
2438 http fetch GET 200 https://registry.npmjs.org/color-name/-/color-name-1.1.4.tgz 2888ms (cache miss)
2439 http fetch GET 200 https://registry.npmjs.org/esrecurse/-/esrecurse-4.3.0.tgz 2891ms (cache miss)
2440 http fetch GET 200 https://registry.npmjs.org/json-schema-traverse/-/json-schema-traverse-0.4.1.tgz 2917ms (cache miss)
2441 http fetch GET 200 https://registry.npmjs.org/rollup/-/rollup-4.57.1.tgz 2962ms (cache miss)
2442 http fetch GET 200 https://registry.npmjs.org/locate-path/-/locate-path-6.0.0.tgz 3028ms (cache miss)
2443 http fetch GET 200 https://registry.npmjs.org/supports-color/-/supports-color-7.2.0.tgz 3025ms (cache miss)
2444 http fetch GET 200 https://registry.npmjs.org/function-bind/-/function-bind-1.1.2.tgz 3266ms (cache miss)
2445 http fetch GET 200 https://registry.npmjs.org/keyv/-/keyv-4.5.4.tgz 3280ms (cache miss)
2446 http fetch GET 200 https://registry.npmjs.org/fast-json-stable-stringify/-/fast-json-stable-stringify-2.1.0.tgz 3276ms (cache miss)
2447 http fetch GET 200 https://registry.npmjs.org/strip-json-comments/-/strip-json-comments-3.1.1.tgz 3535ms (cache miss)
2448 http fetch GET 200 https://registry.npmjs.org/ansi-styles/-/ansi-styles-4.3.0.tgz 3538ms (cache miss)
2449 http fetch GET 200 https://registry.npmjs.org/levn/-/levn-0.4.1.tgz 3738ms (cache miss)
2450 http fetch GET 200 https://registry.npmjs.org/@typescript-eslint/types/-/types-8.55.0.tgz 3780ms (cache miss)
2451 http fetch GET 200 https://registry.npmjs.org/import-fresh/-/import-fresh-3.3.1.tgz 4047ms (cache miss)
2452 http fetch GET 200 https://registry.npmjs.org/optionator/-/optionator-0.9.4.tgz 4056ms (cache miss)
2453 http fetch GET 200 https://registry.npmjs.org/set-cookie-parser/-/set-cookie-parser-2.7.2.tgz 4282ms (cache miss)
2454 http fetch GET 200 https://registry.npmjs.org/acorn-jsx/-/acorn-jsx-5.3.2.tgz 4409ms (cache miss)
2455 http fetch GET 200 https://registry.npmjs.org/@types/json-schema/-/json-schema-7.0.15.tgz 4663ms (cache miss)
2456 http fetch GET 200 https://registry.npmjs.org/json-stable-stringify-without-jsonify/-/json-stable-stringify-without-jsonify-1.0.1.tgz 4661ms (cache miss)
2457 http fetch GET 200 https://registry.npmjs.org/natural-compare/-/natural-compare-1.4.0.tgz 4672ms (cache miss)
2458 http fetch GET 200 https://registry.npmjs.org/which/-/which-2.0.2.tgz 4680ms (cache miss)
2459 http fetch GET 200 https://registry.npmjs.org/is-glob/-/is-glob-4.0.3.tgz 4673ms (cache miss)
2460 http fetch GET 200 https://registry.npmjs.org/estraverse/-/estraverse-5.3.0.tgz 4745ms (cache miss)
2461 http fetch GET 200 https://registry.npmjs.org/type-check/-/type-check-0.4.0.tgz 4750ms (cache miss)
2462 http fetch GET 200 https://registry.npmjs.org/imurmurhash/-/imurmurhash-0.1.4.tgz 4842ms (cache miss)
2463 http fetch GET 200 https://registry.npmjs.org/find-up/-/find-up-5.0.0.tgz 4900ms (cache miss)
2464 http fetch GET 200 https://registry.npmjs.org/glob-parent/-/glob-parent-6.0.2.tgz 4944ms (cache miss)
2465 http fetch GET 200 https://registry.npmjs.org/lodash.merge/-/lodash.merge-4.6.2.tgz 4966ms (cache miss)
2466 http fetch GET 200 https://registry.npmjs.org/esutils/-/esutils-2.0.3.tgz 4986ms (cache miss)
2467 http fetch GET 200 https://registry.npmjs.org/minimatch/-/minimatch-3.1.2.tgz 4992ms (cache miss)
2468 http fetch GET 200 https://registry.npmjs.org/file-entry-cache/-/file-entry-cache-8.0.0.tgz 5058ms (cache miss)
2469 http fetch GET 200 https://registry.npmjs.org/color-convert/-/color-convert-2.0.1.tgz 5280ms (cache miss)
2470 http fetch GET 200 https://registry.npmjs.org/@rollup/rollup-win32-x64-msvc/-/rollup-win32-x64-msvc-4.57.1.tgz 5332ms (cache miss)
2471 http fetch GET 200 https://registry.npmjs.org/postcss-load-config/-/postcss-load-config-6.0.1.tgz 5375ms (cache miss)
2472 http fetch GET 200 https://registry.npmjs.org/postcss-js/-/postcss-js-4.1.0.tgz 5376ms (cache miss)
2473 http fetch GET 200 https://registry.npmjs.org/micromatch/-/micromatch-4.0.8.tgz 5379ms (cache miss)
2474 http fetch GET 200 https://registry.npmjs.org/flat-cache/-/flat-cache-4.0.1.tgz 5365ms (cache miss)
2475 http fetch GET 200 https://registry.npmjs.org/chokidar/-/chokidar-3.6.0.tgz 5452ms (cache miss)
2476 http fetch GET 200 https://registry.npmjs.org/escape-string-regexp/-/escape-string-regexp-4.0.0.tgz 5430ms (cache miss)
2477 http fetch GET 200 https://registry.npmjs.org/@humanfs/node/-/node-0.16.7.tgz 5430ms (cache miss)
2478 http fetch GET 200 https://registry.npmjs.org/cross-spawn/-/cross-spawn-7.0.6.tgz 5464ms (cache miss)
2479 http fetch GET 200 https://registry.npmjs.org/graceful-fs/-/graceful-fs-4.2.11.tgz 5460ms (cache miss)
2480 http fetch GET 200 https://registry.npmjs.org/node-releases/-/node-releases-2.0.27.tgz 5460ms (cache miss)
2481 http fetch GET 200 https://registry.npmjs.org/@humanwhocodes/module-importer/-/module-importer-1.0.1.tgz 5491ms (cache miss)
2482 http fetch GET 200 https://registry.npmjs.org/ms/-/ms-2.1.3.tgz 5490ms (cache miss)
2483 http fetch GET 200 https://registry.npmjs.org/@babel/helper-globals/-/helper-globals-7.28.0.tgz 5487ms (cache miss)
2484 http fetch GET 200 https://registry.npmjs.org/lru-cache/-/lru-cache-5.1.1.tgz 5487ms (cache miss)
2485 http fetch GET 200 https://registry.npmjs.org/postcss-value-parser/-/postcss-value-parser-4.2.0.tgz 5490ms (cache miss)
2486 http fetch GET 200 https://registry.npmjs.org/@babel/helper-plugin-utils/-/helper-plugin-utils-7.28.6.tgz 5492ms (cache miss)
2487 http fetch GET 200 https://registry.npmjs.org/@babel/helper-module-imports/-/helper-module-imports-7.28.6.tgz 5495ms (cache miss)
2488 http fetch GET 200 https://registry.npmjs.org/cookie/-/cookie-1.1.1.tgz 5542ms (cache miss)
2489 http fetch GET 200 https://registry.npmjs.org/@types/estree/-/estree-1.0.8.tgz 5549ms (cache miss)
2490 http fetch GET 200 https://registry.npmjs.org/tapable/-/tapable-2.3.0.tgz 5550ms (cache miss)
2491 http fetch GET 200 https://registry.npmjs.org/@babel/helper-validator-option/-/helper-validator-option-7.27.1.tgz 5545ms (cache miss)
2492 http fetch GET 200 https://registry.npmjs.org/picocolors/-/picocolors-1.1.1.tgz 5545ms (cache miss)
2493 http fetch GET 200 https://registry.npmjs.org/js-tokens/-/js-tokens-4.0.0.tgz 5547ms (cache miss)
2494 http fetch GET 200 https://registry.npmjs.org/@babel/helper-validator-identifier/-/helper-validator-identifier-7.28.5.tgz 5548ms (cache miss)
2495 http fetch GET 200 https://registry.npmjs.org/ignore/-/ignore-5.3.2.tgz 5723ms (cache miss)
2496 http fetch GET 200 https://registry.npmjs.org/@types/babel__generator/-/babel__generator-7.27.0.tgz 5715ms (cache miss)
2497 http fetch GET 200 https://registry.npmjs.org/@types/babel__template/-/babel__template-7.4.4.tgz 5719ms (cache miss)
2498 http fetch GET 200 https://registry.npmjs.org/convert-source-map/-/convert-source-map-2.0.0.tgz 5718ms (cache miss)
2499 http fetch GET 200 https://registry.npmjs.org/@types/babel__core/-/babel__core-7.20.5.tgz 5717ms (cache miss)
2500 http fetch GET 200 https://registry.npmjs.org/jsesc/-/jsesc-3.1.0.tgz 6055ms (cache miss)
2501 http fetch GET 200 https://registry.npmjs.org/@babel/plugin-transform-react-jsx-self/-/plugin-transform-react-jsx-self-7.27.1.tgz 6062ms (cache miss)
2502 http fetch GET 200 https://registry.npmjs.org/@rolldown/pluginutils/-/pluginutils-1.0.0-rc.3.tgz 6064ms (cache miss)
2503 http fetch GET 200 https://registry.npmjs.org/argparse/-/argparse-2.0.1.tgz 6202ms (cache miss)
2504 http fetch GET 200 https://registry.npmjs.org/@types/babel__traverse/-/babel__traverse-7.28.0.tgz 6200ms (cache miss)
2505 http fetch GET 200 https://registry.npmjs.org/@babel/helper-compilation-targets/-/helper-compilation-targets-7.28.6.tgz 6195ms (cache miss)
2506 http fetch GET 200 https://registry.npmjs.org/@babel/helper-string-parser/-/helper-string-parser-7.27.1.tgz 6246ms (cache miss)
2507 http fetch GET 200 https://registry.npmjs.org/@tailwindcss/oxide/-/oxide-4.1.18.tgz 6321ms (cache miss)
2508 http fetch GET 200 https://registry.npmjs.org/react-router-dom/-/react-router-dom-7.13.0.tgz 6319ms (cache miss)
2509 http fetch GET 200 https://registry.npmjs.org/picomatch/-/picomatch-2.3.1.tgz 6714ms (cache miss)
2510 http fetch GET 200 https://registry.npmjs.org/@babel/code-frame/-/code-frame-7.29.0.tgz 7048ms (cache miss)
2511 http fetch GET 200 https://registry.npmjs.org/@babel/plugin-transform-react-jsx-source/-/plugin-transform-react-jsx-source-7.27.1.tgz 7048ms (cache miss)
2512 http fetch GET 200 https://registry.npmjs.org/eslint-plugin-react-refresh/-/eslint-plugin-react-refresh-0.4.26.tgz 7041ms (cache miss)
2513 http fetch GET 200 https://registry.npmjs.org/fastq/-/fastq-1.20.1.tgz 7160ms (cache miss)
2514 http fetch GET 200 https://registry.npmjs.org/@types/react-dom/-/react-dom-19.2.3.tgz 7110ms (cache miss)
2515 http fetch GET 200 https://registry.npmjs.org/@eslint/core/-/core-0.17.0.tgz 7350ms (cache miss)
2516 http fetch GET 200 https://registry.npmjs.org/@tailwindcss/vite/-/vite-4.1.18.tgz 7365ms (cache miss)
2517 http fetch GET 200 https://registry.npmjs.org/@eslint/js/-/js-9.39.2.tgz 7366ms (cache miss)
2518 http fetch GET 200 https://registry.npmjs.org/semver/-/semver-6.3.1.tgz 7426ms (cache miss)
2519 http fetch GET 200 https://registry.npmjs.org/prelude-ls/-/prelude-ls-1.2.1.tgz 7461ms (cache miss)
2520 http fetch GET 200 https://registry.npmjs.org/chalk/-/chalk-4.1.2.tgz 7443ms (cache miss)
2521 http fetch GET 200 https://registry.npmjs.org/update-browserslist-db/-/update-browserslist-db-1.2.3.tgz 7509ms (cache miss)
2522 http fetch GET 200 https://registry.npmjs.org/brace-expansion/-/brace-expansion-2.0.2.tgz 7482ms (cache miss)
2523 http fetch GET 200 https://registry.npmjs.org/glob-parent/-/glob-parent-5.1.2.tgz 7487ms (cache miss)
2524 http fetch GET 200 https://registry.npmjs.org/gensync/-/gensync-1.0.0-beta.2.tgz 7521ms (cache miss)
2525 http fetch GET 200 https://registry.npmjs.org/eslint-visitor-keys/-/eslint-visitor-keys-3.4.3.tgz 7744ms (cache miss)
2526 http fetch GET 200 https://registry.npmjs.org/fdir/-/fdir-6.5.0.tgz 8006ms (cache miss)
2527 http fetch GET 200 https://registry.npmjs.org/glob-parent/-/glob-parent-5.1.2.tgz 8046ms (cache miss)
2528 http fetch GET 200 https://registry.npmjs.org/debug/-/debug-4.4.3.tgz 8085ms (cache miss)
2529 http fetch GET 200 https://registry.npmjs.org/postcss-import/-/postcss-import-15.1.0.tgz 8167ms (cache miss)
2530 http fetch GET 200 https://registry.npmjs.org/eslint-visitor-keys/-/eslint-visitor-keys-4.2.1.tgz 8265ms (cache miss)
2531 http fetch GET 200 https://registry.npmjs.org/flatted/-/flatted-3.3.3.tgz 8539ms (cache miss)
2532 http fetch GET 200 https://registry.npmjs.org/fast-deep-equal/-/fast-deep-equal-3.1.3.tgz 9289ms (cache miss)
2533 http fetch GET 200 https://registry.npmjs.org/ignore/-/ignore-7.0.5.tgz 9567ms (cache miss)
2534 http fetch GET 200 https://registry.npmjs.org/globals/-/globals-14.0.0.tgz 10640ms (cache miss)
2535 http fetch GET 200 https://registry.npmjs.org/@humanwhocodes/retry/-/retry-0.4.3.tgz 10938ms (cache miss)
2536 http fetch GET 200 https://registry.npmjs.org/espree/-/espree-10.4.0.tgz 10990ms (cache miss)
2537 http fetch GET 200 https://registry.npmjs.org/browserslist/-/browserslist-4.28.1.tgz 11033ms (cache miss)
2538 http fetch GET 200 https://registry.npmjs.org/@vitejs/plugin-react/-/plugin-react-5.1.4.tgz 11019ms (cache miss)
2539 http fetch GET 200 https://registry.npmjs.org/globals/-/globals-16.5.0.tgz 11067ms (cache miss)
2540 http fetch GET 200 https://registry.npmjs.org/react-refresh/-/react-refresh-0.18.0.tgz 11561ms (cache miss)
2541 http fetch GET 200 https://registry.npmjs.org/fdir/-/fdir-6.5.0.tgz 11549ms (cache miss)
2542 http fetch GET 200 https://registry.npmjs.org/@humanfs/core/-/core-0.19.1.tgz 11662ms (cache miss)
2543 http fetch GET 200 https://registry.npmjs.org/baseline-browser-mapping/-/baseline-browser-mapping-2.9.19.tgz 11687ms (cache miss)
2544 http fetch GET 200 https://registry.npmjs.org/@jridgewell/resolve-uri/-/resolve-uri-3.1.2.tgz 11691ms (cache miss)
2545 http fetch GET 200 https://registry.npmjs.org/@eslint/object-schema/-/object-schema-2.1.7.tgz 11758ms (cache miss)
2546 http fetch GET 200 https://registry.npmjs.org/electron-to-chromium/-/electron-to-chromium-1.5.286.tgz 12198ms (cache miss)
2547 http fetch GET 200 https://registry.npmjs.org/scheduler/-/scheduler-0.27.0.tgz 12594ms (cache miss)
2548 http fetch GET 200 https://registry.npmjs.org/@eslint-community/regexpp/-/regexpp-4.12.2.tgz 13637ms (cache miss)
2549 http fetch GET 200 https://registry.npmjs.org/picomatch/-/picomatch-4.0.3.tgz 14034ms (cache miss)
2550 http fetch GET 200 https://registry.npmjs.org/@nodelib/fs.stat/-/fs.stat-2.0.5.tgz 14101ms (cache miss)
2551 http fetch GET 200 https://registry.npmjs.org/@eslint/config-helpers/-/config-helpers-0.4.2.tgz 14599ms (cache miss)
2552 http fetch GET 200 https://registry.npmjs.org/@eslint-community/eslint-utils/-/eslint-utils-4.9.1.tgz 14689ms (cache miss)
2553 http fetch GET 200 https://registry.npmjs.org/@eslint/plugin-kit/-/plugin-kit-0.4.1.tgz 14699ms (cache miss)
2554 http fetch GET 200 https://registry.npmjs.org/@tailwindcss/node/-/node-4.1.18.tgz 14688ms (cache miss)
2555 http fetch GET 200 https://registry.npmjs.org/picomatch/-/picomatch-4.0.3.tgz 14833ms (cache miss)
2556 http fetch GET 200 https://registry.npmjs.org/@babel/compat-data/-/compat-data-7.29.0.tgz 14878ms (cache miss)
2557 http fetch GET 200 https://registry.npmjs.org/acorn/-/acorn-8.15.0.tgz 14946ms (cache miss)
2558 http fetch GET 200 https://registry.npmjs.org/zod-validation-error/-/zod-validation-error-4.0.2.tgz 14987ms (cache miss)
2559 http fetch GET 200 https://registry.npmjs.org/typescript-eslint/-/typescript-eslint-8.55.0.tgz 14979ms (cache miss)
2560 http fetch GET 200 https://registry.npmjs.org/eslint-scope/-/eslint-scope-8.4.0.tgz 16257ms (cache miss)
2561 http fetch GET 200 https://registry.npmjs.org/hermes-estree/-/hermes-estree-0.25.1.tgz 17659ms (cache miss)
2562 http fetch GET 200 https://registry.npmjs.org/magic-string/-/magic-string-0.30.21.tgz 18903ms (cache miss)
2563 http fetch GET 200 https://registry.npmjs.org/any-promise/-/any-promise-1.3.0.tgz 20120ms (cache miss)
2564 http fetch GET 200 https://registry.npmjs.org/csstype/-/csstype-3.2.3.tgz 20288ms (cache miss)
2565 http fetch GET 200 https://registry.npmjs.org/@babel/helper-module-transforms/-/helper-module-transforms-7.28.6.tgz 21500ms (cache miss)
2566 http fetch GET 200 https://registry.npmjs.org/source-map-js/-/source-map-js-1.2.1.tgz 21502ms (cache miss)
2567 http fetch GET 200 https://registry.npmjs.org/@babel/template/-/template-7.28.6.tgz 22172ms (cache miss)
2568 http fetch GET 200 https://registry.npmjs.org/@types/react/-/react-19.2.14.tgz 22159ms (cache miss)
2569 http fetch GET 200 https://registry.npmjs.org/lightningcss/-/lightningcss-1.30.2.tgz 22415ms (cache miss)
2570 http fetch GET 200 https://registry.npmjs.org/fraction.js/-/fraction.js-5.3.4.tgz 22524ms (cache miss)
2571 http fetch GET 200 https://registry.npmjs.org/@nodelib/fs.scandir/-/fs.scandir-2.1.5.tgz 22695ms (cache miss)
2572 http fetch GET 200 https://registry.npmjs.org/json5/-/json5-2.2.3.tgz 22656ms (cache miss)
2573 http fetch GET 200 https://registry.npmjs.org/@eslint/config-array/-/config-array-0.21.1.tgz 22693ms (cache miss)
2574 http fetch GET 200 https://registry.npmjs.org/esquery/-/esquery-1.7.0.tgz 22719ms (cache miss)
2575 http fetch GET 200 https://registry.npmjs.org/@nodelib/fs.walk/-/fs.walk-1.2.8.tgz 23514ms (cache miss)
2576 http fetch GET 200 https://registry.npmjs.org/@jridgewell/sourcemap-codec/-/sourcemap-codec-1.5.5.tgz 25258ms (cache miss)
2577 http fetch GET 200 https://registry.npmjs.org/react/-/react-19.2.4.tgz 25253ms (cache miss)
2578 http fetch GET 200 https://registry.npmjs.org/@babel/parser/-/parser-7.29.0.tgz 26286ms (cache miss)
2579 http fetch GET 200 https://registry.npmjs.org/react-toastify/-/react-toastify-11.0.5.tgz 26367ms (cache miss)
2580 http fetch GET 200 https://registry.npmjs.org/undici-types/-/undici-types-7.16.0.tgz 26750ms (cache miss)
2581 http fetch GET 200 https://registry.npmjs.org/@jridgewell/gen-mapping/-/gen-mapping-0.3.13.tgz 27260ms (cache miss)
2582 http fetch GET 200 https://registry.npmjs.org/@jridgewell/remapping/-/remapping-2.3.5.tgz 27531ms (cache miss)
2583 http fetch GET 200 https://registry.npmjs.org/jiti/-/jiti-2.6.1.tgz 27731ms (cache miss)
2584 http fetch GET 200 https://registry.npmjs.org/@typescript-eslint/type-utils/-/type-utils-8.55.0.tgz 27870ms (cache miss)
2585 http fetch GET 200 https://registry.npmjs.org/js-yaml/-/js-yaml-4.1.1.tgz 27833ms (cache miss)
2586 http fetch GET 200 https://registry.npmjs.org/jiti/-/jiti-1.21.7.tgz 27790ms (cache miss)
2587 http fetch GET 200 https://registry.npmjs.org/postcss-selector-parser/-/postcss-selector-parser-6.1.2.tgz 27885ms (cache miss)
2588 http fetch GET 200 https://registry.npmjs.org/@eslint/eslintrc/-/eslintrc-3.3.3.tgz 27891ms (cache miss)
2589 http fetch GET 200 https://registry.npmjs.org/@tailwindcss/oxide-win32-x64-msvc/-/oxide-win32-x64-msvc-4.1.18.tgz 27896ms (cache miss)
2590 http fetch GET 200 https://registry.npmjs.org/tailwindcss/-/tailwindcss-4.1.18.tgz 27884ms (cache miss)
2591 http fetch GET 200 https://registry.npmjs.org/tailwindcss/-/tailwindcss-4.1.18.tgz 27888ms (cache miss)
2592 http fetch GET 200 https://registry.npmjs.org/@jridgewell/trace-mapping/-/trace-mapping-0.3.31.tgz 29143ms (cache miss)
2593 http fetch GET 200 https://registry.npmjs.org/semver/-/semver-7.7.4.tgz 29498ms (cache miss)
2594 http fetch GET 200 https://registry.npmjs.org/eslint-plugin-react-hooks/-/eslint-plugin-react-hooks-7.0.1.tgz 31809ms (cache miss)
2595 http fetch GET 200 https://registry.npmjs.org/@typescript-eslint/utils/-/utils-8.55.0.tgz 32181ms (cache miss)
2596 http fetch GET 200 https://registry.npmjs.org/enhanced-resolve/-/enhanced-resolve-5.19.0.tgz 33189ms (cache miss)
2597 http fetch GET 200 https://registry.npmjs.org/postcss/-/postcss-8.5.6.tgz 33200ms (cache miss)
2598 http fetch GET 200 https://registry.npmjs.org/@babel/generator/-/generator-7.29.1.tgz 33238ms (cache miss)
2599 http fetch GET 200 https://registry.npmjs.org/hermes-parser/-/hermes-parser-0.25.1.tgz 34633ms (cache miss)
2600 http fetch GET 200 https://registry.npmjs.org/fast-glob/-/fast-glob-3.3.3.tgz 36114ms (cache miss)
2601 http fetch GET 200 https://registry.npmjs.org/uri-js/-/uri-js-4.4.1.tgz 36104ms (cache miss)
2602 http fetch GET 200 https://registry.npmjs.org/@typescript-eslint/typescript-estree/-/typescript-estree-8.55.0.tgz 36279ms (cache miss)
2603 http fetch GET 200 https://registry.npmjs.org/vite/-/vite-7.3.1.tgz 37447ms (cache miss)
2604 http fetch GET 200 https://registry.npmjs.org/minimatch/-/minimatch-9.0.5.tgz 37467ms (cache miss)
2605 http fetch GET 200 https://registry.npmjs.org/@types/node/-/node-24.10.13.tgz 37775ms (cache miss)
2606 http fetch GET 200 https://registry.npmjs.org/@babel/traverse/-/traverse-7.29.0.tgz 37819ms (cache miss)
2607 http fetch GET 200 https://registry.npmjs.org/@esbuild/win32-x64/-/win32-x64-0.27.3.tgz 37963ms (cache miss)
2608 http fetch GET 200 https://registry.npmjs.org/autoprefixer/-/autoprefixer-10.4.24.tgz 39242ms (cache miss)
2609 http fetch GET 200 https://registry.npmjs.org/lightningcss-win32-x64-msvc/-/lightningcss-win32-x64-msvc-1.30.2.tgz 39305ms (cache miss)
2610 http fetch GET 200 https://registry.npmjs.org/react-dom/-/react-dom-19.2.4.tgz 39407ms (cache miss)
2611 http fetch GET 200 https://registry.npmjs.org/ajv/-/ajv-6.12.6.tgz 39461ms (cache miss)
2612 http fetch GET 200 https://registry.npmjs.org/resolve/-/resolve-1.22.11.tgz 39505ms (cache miss)
2613 http fetch GET 200 https://registry.npmjs.org/react-router/-/react-router-7.13.0.tgz 39613ms (cache miss)
2614 http fetch GET 200 https://registry.npmjs.org/@babel/core/-/core-7.29.0.tgz 40189ms (cache miss)
2615 http fetch GET 200 https://registry.npmjs.org/@babel/types/-/types-7.29.0.tgz 40641ms (cache miss)
2616 http fetch GET 200 https://registry.npmjs.org/sucrase/-/sucrase-3.35.1.tgz 40776ms (cache miss)
2617 http fetch GET 200 https://registry.npmjs.org/@babel/helpers/-/helpers-7.28.6.tgz 40846ms (cache miss)
2618 http fetch GET 200 https://registry.npmjs.org/tailwindcss/-/tailwindcss-3.4.19.tgz 40899ms (cache miss)
2619 http fetch GET 200 https://registry.npmjs.org/typescript/-/typescript-5.9.3.tgz 40960ms (cache miss)
2620 http fetch GET 200 https://registry.npmjs.org/@typescript-eslint/scope-manager/-/scope-manager-8.55.0.tgz 41118ms (cache miss)
2621 http fetch GET 200 https://registry.npmjs.org/eslint/-/eslint-9.39.2.tgz 42895ms (cache miss)
2622 http fetch GET 200 https://registry.npmjs.org/@typescript-eslint/eslint-plugin/-/eslint-plugin-8.55.0.tgz 43031ms (cache miss)
2623 http fetch GET 200 https://registry.npmjs.org/zod/-/zod-4.3.6.tgz 60619ms (cache miss)
2624 http fetch GET 200 https://registry.npmjs.org/caniuse-lite/-/caniuse-lite-1.0.30001769.tgz 62765ms (cache miss)
2625 info run esbuild@0.27.3 postinstall node_modules/esbuild node install.js
2626 info run esbuild@0.27.3 postinstall { code: 0, signal: null }
2627 silly ADD node_modules/isexe
2628 silly ADD node_modules/@rollup/rollup-win32-x64-msvc
2629 silly ADD node_modules/@rollup/rollup-win32-x64-gnu
2630 silly ADD node_modules/@esbuild/win32-x64
2631 silly ADD node_modules/rollup
2632 silly ADD node_modules/esbuild
2633 silly ADD node_modules/punycode
2634 silly ADD node_modules/escalade
2635 silly ADD node_modules/@typescript-eslint/tsconfig-utils
2636 silly ADD node_modules/@typescript-eslint/project-service
2637 silly ADD node_modules/@typescript-eslint/types
2638 silly ADD node_modules/ts-api-utils
2639 silly ADD node_modules/@typescript-eslint/visitor-keys
2640 silly ADD node_modules/@typescript-eslint/type-utils
2641 silly ADD node_modules/@typescript-eslint/scope-manager
2642 silly ADD node_modules/@typescript-eslint/utils
2643 silly ADD node_modules/@typescript-eslint/typescript-estree
2644 silly ADD node_modules/@typescript-eslint/typescript-estree/node_modules/brace-expansion
2645 silly ADD node_modules/@typescript-eslint/typescript-estree/node_modules/semver
2646 silly ADD node_modules/@typescript-eslint/typescript-estree/node_modules/minimatch
2647 silly ADD node_modules/@typescript-eslint/parser
2648 silly ADD node_modules/@typescript-eslint/eslint-plugin
2649 silly ADD node_modules/@typescript-eslint/eslint-plugin/node_modules/ignore
2650 silly ADD node_modules/is-number
2651 silly ADD node_modules/thenify
2652 silly ADD node_modules/thenify-all
2653 silly ADD node_modules/object-assign
2654 silly ADD node_modules/any-promise
2655 silly ADD node_modules/ts-interface-checker
2656 silly ADD node_modules/tinyglobby
2657 silly ADD node_modules/tinyglobby/node_modules/picomatch
2658 silly ADD node_modules/tinyglobby/node_modules/fdir
2659 silly ADD node_modules/pirates
2660 silly ADD node_modules/mz
2661 silly ADD node_modules/lines-and-columns
2662 silly ADD node_modules/commander
2663 silly ADD node_modules/queue-microtask
2664 silly ADD node_modules/function-bind
2665 silly ADD node_modules/hasown
2666 silly ADD node_modules/supports-preserve-symlinks-flag
2667 silly ADD node_modules/path-parse
2668 silly ADD node_modules/is-core-module
2669 silly ADD node_modules/pify
2670 silly ADD node_modules/util-deprecate
2671 silly ADD node_modules/cssesc
2672 silly ADD node_modules/camelcase-css
2673 silly ADD node_modules/read-cache
2674 silly ADD node_modules/binary-extensions
2675 silly ADD node_modules/to-regex-range
2676 silly ADD node_modules/reusify
2677 silly ADD node_modules/run-parallel
2678 silly ADD node_modules/fastq
2679 silly ADD node_modules/@nodelib/fs.scandir
2680 silly ADD node_modules/merge2
2681 silly ADD node_modules/@nodelib/fs.walk
2682 silly ADD node_modules/@nodelib/fs.stat
2683 silly ADD node_modules/fill-range
2684 silly ADD node_modules/picomatch
2685 silly ADD node_modules/readdirp
2686 silly ADD node_modules/is-binary-path
2687 silly ADD node_modules/braces
2688 silly ADD node_modules/anymatch
2689 silly ADD node_modules/sucrase
2690 silly ADD node_modules/resolve
2691 silly ADD node_modules/postcss-selector-parser
2692 silly ADD node_modules/postcss-nested
2693 silly ADD node_modules/postcss-load-config
2694 silly ADD node_modules/postcss-js
2695 silly ADD node_modules/postcss-import
2696 silly ADD node_modules/object-hash
2697 silly ADD node_modules/normalize-path
2698 silly ADD node_modules/micromatch
2699 silly ADD node_modules/lilconfig
2700 silly ADD node_modules/fast-glob
2701 silly ADD node_modules/fast-glob/node_modules/glob-parent
2702 silly ADD node_modules/dlv
2703 silly ADD node_modules/didyoumean
2704 silly ADD node_modules/chokidar
2705 silly ADD node_modules/chokidar/node_modules/glob-parent
2706 silly ADD node_modules/arg
2707 silly ADD node_modules/@alloc/quick-lru
2708 silly ADD node_modules/has-flag
2709 silly ADD node_modules/shebang-regex
2710 silly ADD node_modules/clsx
2711 silly ADD node_modules/set-cookie-parser
2712 silly ADD node_modules/cookie
2713 silly ADD node_modules/react-router
2714 silly ADD node_modules/scheduler
2715 silly ADD node_modules/nanoid
2716 silly ADD node_modules/callsites
2717 silly ADD node_modules/yocto-queue
2718 silly ADD node_modules/p-limit
2719 silly ADD node_modules/word-wrap
2720 silly ADD node_modules/fast-levenshtein
2721 silly ADD node_modules/deep-is
2722 silly ADD node_modules/concat-map
2723 silly ADD node_modules/balanced-match
2724 silly ADD node_modules/brace-expansion
2725 silly ADD node_modules/yallist
2726 silly ADD node_modules/p-locate
2727 silly ADD node_modules/lightningcss-win32-x64-msvc
2728 silly ADD node_modules/detect-libc
2729 silly ADD node_modules/type-check
2730 silly ADD node_modules/prelude-ls
2731 silly ADD node_modules/json-buffer
2732 silly ADD node_modules/argparse
2733 silly ADD node_modules/is-extglob
2734 silly ADD node_modules/resolve-from
2735 silly ADD node_modules/parent-module
2736 silly ADD node_modules/hermes-estree
2737 silly ADD node_modules/keyv
2738 silly ADD node_modules/flatted
2739 silly ADD node_modules/path-exists
2740 silly ADD node_modules/locate-path
2741 silly ADD node_modules/flat-cache
2742 silly ADD node_modules/acorn-jsx
2743 silly ADD node_modules/acorn
2744 silly ADD node_modules/estraverse
2745 silly ADD node_modules/esrecurse
2746 silly ADD node_modules/zod-validation-error
2747 silly ADD node_modules/zod
2748 silly ADD node_modules/hermes-parser
2749 silly ADD node_modules/which
2750 silly ADD node_modules/shebang-command
2751 silly ADD node_modules/path-key
2752 silly ADD node_modules/color-name
2753 silly ADD node_modules/color-convert
2754 silly ADD node_modules/supports-color
2755 silly ADD node_modules/ansi-styles
2756 silly ADD node_modules/uri-js
2757 silly ADD node_modules/json-schema-traverse
2758 silly ADD node_modules/fast-json-stable-stringify
2759 silly ADD node_modules/@humanfs/core
2760 silly ADD node_modules/levn
2761 silly ADD node_modules/strip-json-comments
2762 silly ADD node_modules/js-yaml
2763 silly ADD node_modules/import-fresh
2764 silly ADD node_modules/@types/json-schema
2765 silly ADD node_modules/@eslint/object-schema
2766 silly ADD node_modules/optionator
2767 silly ADD node_modules/natural-compare
2768 silly ADD node_modules/minimatch
2769 silly ADD node_modules/lodash.merge
2770 silly ADD node_modules/json-stable-stringify-without-jsonify
2771 silly ADD node_modules/is-glob
2772 silly ADD node_modules/imurmurhash
2773 silly ADD node_modules/ignore
2774 silly ADD node_modules/glob-parent
2775 silly ADD node_modules/find-up
2776 silly ADD node_modules/file-entry-cache
2777 silly ADD node_modules/fast-deep-equal
2778 silly ADD node_modules/esutils
2779 silly ADD node_modules/esquery
2780 silly ADD node_modules/espree
2781 silly ADD node_modules/eslint-visitor-keys
2782 silly ADD node_modules/eslint-scope
2783 silly ADD node_modules/escape-string-regexp
2784 silly ADD node_modules/cross-spawn
2785 silly ADD node_modules/chalk
2786 silly ADD node_modules/ajv
2787 silly ADD node_modules/@types/estree
2788 silly ADD node_modules/@humanwhocodes/retry
2789 silly ADD node_modules/@humanwhocodes/module-importer
2790 silly ADD node_modules/@humanfs/node
2791 silly ADD node_modules/@eslint/plugin-kit
2792 silly ADD node_modules/@eslint/eslintrc
2793 silly ADD node_modules/@eslint/eslintrc/node_modules/globals
2794 silly ADD node_modules/@eslint/core
2795 silly ADD node_modules/@eslint/config-helpers
2796 silly ADD node_modules/@eslint/config-array
2797 silly ADD node_modules/@eslint-community/regexpp
2798 silly ADD node_modules/@eslint-community/eslint-utils
2799 silly ADD node_modules/@eslint-community/eslint-utils/node_modules/eslint-visitor-keys
2800 silly ADD node_modules/tapable
2801 silly ADD node_modules/graceful-fs
2802 silly ADD node_modules/ms
2803 silly ADD node_modules/update-browserslist-db
2804 silly ADD node_modules/node-releases
2805 silly ADD node_modules/electron-to-chromium
2806 silly ADD node_modules/baseline-browser-mapping
2807 silly ADD node_modules/postcss-value-parser
2808 silly ADD node_modules/fraction.js
2809 silly ADD node_modules/caniuse-lite
2810 silly ADD node_modules/@types/babel__traverse
2811 silly ADD node_modules/@types/babel__template
2812 silly ADD node_modules/@types/babel__generator
2813 silly ADD node_modules/@babel/helper-string-parser
2814 silly ADD node_modules/@babel/helper-globals
2815 silly ADD node_modules/@babel/helper-plugin-utils
2816 silly ADD node_modules/@babel/helper-module-imports
2817 silly ADD node_modules/lru-cache
2818 silly ADD node_modules/browserslist
2819 silly ADD node_modules/@babel/helper-validator-option
2820 silly ADD node_modules/@babel/compat-data
2821 silly ADD node_modules/jsesc
2822 silly ADD node_modules/picocolors
2823 silly ADD node_modules/js-tokens
2824 silly ADD node_modules/@babel/helper-validator-identifier
2825 silly ADD node_modules/semver
2826 silly ADD node_modules/json5
2827 silly ADD node_modules/gensync
2828 silly ADD node_modules/debug
2829 silly ADD node_modules/convert-source-map
2830 silly ADD node_modules/@babel/types
2831 silly ADD node_modules/@babel/traverse
2832 silly ADD node_modules/@babel/template
2833 silly ADD node_modules/@babel/parser
2834 silly ADD node_modules/@babel/helpers
2835 silly ADD node_modules/@babel/helper-module-transforms
2836 silly ADD node_modules/@babel/helper-compilation-targets
2837 silly ADD node_modules/@babel/generator
2838 silly ADD node_modules/@babel/code-frame
2839 silly ADD node_modules/react-refresh
2840 silly ADD node_modules/@types/babel__core
2841 silly ADD node_modules/@rolldown/pluginutils
2842 silly ADD node_modules/@babel/plugin-transform-react-jsx-source
2843 silly ADD node_modules/@babel/plugin-transform-react-jsx-self
2844 silly ADD node_modules/@babel/core
2845 silly ADD node_modules/csstype
2846 silly ADD node_modules/undici-types
2847 silly ADD node_modules/@tailwindcss/oxide-win32-x64-msvc
2848 silly ADD node_modules/@jridgewell/resolve-uri
2849 silly ADD node_modules/@jridgewell/sourcemap-codec
2850 silly ADD node_modules/@jridgewell/trace-mapping
2851 silly ADD node_modules/@jridgewell/gen-mapping
2852 silly ADD node_modules/source-map-js
2853 silly ADD node_modules/magic-string
2854 silly ADD node_modules/lightningcss
2855 silly ADD node_modules/jiti
2856 silly ADD node_modules/enhanced-resolve
2857 silly ADD node_modules/@jridgewell/remapping
2858 silly ADD node_modules/@tailwindcss/oxide
2859 silly ADD node_modules/@tailwindcss/node
2860 silly ADD node_modules/@tailwindcss/node/node_modules/tailwindcss
2861 silly ADD node_modules/typescript-eslint
2862 silly ADD node_modules/typescript
2863 silly ADD node_modules/tailwindcss
2864 silly ADD node_modules/tailwindcss/node_modules/jiti
2865 silly ADD node_modules/react-toastify
2866 silly ADD node_modules/react-router-dom
2867 silly ADD node_modules/react-icons
2868 silly ADD node_modules/react-dom
2869 silly ADD node_modules/react
2870 silly ADD node_modules/postcss
2871 silly ADD node_modules/globals
2872 silly ADD node_modules/eslint-plugin-react-refresh
2873 silly ADD node_modules/eslint-plugin-react-hooks
2874 silly ADD node_modules/eslint
2875 silly ADD node_modules/autoprefixer
2876 silly ADD node_modules/@vitejs/plugin-react
2877 silly ADD node_modules/@types/react-dom
2878 silly ADD node_modules/@types/react
2879 silly ADD node_modules/@types/node
2880 silly ADD node_modules/vite
2881 silly ADD node_modules/vite/node_modules/picomatch
2882 silly ADD node_modules/vite/node_modules/fdir
2883 silly ADD node_modules/@tailwindcss/vite
2884 silly ADD node_modules/@tailwindcss/vite/node_modules/tailwindcss
2885 silly ADD node_modules/@eslint/js
2886 verbose cwd C:\Users\Juan David\TiendaVirtual\tiendavirtual
2887 verbose os Windows_NT 10.0.26200
2888 verbose node v24.11.1
2889 verbose npm  v11.10.0
2890 verbose exit 0
2891 info ok
